-- phpMyAdmin SQL Dump
-- version 5.2.2
-- https://www.phpmyadmin.net/
--
-- ูุถูู: 127.0.0.1:3306
-- ููุช ุงูุฌูู: 16 ุฃุบุณุทุณ 2025 ุงูุณุงุนุฉ 02:04
-- ุฅุตุฏุงุฑ ุงูุฎุงุฏู: 10.11.10-MariaDB-log
-- ูุณุฎุฉ PHP: 7.2.34

SET SQL_MODE = "NO_AUTO_VALUE_ON_ZERO";
START TRANSACTION;
SET time_zone = "+00:00";


/*!40101 SET @OLD_CHARACTER_SET_CLIENT=@@CHARACTER_SET_CLIENT */;
/*!40101 SET @OLD_CHARACTER_SET_RESULTS=@@CHARACTER_SET_RESULTS */;
/*!40101 SET @OLD_COLLATION_CONNECTION=@@COLLATION_CONNECTION */;
/*!40101 SET NAMES utf8mb4 */;

--
-- ูุงุนุฏุฉ ุจูุงูุงุช: `u458742541_injaz`
--

-- --------------------------------------------------------

--
-- ุจููุฉ ุงูุฌุฏูู `clients`
--

CREATE TABLE `clients` (
  `client_id` int(11) NOT NULL,
  `company_name` varchar(255) NOT NULL,
  `contact_person` varchar(255) DEFAULT NULL,
  `phone` varchar(20) DEFAULT NULL,
  `email` varchar(100) DEFAULT NULL
) ENGINE=InnoDB DEFAULT CHARSET=utf8mb4 COLLATE=utf8mb4_general_ci;

--
-- ุฅุฑุฌุงุน ุฃู ุงุณุชูุฑุงุฏ ุจูุงูุงุช ุงูุฌุฏูู `clients`
--

INSERT INTO `clients` (`client_id`, `company_name`, `contact_person`, `phone`, `email`) VALUES
(1, 'ุฃุญูุฏ', NULL, '0551234567', ''),
(2, 'ุณุงุฑุฉ', NULL, '0562345678', ''),
(3, 'ุดุฑูุฉ ุงูุจูุงู', NULL, '0573456789', ''),
(5, 'ููู', NULL, '0595678901', ''),
(6, 'ุนุจุฏุงููู', NULL, '0506789012', ''),
(14, 'ุชููุง', 'ุฎุงูุฏ', '009889', NULL),
(16, 'ุนูุฑุงู', 'ุนุจุฏุงูุณูุงู', '0544592410', NULL),
(17, 'ูุฑูู', 'ูุฑูุงู', '0544592410', ''),
(18, 'ูุณูุงุช ุงูุฃุฑูุฌ', 'ุฑูุฒู ุงูุนุงูุฑู', '0539433992', ''),
(19, 'ุตูุฑ ุงูุณุฑูุงุช', 'ุนุจุฏุงูุณูุงู', '0544592410', NULL),
(20, 'ุงุจู ุงุญูุฏ', 'ุงุจู ุงุญูุฏ', '0550033412', ''),
(21, 'ูุญู ุฑูุงุถุฉ ุงูุจุฑูุณ ููุฑูุงุถุฉ', 'ุนูุงุฏ', '0506462947', NULL),
(22, 'ููุงูุฉ ููุฏูุจ ุงุจู ุฎุงูุฏ', 'ุงุจู ุฎุงูุฏ', '0502825727', NULL),
(23, ' ููุงูุฉ ุงุฌูุงุฏ ุงููุฏููุฉ', 'ุงุฌูุงุฏ ุงููุฏููุฉ ', '0582727717', NULL),
(24, 'ุงูุชุฎุตุตู ุจุฏุฑ', 'ุจุฏุฑ ููุญุงุช ุงูููุฑูุณ ูุน ุงูุงุณุชูุฑ', '0557591733', ''),
(25, 'ุดูุณูุจู', 'ู', '0552921512', NULL),
(26, 'ุงูุฌุงุฒ ุงููููุฑุฉ', '1', '0552921512', NULL),
(27, 'ุฑูุงุฏ ุงูุงุนูุงู ', 'ูุญูู ', '0553984291', NULL),
(28, 'ุชูููู', '', '0552921512', NULL),
(29, 'ุตุงูุงุช ุงูุงุนูุงู', 'ูุญููุฏ', '0501084957', NULL),
(30, 'ููุงูุฉ ุงูููุตู', 'ุงุจูุจูุฑ ุญุงุชู', '0546267130', NULL),
(31, 'ูุงุนุฉ ุงูุชุฑุงูุช ููุงุญุชูุงูุงุช', 'ุงููู ุฒูู', '0507940300', NULL),
(32, 'ููุงูุฉ ุงููุงู ุทูุจุฉ', 'ุงุจู ุตุงูุญ', '0595350808', NULL),
(33, 'ูุทุงุจุน ุงููุงููุณ', 'ุนูู ', '0543397970', NULL),
(34, 'ููุงูุฉ ุฒูุงูุง ุงููููุฑุฉ ', 'ุงุจู ุงุฏู ', '0509813285', NULL),
(35, 'ุงููู ุงููุงูู', 'ุงุจู ุฎุงูุฏ ', '0551013627', NULL),
(36, 'ููุงูุฉ ุงูุชูุงูู', 'ุงุจู ุฎุงูุฏ ', '0534541154', ''),
(37, 'ููุงูุฉ ุงููุงู ุงูุณุญุงุจ ููุฏุนุงูุฉ ูุงูุงุนูุงู', 'ุงููุงู ุงูุณุญุงุจ ', '0549937970', NULL),
(38, 'ููุงูุฉ ูููู ุงููุฌุฏ', 'ุงููุตูู', '0540332169', NULL),
(39, 'ููุงูู ุงููุงูุฑ', 'ุญูุฏู', '0558253275', NULL),
(40, 'ุดุฑูุฉ ูุฑุฒ ', 'ุดุฑูุฉ ูุฑุฒ ', '0558209288', NULL),
(41, 'ุจุดุงูุฑ', 'ุจุดุงูุฑ ', '0550748000', NULL),
(42, 'ููุงูุฉ ุทูุจุฉ ', 'ุงุจู ุนูุฑ', '0503335057', ''),
(43, 'ููุงูุฉ ูุฑุญ ุงูุงูุงุฆู ููุฏุนุงูุฉ ', 'ุฎุงูุฏ', '0548282674', NULL),
(44, 'ููุงูุฉ ููุฏูุจ ', 'ุงุญูุฏ ุงูุฎุทูุจ ', '0592791201', NULL),
(45, 'ุฌููุฏ ููู', 'ุญุณู', '0593623553', NULL),
(46, 'ุดุฑูุฉ ุงูุชุฑุจุฉ', 'ุนุจุฏุงูุญููุฏ', '0550876358', NULL),
(47, 'ูุชุฌุฑ ุงููุฑูุฏุฉ ', 'ุงููุฑูุฏุฉ', '0503969076', NULL),
(48, 'ุญุณููู', 'ุญุณููู', '0557437610', NULL),
(49, 'ุชุฌูุน ุงููุฏููุฉ ', 'ุงููููุฏุณ ุนุจุฏุงููุฌูุฏ ุจุฑูุงุช', '0568765564', NULL),
(50, 'ููุงูู ุงููุงูุฑ', 'ุญูุฏู', '0558253275', NULL),
(51, 'ูููุฑ ููุตูุฑ', 'ูููุฑ ููุตูุฑ', '0594846688', NULL),
(52, 'ูุคุณุณุฉ ุจุฑูู ุงููุณุชูุจู ', 'ูุงุดู ุฑุงุดุฏ ', '0547600813', NULL),
(53, 'ุญุฑุงูุฑ ', 'ุงุจูุจูุฑ', '0591480224', NULL),
(54, 'ููุงูุฉ ุงุฌูุงุฏ ุงููุฏููุฉ ููุฏุนุงูุฉ', 'ุงุจู ููุฏ', '0540990969', NULL),
(55, 'ุชุทุฑูุฒ ุจุฑู ุณูู ', 'ูุญูุฏ ุณุนูุฏ', '0567779496', NULL),
(56, 'ูููู', 'ุนุจุฏ ุงูุบูู ', '0544148750', NULL),
(57, 'ุดุฑูุฉ ุตุญ ูููุญุงุช ุงูุงุนูุงููุฉ ', 'ุดุฑูุฉ ุตุญ ', '0565479198', NULL),
(58, 'ูุงุณูู ุงูุดุฑูู', 'ูุงุณูู ุงูุดุฑูู', '0500990957', NULL),
(59, 'ููููููุฑู ุจูุงุณ ', 'ููููููุฑู ุจูุงุณ ', '0564260141', NULL),
(60, 'ุฑูุงุฆุน ุงูุงููุงุฑ ', 'ููุฏูุจ ุงููู ุงูุจุงุฑ ', '0506320898', NULL),
(61, 'ููุญุชู ุงุฌูู', 'ุชูููู', '0544667029', NULL),
(62, 'ููุฏูุจ ุงุญูุฏ ุงูุฎุทูุจ ', 'ุงุญูุฏ ุงูุฎุทูุจ ', '0592791201', NULL),
(63, 'ุงูุชุงุฑ ููุญูุงุฌ ุงูุทุจู ', 'ุญุณูู ุงูููููู', '0542539596', NULL),
(64, 'ุฎุงูุฏ ุงูุฑุดูุฏู ', 'ุฎุงูุฏ ุงูุฑุดูุฏู ', '0552377539', NULL),
(65, 'ูุฑุญ ูุนูู', 'ูุนูู', '0555306263', NULL),
(66, 'ููุชุจุฉ ุฌูู ุงููุณุชูุจู', 'ุนุจุฏุงููู', '0549845037', NULL),
(67, 'ููุงูุฉ ุงููุงูุฑ', 'ุญูุฏู', '0558253275', NULL),
(68, 'ุจุฏูุฑ ุงูุญุฑุจูยุนููุฉ', 'ุจุฏูุฑ ุงูุญุฑุจูยุนููุฉ', '0530420109', NULL),
(69, 'ููู ุตุญ ', 'ุจูุงุฑ ', '0544790441', NULL),
(70, 'ููุตู ุงูุญุฑุจู', 'ููุตู ุงูุญุฑุจู', '0566800822', NULL),
(71, 'ูุทุจุนุฉ ุงูุณูุณุฉ ', 'ุนูู ูุฑุงุณ ', '0556112449', NULL),
(72, 'ููุตู ุจุงุณุนุฏ', 'ููุตู ุจุงุณุนุฏ', '0561833014', NULL),
(73, 'ููุงูุฉ ุงุถุงุกุงุช ', 'ุงุจู ุนูุฑ', '0541880054', NULL),
(74, 'ุดุฑูุฉ ููู ุฏุฑุงูู ', 'ุงุญูุฏ ุงูุญุฑุจู', '0533902593', NULL),
(75, 'ูุงุฏู ุงุญุฏ ', 'ุงุจู ุงุญูุฏ ', '0583758823', NULL),
(76, 'ููุชุจุฉ ุฎูู ', 'ุงุจู ุฌูุฏ ุนุจุฏุงููู ', '0509330302', NULL),
(77, 'ุดุฑูุฉ ุชููุฒ ', 'ุงุญูุฏ ุฑุถุง ', '0502930697', NULL),
(78, 'ุงูุฏูุชูุฑ ุนุจุฏุงููู ุงูุถุจูุจู', 'ุนุจุฏุงููู ุงูุถุจูุจู', '0504637837', NULL),
(79, 'ูุคุณุณุฉ ูุฑุฏ ุฏุงุฑู', 'ุงุจู ุซุงูุฑ', '0549249097', NULL),
(80, 'ุฌูุนูุฉ ุงุตุฏูุงุก ุดุฌุฑุฉ ุงููุฎูู ', 'ุงุญูุฏ ', '0596111818', NULL),
(81, 'ุงูููุจุฉ ุงูุนุฑุจูุฉ ุงูุนูุงู', 'ููุณู', '0508002350', NULL),
(82, 'ููุงูููููุฉ ูููู ุงููุฌุฏ', 'ุนุจุฏุงูุบูู', '0544148750', NULL),
(83, 'ุนุจุฏุงููู  ุงูุญุณููู', 'ุนุจุฏุงููู ', '0580034565', NULL),
(84, 'ุงุจู ูุฒูุฏ', 'ุงุจู ูุฒูุฏ', '0566836625', NULL),
(85, 'ุนุจุฏ ุงูุฑุญูู ุงูุนุฑูู', 'ุนุจุฏุงูุฑุญูู ', '0503339338', NULL),
(86, 'ููุงูุฉ ุงูุชูุงูู', 'ุงุจู ุฎุงูุฏ ', '0534541154', NULL),
(87, 'ุจุดุงูุฑ ุงูุงุญูุฏู', 'ุจุดุงูุฑ  ุงูุงุญูุฏู', '0550748000', NULL),
(88, 'ููุงูุฉ ุงููุงู ุงูุฑุคูุฉ ', 'ุนุจุฏ ุงููู ุงูุฒูุงู ', '0590230198', NULL),
(89, 'ุจุฏูุฑ ุงูุญุฑุจู', 'ุจุฏูุฑ ', '0530420109', NULL),
(90, 'ูุชูุณุทุฉ ุงุจู ูุดุงู ', 'ุงุจู ูุจุฑุงุณ', '0505306121', NULL),
(91, 'ุดุฑูุฉ ุงุญูุฏ ุฏูุฑุดุงูู ', 'ุงููููุฏุณ ุนูุงุฑ ููุฑ ', '0566819140', NULL),
(92, 'ููุชุจุฉ ุจุงุฒุงุฑ ุงููุนุฑูุฉ ', 'ุงุณุงูุฉ ', '0583420235', NULL),
(93, 'ููุงูุฉ ุงูููุตูููููููููููู', 'ุงุจูุตุงูุญ', '0583830838', NULL),
(94, 'ููุงูุฉ ุญุฑูู ุงูุงุดุฑุงู ', 'ุงุจู ุนุจุฏุงูุฑุญูู ', '0509987727', NULL),
(95, 'ููุงูุฉ ุงูุทูู ', 'ุงููู ', '0581136276', NULL),
(96, 'ููุงูุฉ ููุฏูุจ ุงุญูุฏ', 'ุงุญูุฏ ุงููู ', '0531209168', NULL),
(97, 'ูุฌูุน ุงูุฏูุชูุฑ ุนุฒุงู', 'ูุญูุฏ ุณุนูุฏ ', '0580136934', NULL),
(98, 'ูุญูุฏ - ุฎุฏูุฌุฉ -', 'ูุญูุฏ ', '0533430840', NULL),
(99, 'ููุงูุฉ ูููู ุงููุงุฏู ', 'ุนุตุงู', '0502195194', NULL),
(100, 'ูุนูุฏ ูููููุฑ ุงุชู ', 'ูุญููุฏ ', '0508219125', NULL),
(101, 'ุงุจู ุญุณู ุณูู', '', '0583385179', NULL),
(102, 'ููุงูุฉ ุงููุงู', 'ุนุจูุฏุฉ ', '0597767731', NULL),
(103, 'ุงูุนููุฏ', 'ุงูุนููุฏ', '0538467334', NULL),
(104, 'ุจุตูุฉ ุญุฑูู ', 'ุญุณู', '0598196047', NULL),
(105, 'ุฏุงุฑ ุงูุญุฌุงุฒ', 'ุตููุงู', '0504344050', NULL),
(106, 'ุงุจู ุนุจุฏุงูุนุฒูุฒ ', 'ุงุจู ุนุจุฏุงูุนุฒูุฒ', '0551204094', NULL),
(107, 'ูุทุงุจุน ุงูููููููุงููุณ', 'ูุนุชุตู ', '0567498174', NULL),
(108, 'ูุคุณุณุฉ ููุงุฑ ูุงู ', 'ุนุงุทู ูุญุงุณ ', '0547728666', NULL),
(109, 'ูุคุณุณุฉ ูุฑูุฒ ุงูุชุงููุฏ ูุฑุชูู ', 'ุงุญูุฏ ', '0595872730', NULL),
(110, 'ูู ุงูุงุนูุงู ', 'ุงุจู ูุญูุฏ', '0583686655', NULL),
(111, 'ููุชุจุฉ ุงูููู', ' ูุญูุฏ ุงูุตุนูุฏู', '0596719077', NULL),
(112, 'ุงู ุงูุณ ', 'ุงู ุงููุณ', '0503310895', NULL),
(113, 'ุณูู ุงูุฃุนูุงุฑ ุงูุนูุงุฑูู', 'ุงุจุฑุงููู ุงูุญุฑุจู ', '0590008975', NULL),
(114, 'ูุฑูุฒ ุงูุฐูุจูุฉ', 'ุงุจู ุนุจุฏ ุงูุฑุญูู', '0571661969', ''),
(115, 'ููุงูุฉ ุงููุฑุณุงู ', 'ูุญูุฏ ุงูุณุฑูุฑู', '0551450030', NULL),
(116, 'ููุงูุฉ ุฑูุงุฆุน ุงูุงููุงุฑ ', 'ุงูุงุณุชูุจุงู ', '0557090200', NULL),
(117, 'ุนููุงุก ุงูุฎูุจุฑู', 'ุนููุงุก ุงูุฎูุจุฑู', '0561961004', NULL),
(118, 'ูุณุชุดูู ุงูููู ููุตู ุงูุชุฎุตุตู', 'ุจุฏุฑ  ุงูุญุณููู', '0557591733', NULL),
(119, 'ุงุจู ุทูุจุฉ ', 'ุงุจู ุทูุจุฉ ', '0548182130', NULL),
(120, 'ูุคุณุณุฉ ูุงุทูุฉ ุงูุญูุฏุฑู', 'ุงูุฌุฏูุงู', '0509711632', NULL),
(121, 'ุงูุฑู ุงุจู ุญุณู ', 'ุงูุฑู ุงุจู ุญุณู ', '0554194529', NULL),
(122, 'ููู ุงูุฌูููู ', 'ููู ุงูุฌูุณูู ', '0550803688', NULL),
(123, 'ููุงูุฉ ุงููุงู ุงููุนุงุฑู', 'ููุงูุฉ ุงููุงู ุงููุนุงุฑู', '0500940440', NULL),
(124, 'ุฌูุนูุฉ ุฑุนุงูุฉ ุทูุงุจ ุงูุนูู', ' ุงุจู ุนุจุฏ ุงูุฑุญูู', '0558639709', NULL),
(125, 'ุงูุฎุทูุท ุงูุฌููุฉ', 'ุจุงุณู ', '0599992487', NULL),
(126, 'ุนุจุฏ  ุงูุนุฒูุฒ ุงูุดุฑูู', 'ุนุจุฏ  ุงูุนุฒูุฒ ุงูุดุฑูู', '0501670306', NULL),
(127, 'ุญุฑุงูุฑ ุงุจู ุจูุฑ', 'ุญุฑุงูุฑ ุงุจู ุจูุฑ', '0591480224', NULL),
(128, 'ูุฑูุฒ ุงูุฐูุจูุฉ ', 'ุงุจู ุนุจุฏ ุงูุฑุญูู ', '0571661969', NULL),
(129, 'ููุงูุฉ ุฑูุงุฏ ุงูุงุนูุงู ', 'ูุญูู', '0553984291', NULL),
(130, 'ุงุจู ุบูุซ', 'ุงุจู ุบูุซ ', '0534268903', NULL),
(131, 'ููุงูุฉ ุชุตููู ุงูุญูุงููุฉ', 'ุจูุฑุญุงุก', '0555303349', NULL),
(132, 'ุงุจู ุจุฏุฑ ', 'ุงุจู ุจุฏุฑ', '0506335569', NULL),
(133, 'ููุงูุฉ ุฑูุงุฏ ุงูุงุนูุงู', 'ูุญูู', '0553984291', NULL),
(134, 'ููุงูุฉ ุตุงูุน ุงูุงุจุฏุงุน', 'ูุตูู ุนุจุฏ ุงููู', '0503632066', NULL),
(135, 'ุณูุฒุงู ', 'ุณูุฒุงู ', '0555061122', NULL),
(136, 'ููุงูุฉ ุฑูุฒ ุงูุชุตููู ', 'ูุญููุฏ', '0596289832', NULL),
(137, 'ุงุญูุฏ ูุทูู ', 'ุงุญูุฏ ', '0561468301', NULL),
(138, 'ููุงูุฉ ุงููุงู ุชูุงู', 'ุงููุงู ุชูุงู', '0596989469', NULL),
(139, 'ููุงูุฉ ูููู ุงููุฌุฏ', 'ุงููุตูู', '0540332169', NULL),
(140, 'ููุงูุฉ ุงูุทูู ููุฏุนุงูุฉ ูุงูุงุนูุงู ', 'ุงูุทูู', '0535700297', NULL),
(141, 'ููุงูุฉ ุฑูุงุฏ ุงูุงุนูุงู ', 'ูุฏู ', '0543475494', NULL),
(142, 'ููุช ุงูุถูุงูุฉ ', 'ุงุญูุฏ', '0502930697', NULL),
(143, 'ุชุทุฑูุฒ ุจุฑู ุณูู ', 'ูุญูุฏ ุณุนูุฏ', '0567779496', NULL),
(144, 'ููุงูุฉ ููุฏูุจ ุงุญูุฏ ุงููู ', 'ุงุญูุฏ ุงููู ', '0531209168', NULL),
(145, 'ููุงูุฉ ุงูุทูู ', 'ุงูุทูู ', '0535700297', NULL),
(146, 'ูุฏุงุฑุณ ุฏุงุฑ ุงูุฑุง ', 'ูุนููุฉ ุจุดุงูุฑ ', '0531622192', NULL),
(147, 'ุงูุนููุฏ ', 'ุงูุนููุฏ', '0538467994', NULL),
(148, 'ุตุงูุงุช ุงูุงุนูุงู ', 'ูุญููุฏ ', '0501084957', NULL),
(149, 'ุญุฑุงูุฑ ุงุจูุจูุฑ ', 'ุงุจูุจูุฑ', '0591480224', NULL),
(150, ' ุฌูุนูุฉ ูุนุฑูุฉ', ' ุฌูุนูุฉ ูุนุฑูุฉ', '0546049610', NULL),
(151, 'ูุฑูุฒ ุงูุฐูุจูุฉ ุงูุนูููุฉ ', 'ูุญูุฏ ุงุจู ุนุจุฏุงูุฑุญูู', '0571661969', ''),
(152, 'ุงูุบูุงู ุงูุนุฑุจู ', 'ุญุณูู ุงูุดุฑูู', '0560816060', NULL),
(153, 'ุงุญูุฏ ุงูุฎุทูุจ ', 'ุงุญูุฏ ', '0582506536', NULL),
(154, 'ููุงูุฉ ุงูุทูู ', 'ุงููู ', '0555555555', NULL),
(155, 'ุจุตูุฉ ูุฑุณูุฉ ', 'ุงุจู ุงูุณ ', '0580033586', NULL),
(156, 'ููุชุจ ุจูุงุก ูุญููุฏ ', 'ุจูุงุก', '0595868181', NULL),
(157, 'ุงุจู ุฃุทูุงุจ ', 'ุงุจู ุฃุทูุงุจ ', '0569010252', NULL),
(158, 'ุจุดุงูุฑ ุงูุฃุญูุฏู ', 'ุจุดุงูุฑ ุงูุฃุญูุฏู ', '0550748000', NULL),
(159, 'ุนูุฑ ุงูุบููุณู ', 'ุนูุฑ ุงูุบููุณู ', '0554979664', NULL),
(160, 'ูููู ุงููุฌุฏ ', 'ุนุจุฏุงูุบูู ', '0555555555', NULL),
(161, 'ููุงูุฉ ูุทุจูุน ', 'ุนููู', '0594334047', NULL),
(162, 'ุณูุฒุงู ', 'ุณูุฒุงู', '0555061122', NULL),
(163, 'ููุฏูุจ ุฃุจู ุฎุงูุฏ ', '', '0502825727', NULL),
(164, 'ูุทุงุจุน ุงููุงููุณ ูุนุชุตู', '', '0567498174', NULL),
(165, 'ุงููููุฏุณ ุนุจุฏุงููู ุงูุธูุฑู ( ุงูุชุฎุตุตู )', '', '0532795855', NULL),
(166, 'ุฌูุนูุฉ ูุนุฑูุฉ ', '', '0546049610', NULL),
(167, 'ููุฏูุจ ุงุญูุฏ ุงููู ', '', '0555555555', NULL),
(168, 'ุงูุนููุฏ ', '', '0555555555', NULL),
(169, 'ุงุจู ุนุจุฏุงูุนุฒูุฒ ูุชุฌุฑ ', '', '0555555555', NULL),
(170, 'ููุชุจุฉ ุจุงุฒุงุฑ ุงููุนุฑูุฉ ุงุณุงูุฉ ', '', '0555555555', NULL),
(171, 'ุนุฒูุฒ -ุญูุฑุงุก ุงูุงุณุฏ ', '', '0567729295', NULL),
(172, 'ููุฏูุจ ุงุจู ุฎุงูุฏ', '', '0502825727', NULL),
(173, 'ุฌูุนูุฉ ูุนุฑูุฉ ', '', '0546049610', NULL),
(174, 'ูููู ุงููุฌุฏ ุนุจุฏ ุงูุบูู ', '', '0544148750', NULL),
(175, 'ููุงูุฉ ุงูููุตู ุงุจู ุตุงูุญ', '', '0583830838', NULL),
(176, 'ููุงูุฉ ุตุงูุน ุงูุงุจุฏุงุน ุนุจุฏ ุงููู', '', '0503632066', NULL),
(177, 'ุฌุงุฏูุง - ูุญุงูู ุนุจุฏุงูุฑุญูู', '', '0556935900', NULL);

-- --------------------------------------------------------

--
-- ุจููุฉ ุงูุฌุฏูู `employees`
--

CREATE TABLE `employees` (
  `employee_id` int(11) NOT NULL,
  `name` varchar(100) NOT NULL,
  `role` enum('ูุฏูุฑ','ูุตูู','ูุนูู','ูุญุงุณุจ') NOT NULL,
  `phone` varchar(20) DEFAULT NULL,
  `email` varchar(100) DEFAULT NULL,
  `password` varchar(255) NOT NULL
) ENGINE=InnoDB DEFAULT CHARSET=utf8mb4 COLLATE=utf8mb4_general_ci;

--
-- ุฅุฑุฌุงุน ุฃู ุงุณุชูุฑุงุฏ ุจูุงูุงุช ุงูุฌุฏูู `employees`
--

INSERT INTO `employees` (`employee_id`, `name`, `role`, `phone`, `email`, `password`) VALUES
(1, 'ุนุงุฏู ุงูุญุฑุจู', 'ูุฏูุฑ', '0500000001', '', '$2y$10$MNJUGdDiRfPZdbuI50kLEuJvV/WyQvfoAoEzIEY5989.Z.rjBxCz2'),
(2, 'ุชูููู ุนุจุฏ ุงูุญููู', 'ูุตูู', '0500000002', '', '$2y$10$gj/OpiwVrw64MmC0UQSVYelub1qQQHH6YPqEF0dgURDmTlZuv/kNu'),
(3, 'ุนูุฑ ุงุญูุฏ ', 'ูุตูู', '0500000003', '', '$2y$10$O0KtR.ci2H1DC4UVO/RGlumbjt3M.qdAqrgLM1TFw/u2YdgpadEqy'),
(4, 'ุญุณุงู ุงูุดูุฎ', 'ูุนูู', '0500000004', '', '$2y$10$IX6BjBrN54qsl3h2KHmQ0ekEdFCfFhkWanP2DwKeBBOQhGNO4BqdO'),
(5, 'ุตููุจ ุนุงุฏู', 'ูุญุงุณุจ', '0500000005', '', '$2y$10$bj4F09vGj2w1U9uWhdYvx.F0YT6A43B9juvGKnb5GKatIbRMPZ5aO'),
(6, 'admin', 'ูุฏูุฑ', '', '', '$2y$10$7jBW50WBUqVtkaL95rU4P.9VxNArKyi/JV2kxGGguDOEGG/BNCAzm'),
(7, 'Abu Omar', 'ูุฏูุฑ', '', '', '$2y$10$TRBq7VUcq.CqLPRD1iOzk.EI2Kfhw1tqaYsTqwKTc/hP68mg37R..');

-- --------------------------------------------------------

--
-- ุจููุฉ ุงูุฌุฏูู `employee_permissions`
--

CREATE TABLE `employee_permissions` (
  `employee_id` int(11) NOT NULL,
  `permission_key` varchar(50) NOT NULL
) ENGINE=InnoDB DEFAULT CHARSET=utf8mb4 COLLATE=utf8mb4_general_ci;

--
-- ุฅุฑุฌุงุน ุฃู ุงุณุชูุฑุงุฏ ุจูุงูุงุช ุงูุฌุฏูู `employee_permissions`
--

INSERT INTO `employee_permissions` (`employee_id`, `permission_key`) VALUES
(1, 'client_add'),
(1, 'client_delete'),
(1, 'client_edit'),
(1, 'client_export'),
(1, 'client_import'),
(1, 'client_view'),
(1, 'dashboard_reports_view'),
(1, 'dashboard_view'),
(1, 'employee_add'),
(1, 'employee_delete'),
(1, 'employee_edit'),
(1, 'employee_password_reset'),
(1, 'employee_view'),
(1, 'order_add'),
(1, 'order_delete'),
(1, 'order_edit'),
(1, 'order_edit_status'),
(1, 'order_view_all'),
(1, 'order_view_own'),
(1, 'product_add'),
(1, 'product_delete'),
(1, 'product_edit'),
(1, 'product_view'),
(2, 'client_add'),
(2, 'client_edit'),
(2, 'client_view'),
(2, 'dashboard_view'),
(2, 'employee_view'),
(2, 'order_add'),
(2, 'order_edit'),
(2, 'order_edit_status'),
(2, 'order_view_own'),
(2, 'product_edit'),
(2, 'product_view'),
(2, 'profile_change_password'),
(2, 'task_card_actions'),
(2, 'task_card_edit'),
(2, 'task_card_view_client'),
(2, 'task_card_view_countdown'),
(2, 'task_card_view_summary'),
(2, 'task_card_whatsapp'),
(3, 'client_add'),
(3, 'client_edit'),
(3, 'client_view'),
(3, 'dashboard_view'),
(3, 'employee_password_reset'),
(3, 'employee_view'),
(3, 'order_add'),
(3, 'order_edit'),
(3, 'order_edit_status'),
(3, 'order_view_own'),
(3, 'product_edit'),
(3, 'product_view'),
(3, 'task_card_actions'),
(3, 'task_card_edit'),
(3, 'task_card_view_client'),
(3, 'task_card_view_countdown'),
(3, 'task_card_view_designer'),
(3, 'task_card_view_summary'),
(3, 'task_card_whatsapp'),
(4, 'client_edit'),
(4, 'client_view'),
(4, 'dashboard_view'),
(4, 'employee_view'),
(4, 'order_add'),
(4, 'order_edit'),
(4, 'order_edit_status'),
(4, 'order_view_own'),
(4, 'product_add'),
(4, 'product_edit'),
(4, 'product_view'),
(4, 'task_card_actions'),
(4, 'task_card_edit'),
(4, 'task_card_view_client'),
(4, 'task_card_view_countdown'),
(4, 'task_card_view_designer'),
(4, 'task_card_view_summary'),
(4, 'task_card_whatsapp'),
(5, 'client_add'),
(5, 'client_balance_report_view'),
(5, 'client_edit'),
(5, 'client_view'),
(5, 'dashboard_view'),
(5, 'employee_view'),
(5, 'financial_reports_view'),
(5, 'order_edit_status'),
(5, 'order_financial_settle'),
(5, 'order_view_own'),
(5, 'product_edit'),
(5, 'product_view'),
(5, 'task_card_actions'),
(5, 'task_card_edit'),
(5, 'task_card_view_client'),
(5, 'task_card_view_countdown'),
(5, 'task_card_view_designer'),
(5, 'task_card_view_payment'),
(5, 'task_card_view_summary'),
(5, 'task_card_whatsapp'),
(6, 'client_add'),
(6, 'client_balance_report_view'),
(6, 'client_delete'),
(6, 'client_edit'),
(6, 'client_export'),
(6, 'client_import'),
(6, 'client_view'),
(6, 'dashboard_reports_view'),
(6, 'dashboard_view'),
(6, 'employee_add'),
(6, 'employee_delete'),
(6, 'employee_edit'),
(6, 'employee_password_reset'),
(6, 'employee_permissions_edit'),
(6, 'employee_view'),
(6, 'financial_reports_view'),
(6, 'order_add'),
(6, 'order_delete'),
(6, 'order_edit'),
(6, 'order_edit_status'),
(6, 'order_financial_settle'),
(6, 'order_view_all'),
(6, 'order_view_financials'),
(6, 'order_view_own'),
(6, 'product_add'),
(6, 'product_delete'),
(6, 'product_edit'),
(6, 'product_view'),
(6, 'task_card_actions'),
(6, 'task_card_edit'),
(6, 'task_card_view_client'),
(6, 'task_card_view_countdown'),
(6, 'task_card_view_designer'),
(6, 'task_card_view_payment'),
(6, 'task_card_view_summary'),
(6, 'task_card_whatsapp'),
(7, 'client_add'),
(7, 'client_balance_report_view'),
(7, 'client_delete'),
(7, 'client_edit'),
(7, 'client_export'),
(7, 'client_import'),
(7, 'client_view'),
(7, 'dashboard_reports_view'),
(7, 'dashboard_view'),
(7, 'employee_add'),
(7, 'employee_delete'),
(7, 'employee_edit'),
(7, 'employee_password_reset'),
(7, 'employee_permissions_edit'),
(7, 'employee_view'),
(7, 'financial_reports_view'),
(7, 'order_add'),
(7, 'order_delete'),
(7, 'order_edit'),
(7, 'order_edit_status'),
(7, 'order_financial_settle'),
(7, 'order_view_all'),
(7, 'order_view_financials'),
(7, 'order_view_own'),
(7, 'product_add'),
(7, 'product_delete'),
(7, 'product_edit'),
(7, 'product_view'),
(7, 'profile_change_password'),
(7, 'task_card_actions'),
(7, 'task_card_edit'),
(7, 'task_card_view_client'),
(7, 'task_card_view_countdown'),
(7, 'task_card_view_designer'),
(7, 'task_card_view_payment'),
(7, 'task_card_view_summary'),
(7, 'task_card_whatsapp');

-- --------------------------------------------------------

--
-- ุจููุฉ ุงูุฌุฏูู `notifications`
--

CREATE TABLE `notifications` (
  `notification_id` int(11) NOT NULL,
  `employee_id` int(11) NOT NULL,
  `message` text NOT NULL,
  `link` varchar(255) DEFAULT NULL,
  `is_read` tinyint(1) NOT NULL DEFAULT 0,
  `created_at` timestamp NOT NULL DEFAULT current_timestamp()
) ENGINE=InnoDB DEFAULT CHARSET=utf8mb4 COLLATE=utf8mb4_general_ci;

--
-- ุฅุฑุฌุงุน ุฃู ุงุณุชูุฑุงุฏ ุจูุงูุงุช ุงูุฌุฏูู `notifications`
--

INSERT INTO `notifications` (`notification_id`, `employee_id`, `message`, `link`, `is_read`, `created_at`) VALUES
(75, 1, 'ุชู ุชุญููู ุงูุทูุจ #12 ุฅูู ูุฑุญูุฉ ุงูุชูููุฐ.', 'edit_order.php?id=12', 0, '2025-07-16 00:23:33'),
(76, 4, 'ุชู ุชุญููู ุงูุทูุจ #12 ุฅูู ูุฑุญูุฉ ุงูุชูููุฐ.', 'edit_order.php?id=12', 0, '2025-07-16 00:23:33'),
(77, 1, 'ุชู ุชุญููู ุงูุทูุจ #12 ุฅูู ูุฑุญูุฉ ุงูุชูููุฐ.', 'edit_order.php?id=12', 0, '2025-07-16 00:25:27'),
(78, 4, 'ุชู ุชุญููู ุงูุทูุจ #12 ุฅูู ูุฑุญูุฉ ุงูุชูููุฐ.', 'edit_order.php?id=12', 0, '2025-07-16 00:25:27'),
(79, 1, 'ุฃุตุจุญ ุงูุทูุจ #12 ุฌุงูุฒุงู ููุชุณููู.', 'edit_order.php?id=12', 0, '2025-07-16 00:25:56'),
(80, 1, 'ุชู ุชุฃููุฏ ุงุณุชูุงู ุงูุนููู ููุทูุจ #12.', 'edit_order.php?id=12', 0, '2025-07-16 00:26:27'),
(81, 5, 'ุชู ุชุฃููุฏ ุงุณุชูุงู ุงูุนููู ููุทูุจ #12.', 'edit_order.php?id=12', 0, '2025-07-16 00:26:27'),
(82, 4, 'ุชู ุชุญููู ุงูุทูุจ #12 ุฅูู ูุฑุญูุฉ ุงูุชูููุฐ.', 'edit_order.php?id=12', 0, '2025-07-16 00:34:42'),
(83, 1, 'ุชู ุชุญููู ุงูุทูุจ #2 ุฅูู ูุฑุญูุฉ ุงูุชูููุฐ.', 'edit_order.php?id=2', 0, '2025-07-16 00:43:34'),
(84, 4, 'ุชู ุชุญููู ุงูุทูุจ #2 ุฅูู ูุฑุญูุฉ ุงูุชูููุฐ.', 'edit_order.php?id=2', 0, '2025-07-16 00:43:34'),
(85, 5, 'ุชู ุชุฃููุฏ ุงุณุชูุงู ุงูุนููู ููุทูุจ #10.', 'edit_order.php?id=10', 0, '2025-07-16 00:53:01'),
(86, 1, 'ุชู ุชุญููู ุงูุทูุจ #13 ุฅูู ูุฑุญูุฉ ุงูุชูููุฐ.', 'edit_order.php?id=13', 1, '2025-07-16 18:58:48'),
(87, 4, 'ุชู ุชุญููู ุงูุทูุจ #13 ุฅูู ูุฑุญูุฉ ุงูุชูููุฐ.', 'edit_order.php?id=13', 0, '2025-07-16 18:58:48'),
(88, 1, 'ุฃุตุจุญ ุงูุทูุจ #2 ุฌุงูุฒุงู ููุชุณููู.', 'edit_order.php?id=2', 0, '2025-07-16 18:59:28'),
(89, 1, 'ุชู ุชุฃููุฏ ุงุณุชูุงู ุงูุนููู ููุทูุจ #2.', 'edit_order.php?id=2', 0, '2025-07-16 19:00:48'),
(90, 5, 'ุชู ุชุฃููุฏ ุงุณุชูุงู ุงูุนููู ููุทูุจ #2.', 'edit_order.php?id=2', 0, '2025-07-16 19:00:48'),
(91, 1, 'ุชู ุชุญููู ุงูุทูุจ #14 ุฅูู ูุฑุญูุฉ ุงูุชูููุฐ.', 'edit_order.php?id=14', 0, '2025-07-16 20:15:11'),
(92, 4, 'ุชู ุชุญููู ุงูุทูุจ #14 ุฅูู ูุฑุญูุฉ ุงูุชูููุฐ.', 'edit_order.php?id=14', 0, '2025-07-16 20:15:11'),
(93, 1, 'ุฃุตุจุญ ุงูุทูุจ #1 ุฌุงูุฒุงู ููุชุณููู.', 'edit_order.php?id=1', 0, '2025-07-16 20:15:41'),
(94, 1, 'ุชู ุชุฃููุฏ ุงุณุชูุงู ุงูุนููู ููุทูุจ #1.', 'edit_order.php?id=1', 1, '2025-07-16 20:16:52'),
(95, 5, 'ุชู ุชุฃููุฏ ุงุณุชูุงู ุงูุนููู ููุทูุจ #1.', 'edit_order.php?id=1', 0, '2025-07-16 20:16:52'),
(96, 1, 'ุชู ุฅุบูุงู ุงูุทูุจ #10 ุชููุงุฆูุงู ูุงูุชูุงูู.', 'edit_order.php?id=10', 0, '2025-07-17 18:44:32'),
(97, 3, 'ุชู ุชูููู ูุฑุญูุฉ ุงูุชุตููู ููุทูุจ #15 (ูุณูุงุช ุงูุฃุฑูุฌ) ุจุฏุฑุฌุฉ 6/10', 'timeline_reports.php', 0, '2025-07-17 23:03:23'),
(98, 3, 'ุชู ุชูููู ูุฑุญูุฉ ุงูุชุตููู ููุทูุจ #15 (ูุณูุงุช ุงูุฃุฑูุฌ) ุจุฏุฑุฌุฉ 1/10', 'timeline_reports.php', 0, '2025-07-17 23:03:26'),
(99, 6, 'โ admin ุฃููู ุชูููุฐ ุงูุทูุจ #13 ูุฃุตุจุญ ุฌุงูุฒุงู ููุชุณููู', 'edit_order.php?id=13', 0, '2025-07-22 07:04:25'),
(100, 6, 'ุชู ุชุฃููุฏ ุงูุชุณููุฉ ุงููุงููุฉ ููุทูุจ #16.', 'edit_order.php?id=16', 0, '2025-07-22 07:04:54'),
(101, 1, '๐จ ุงููุตูู ุนูุฑ ุงููุงุฏู ุฃุฑุณู ุงูุทูุจ #17 ุฅูู ูุฑุญูุฉ ุงูุชูููุฐ', 'edit_order.php?id=17', 1, '2025-07-22 17:53:35'),
(102, 6, '๐จ ุงููุตูู ุนูุฑ ุงููุงุฏู ุฃุฑุณู ุงูุทูุจ #17 ุฅูู ูุฑุญูุฉ ุงูุชูููุฐ', 'edit_order.php?id=17', 0, '2025-07-22 17:53:35'),
(103, 4, '๐จ ุงููุตูู ุนูุฑ ุงููุงุฏู ุฃุฑุณู ุงูุทูุจ #17 ุฅูู ูุฑุญูุฉ ุงูุชูููุฐ', 'edit_order.php?id=17', 0, '2025-07-22 17:53:35'),
(104, 1, '๐จ ุงููุตูู ุนูุฑ ุงููุงุฏู ุฃุฑุณู ุงูุทูุจ #18 ุฅูู ูุฑุญูุฉ ุงูุชูููุฐ', 'edit_order.php?id=18', 0, '2025-07-22 17:53:52'),
(105, 6, '๐จ ุงููุตูู ุนูุฑ ุงููุงุฏู ุฃุฑุณู ุงูุทูุจ #18 ุฅูู ูุฑุญูุฉ ุงูุชูููุฐ', 'edit_order.php?id=18', 0, '2025-07-22 17:53:52'),
(106, 4, '๐จ ุงููุตูู ุนูุฑ ุงููุงุฏู ุฃุฑุณู ุงูุทูุจ #18 ุฅูู ูุฑุญูุฉ ุงูุชูููุฐ', 'edit_order.php?id=18', 0, '2025-07-22 17:53:52'),
(107, 1, '๐จ ุงููุตูู ุนูุฑ ุงููุงุฏู ุฃุฑุณู ุงูุทูุจ #19 ุฅูู ูุฑุญูุฉ ุงูุชูููุฐ', 'edit_order.php?id=19', 1, '2025-07-22 18:14:03'),
(108, 6, '๐จ ุงููุตูู ุนูุฑ ุงููุงุฏู ุฃุฑุณู ุงูุทูุจ #19 ุฅูู ูุฑุญูุฉ ุงูุชูููุฐ', 'edit_order.php?id=19', 0, '2025-07-22 18:14:03'),
(109, 4, '๐จ ุงููุตูู ุนูุฑ ุงููุงุฏู ุฃุฑุณู ุงูุทูุจ #19 ุฅูู ูุฑุญูุฉ ุงูุชูููุฐ', 'edit_order.php?id=19', 0, '2025-07-22 18:14:03'),
(110, 1, '๐จ ุงููุตูู ุนูุฑ ุงููุงุฏู ุฃุฑุณู ุงูุทูุจ #20 ุฅูู ูุฑุญูุฉ ุงูุชูููุฐ', 'edit_order.php?id=20', 0, '2025-07-22 19:21:13'),
(111, 6, '๐จ ุงููุตูู ุนูุฑ ุงููุงุฏู ุฃุฑุณู ุงูุทูุจ #20 ุฅูู ูุฑุญูุฉ ุงูุชูููุฐ', 'edit_order.php?id=20', 0, '2025-07-22 19:21:13'),
(112, 4, '๐จ ุงููุตูู ุนูุฑ ุงููุงุฏู ุฃุฑุณู ุงูุทูุจ #20 ุฅูู ูุฑุญูุฉ ุงูุชูููุฐ', 'edit_order.php?id=20', 0, '2025-07-22 19:21:13'),
(113, 1, '๐จ ุงููุตูู ุนูุฑ ุงููุงุฏู ุฃุฑุณู ุงูุทูุจ #23 ุฅูู ูุฑุญูุฉ ุงูุชูููุฐ', 'edit_order.php?id=23', 0, '2025-07-23 18:06:55'),
(114, 6, '๐จ ุงููุตูู ุนูุฑ ุงููุงุฏู ุฃุฑุณู ุงูุทูุจ #23 ุฅูู ูุฑุญูุฉ ุงูุชูููุฐ', 'edit_order.php?id=23', 0, '2025-07-23 18:06:55'),
(115, 4, '๐จ ุงููุตูู ุนูุฑ ุงููุงุฏู ุฃุฑุณู ุงูุทูุจ #23 ุฅูู ูุฑุญูุฉ ุงูุชูููุฐ', 'edit_order.php?id=23', 0, '2025-07-23 18:06:55'),
(116, 1, '๐จ ุงููุตูู ุนูุฑ ุงููุงุฏู ุฃุฑุณู ุงูุทูุจ #37 ุฅูู ูุฑุญูุฉ ุงูุชูููุฐ', 'edit_order.php?id=37', 0, '2025-07-23 18:13:19'),
(117, 6, '๐จ ุงููุตูู ุนูุฑ ุงููุงุฏู ุฃุฑุณู ุงูุทูุจ #37 ุฅูู ูุฑุญูุฉ ุงูุชูููุฐ', 'edit_order.php?id=37', 0, '2025-07-23 18:13:19'),
(118, 4, '๐จ ุงููุตูู ุนูุฑ ุงููุงุฏู ุฃุฑุณู ุงูุทูุจ #37 ุฅูู ูุฑุญูุฉ ุงูุชูููุฐ', 'edit_order.php?id=37', 0, '2025-07-23 18:13:19'),
(119, 1, '๐จ ุงููุตูู ุนูุฑ ุงุญูุฏ  ุฃุฑุณู ุงูุทูุจ #38 ุฅูู ูุฑุญูุฉ ุงูุชูููุฐ', 'edit_order.php?id=38', 0, '2025-07-23 18:24:20'),
(120, 6, '๐จ ุงููุตูู ุนูุฑ ุงุญูุฏ  ุฃุฑุณู ุงูุทูุจ #38 ุฅูู ูุฑุญูุฉ ุงูุชูููุฐ', 'edit_order.php?id=38', 0, '2025-07-23 18:24:20'),
(121, 4, '๐จ ุงููุตูู ุนูุฑ ุงุญูุฏ  ุฃุฑุณู ุงูุทูุจ #38 ุฅูู ูุฑุญูุฉ ุงูุชูููุฐ', 'edit_order.php?id=38', 0, '2025-07-23 18:24:20'),
(122, 1, '๐จ ุงููุตูู ุชูููู ุนุจุฏ ุงูุญููู ุฃุฑุณู ุงูุทูุจ #27 ุฅูู ูุฑุญูุฉ ุงูุชูููุฐ', 'edit_order.php?id=27', 0, '2025-07-23 18:38:06'),
(123, 6, '๐จ ุงููุตูู ุชูููู ุนุจุฏ ุงูุญููู ุฃุฑุณู ุงูุทูุจ #27 ุฅูู ูุฑุญูุฉ ุงูุชูููุฐ', 'edit_order.php?id=27', 0, '2025-07-23 18:38:06'),
(124, 4, '๐จ ุงููุตูู ุชูููู ุนุจุฏ ุงูุญููู ุฃุฑุณู ุงูุทูุจ #27 ุฅูู ูุฑุญูุฉ ุงูุชูููุฐ', 'edit_order.php?id=27', 0, '2025-07-23 18:38:06'),
(125, 1, '๐จ ุงููุตูู ุชูููู ุนุจุฏ ุงูุญููู ุฃุฑุณู ุงูุทูุจ #28 ุฅูู ูุฑุญูุฉ ุงูุชูููุฐ', 'edit_order.php?id=28', 0, '2025-07-23 18:40:53'),
(126, 6, '๐จ ุงููุตูู ุชูููู ุนุจุฏ ุงูุญููู ุฃุฑุณู ุงูุทูุจ #28 ุฅูู ูุฑุญูุฉ ุงูุชูููุฐ', 'edit_order.php?id=28', 0, '2025-07-23 18:40:53'),
(127, 4, '๐จ ุงููุตูู ุชูููู ุนุจุฏ ุงูุญููู ุฃุฑุณู ุงูุทูุจ #28 ุฅูู ูุฑุญูุฉ ุงูุชูููุฐ', 'edit_order.php?id=28', 0, '2025-07-23 18:40:53'),
(128, 1, '๐จ ุงููุตูู ุชูููู ุนุจุฏ ุงูุญููู ุฃุฑุณู ุงูุทูุจ #35 ุฅูู ูุฑุญูุฉ ุงูุชูููุฐ', 'edit_order.php?id=35', 0, '2025-07-23 18:41:01'),
(129, 6, '๐จ ุงููุตูู ุชูููู ุนุจุฏ ุงูุญููู ุฃุฑุณู ุงูุทูุจ #35 ุฅูู ูุฑุญูุฉ ุงูุชูููุฐ', 'edit_order.php?id=35', 0, '2025-07-23 18:41:01'),
(130, 4, '๐จ ุงููุตูู ุชูููู ุนุจุฏ ุงูุญููู ุฃุฑุณู ุงูุทูุจ #35 ุฅูู ูุฑุญูุฉ ุงูุชูููุฐ', 'edit_order.php?id=35', 0, '2025-07-23 18:41:01'),
(131, 1, '๐จ ุงููุตูู ุชูููู ุนุจุฏ ุงูุญููู ุฃุฑุณู ุงูุทูุจ #33 ุฅูู ูุฑุญูุฉ ุงูุชูููุฐ', 'edit_order.php?id=33', 0, '2025-07-23 18:41:08'),
(132, 6, '๐จ ุงููุตูู ุชูููู ุนุจุฏ ุงูุญููู ุฃุฑุณู ุงูุทูุจ #33 ุฅูู ูุฑุญูุฉ ุงูุชูููุฐ', 'edit_order.php?id=33', 0, '2025-07-23 18:41:08'),
(133, 4, '๐จ ุงููุตูู ุชูููู ุนุจุฏ ุงูุญููู ุฃุฑุณู ุงูุทูุจ #33 ุฅูู ูุฑุญูุฉ ุงูุชูููุฐ', 'edit_order.php?id=33', 0, '2025-07-23 18:41:08'),
(134, 1, '๐จ ุงููุตูู ุชูููู ุนุจุฏ ุงูุญููู ุฃุฑุณู ุงูุทูุจ #34 ุฅูู ูุฑุญูุฉ ุงูุชูููุฐ', 'edit_order.php?id=34', 0, '2025-07-23 18:41:16'),
(135, 6, '๐จ ุงููุตูู ุชูููู ุนุจุฏ ุงูุญููู ุฃุฑุณู ุงูุทูุจ #34 ุฅูู ูุฑุญูุฉ ุงูุชูููุฐ', 'edit_order.php?id=34', 0, '2025-07-23 18:41:16'),
(136, 4, '๐จ ุงููุตูู ุชูููู ุนุจุฏ ุงูุญููู ุฃุฑุณู ุงูุทูุจ #34 ุฅูู ูุฑุญูุฉ ุงูุชูููุฐ', 'edit_order.php?id=34', 0, '2025-07-23 18:41:16'),
(137, 1, '๐จ ุงููุตูู ุชูููู ุนุจุฏ ุงูุญููู ุฃุฑุณู ุงูุทูุจ #31 ุฅูู ูุฑุญูุฉ ุงูุชูููุฐ', 'edit_order.php?id=31', 0, '2025-07-23 18:41:23'),
(138, 6, '๐จ ุงููุตูู ุชูููู ุนุจุฏ ุงูุญููู ุฃุฑุณู ุงูุทูุจ #31 ุฅูู ูุฑุญูุฉ ุงูุชูููุฐ', 'edit_order.php?id=31', 0, '2025-07-23 18:41:23'),
(139, 4, '๐จ ุงููุตูู ุชูููู ุนุจุฏ ุงูุญููู ุฃุฑุณู ุงูุทูุจ #31 ุฅูู ูุฑุญูุฉ ุงูุชูููุฐ', 'edit_order.php?id=31', 0, '2025-07-23 18:41:23'),
(140, 1, '๐จ ุงููุตูู ุชูููู ุนุจุฏ ุงูุญููู ุฃุฑุณู ุงูุทูุจ #32 ุฅูู ูุฑุญูุฉ ุงูุชูููุฐ', 'edit_order.php?id=32', 0, '2025-07-23 18:41:32'),
(141, 6, '๐จ ุงููุตูู ุชูููู ุนุจุฏ ุงูุญููู ุฃุฑุณู ุงูุทูุจ #32 ุฅูู ูุฑุญูุฉ ุงูุชูููุฐ', 'edit_order.php?id=32', 0, '2025-07-23 18:41:32'),
(142, 4, '๐จ ุงููุตูู ุชูููู ุนุจุฏ ุงูุญููู ุฃุฑุณู ุงูุทูุจ #32 ุฅูู ูุฑุญูุฉ ุงูุชูููุฐ', 'edit_order.php?id=32', 0, '2025-07-23 18:41:32'),
(143, 1, '๐จ ุงููุตูู ุชูููู ุนุจุฏ ุงูุญููู ุฃุฑุณู ุงูุทูุจ #29 ุฅูู ูุฑุญูุฉ ุงูุชูููุฐ', 'edit_order.php?id=29', 0, '2025-07-23 18:41:39'),
(144, 6, '๐จ ุงููุตูู ุชูููู ุนุจุฏ ุงูุญููู ุฃุฑุณู ุงูุทูุจ #29 ุฅูู ูุฑุญูุฉ ุงูุชูููุฐ', 'edit_order.php?id=29', 0, '2025-07-23 18:41:39'),
(145, 4, '๐จ ุงููุตูู ุชูููู ุนุจุฏ ุงูุญููู ุฃุฑุณู ุงูุทูุจ #29 ุฅูู ูุฑุญูุฉ ุงูุชูููุฐ', 'edit_order.php?id=29', 0, '2025-07-23 18:41:39'),
(146, 1, '๐จ ุงููุตูู ุชูููู ุนุจุฏ ุงูุญููู ุฃุฑุณู ุงูุทูุจ #30 ุฅูู ูุฑุญูุฉ ุงูุชูููุฐ', 'edit_order.php?id=30', 0, '2025-07-23 18:41:47'),
(147, 6, '๐จ ุงููุตูู ุชูููู ุนุจุฏ ุงูุญููู ุฃุฑุณู ุงูุทูุจ #30 ุฅูู ูุฑุญูุฉ ุงูุชูููุฐ', 'edit_order.php?id=30', 0, '2025-07-23 18:41:47'),
(148, 4, '๐จ ุงููุตูู ุชูููู ุนุจุฏ ุงูุญููู ุฃุฑุณู ุงูุทูุจ #30 ุฅูู ูุฑุญูุฉ ุงูุชูููุฐ', 'edit_order.php?id=30', 0, '2025-07-23 18:41:47'),
(149, 6, 'โ admin ุฃููู ุชูููุฐ ุงูุทูุจ #28 ูุฃุตุจุญ ุฌุงูุฒุงู ููุชุณููู', 'edit_order.php?id=28', 0, '2025-07-23 20:07:16'),
(150, 2, 'โ admin ุฃููู ุชูููุฐ ุงูุทูุจ #28 ูุฃุตุจุญ ุฌุงูุฒุงู ููุชุณููู', 'edit_order.php?id=28', 0, '2025-07-23 20:07:16'),
(151, 6, 'ุชู ุชุฃููุฏ ุงูุชุณููุฉ ุงููุงููุฉ ููุทูุจ #17.', 'edit_order.php?id=17', 0, '2025-07-23 20:29:40'),
(152, 6, 'โ admin ุฃููู ุชูููุฐ ุงูุทูุจ #17 ูุฃุตุจุญ ุฌุงูุฒุงู ููุชุณููู', 'edit_order.php?id=17', 0, '2025-07-23 20:31:08'),
(153, 3, 'โ admin ุฃููู ุชูููุฐ ุงูุทูุจ #17 ูุฃุตุจุญ ุฌุงูุฒุงู ููุชุณููู', 'edit_order.php?id=17', 0, '2025-07-23 20:31:08'),
(154, 1, 'ุชู ุฅุบูุงู ุงูุทูุจ #17 ุชููุงุฆูุงู ูุงูุชูุงูู.', 'edit_order.php?id=17', 0, '2025-07-23 20:33:04'),
(155, 6, 'ุชู ุฅุบูุงู ุงูุทูุจ #17 ุชููุงุฆูุงู ูุงูุชูุงูู.', 'edit_order.php?id=17', 0, '2025-07-23 20:33:04'),
(156, 6, '๐ฆ admin ุฃูุฏ ุงุณุชูุงู ุงูุนููู ููุทูุจ #17', 'edit_order.php?id=17', 0, '2025-07-23 20:33:04'),
(157, 5, '๐ฆ admin ุฃูุฏ ุงุณุชูุงู ุงูุนููู ููุทูุจ #17', 'edit_order.php?id=17', 0, '2025-07-23 20:33:04'),
(158, 6, 'โ admin ุฃููู ุชูููุฐ ุงูุทูุจ #19 ูุฃุตุจุญ ุฌุงูุฒุงู ููุชุณููู', 'edit_order.php?id=19', 0, '2025-07-23 20:51:21'),
(159, 3, 'โ admin ุฃููู ุชูููุฐ ุงูุทูุจ #19 ูุฃุตุจุญ ุฌุงูุฒุงู ููุชุณููู', 'edit_order.php?id=19', 0, '2025-07-23 20:51:21'),
(160, 1, '๐จ ุงููุตูู ุนูุฑ ุงุญูุฏ  ุฃุฑุณู ุงูุทูุจ #39 ุฅูู ูุฑุญูุฉ ุงูุชูููุฐ', 'edit_order.php?id=39', 0, '2025-07-24 06:28:53'),
(161, 6, '๐จ ุงููุตูู ุนูุฑ ุงุญูุฏ  ุฃุฑุณู ุงูุทูุจ #39 ุฅูู ูุฑุญูุฉ ุงูุชูููุฐ', 'edit_order.php?id=39', 0, '2025-07-24 06:28:53'),
(162, 4, '๐จ ุงููุตูู ุนูุฑ ุงุญูุฏ  ุฃุฑุณู ุงูุทูุจ #39 ุฅูู ูุฑุญูุฉ ุงูุชูููุฐ', 'edit_order.php?id=39', 0, '2025-07-24 06:28:53'),
(163, 1, '๐จ ุงููุตูู ุชูููู ุนุจุฏ ุงูุญููู ุฃุฑุณู ุงูุทูุจ #40 ุฅูู ูุฑุญูุฉ ุงูุชูููุฐ', 'edit_order.php?id=40', 0, '2025-07-24 07:16:35'),
(164, 6, '๐จ ุงููุตูู ุชูููู ุนุจุฏ ุงูุญููู ุฃุฑุณู ุงูุทูุจ #40 ุฅูู ูุฑุญูุฉ ุงูุชูููุฐ', 'edit_order.php?id=40', 0, '2025-07-24 07:16:35'),
(165, 4, '๐จ ุงููุตูู ุชูููู ุนุจุฏ ุงูุญููู ุฃุฑุณู ุงูุทูุจ #40 ุฅูู ูุฑุญูุฉ ุงูุชูููุฐ', 'edit_order.php?id=40', 0, '2025-07-24 07:16:35'),
(166, 1, '๐ฆ ุญุณุงู ุงูุดูุฎ ุฃูุฏ ุงุณุชูุงู ุงูุนููู ููุทูุจ #19', 'edit_order.php?id=19', 0, '2025-07-24 07:26:30'),
(167, 6, '๐ฆ ุญุณุงู ุงูุดูุฎ ุฃูุฏ ุงุณุชูุงู ุงูุนููู ููุทูุจ #19', 'edit_order.php?id=19', 0, '2025-07-24 07:26:30'),
(168, 5, '๐ฆ ุญุณุงู ุงูุดูุฎ ุฃูุฏ ุงุณุชูุงู ุงูุนููู ููุทูุจ #19', 'edit_order.php?id=19', 0, '2025-07-24 07:26:30'),
(169, 1, 'โ ุญุณุงู ุงูุดูุฎ ุฃููู ุชูููุฐ ุงูุทูุจ #23 ูุฃุตุจุญ ุฌุงูุฒุงู ููุชุณููู', 'edit_order.php?id=23', 0, '2025-07-24 07:43:33'),
(170, 6, 'โ ุญุณุงู ุงูุดูุฎ ุฃููู ุชูููุฐ ุงูุทูุจ #23 ูุฃุตุจุญ ุฌุงูุฒุงู ููุชุณููู', 'edit_order.php?id=23', 0, '2025-07-24 07:43:33'),
(171, 3, 'โ ุญุณุงู ุงูุดูุฎ ุฃููู ุชูููุฐ ุงูุทูุจ #23 ูุฃุตุจุญ ุฌุงูุฒุงู ููุชุณููู', 'edit_order.php?id=23', 1, '2025-07-24 07:43:33'),
(172, 1, 'ุชู ุฅุบูุงู ุงูุทูุจ #19 ุชููุงุฆูุงู ูุงูุชูุงูู.', 'edit_order.php?id=19', 0, '2025-07-24 07:50:52'),
(173, 6, 'ุชู ุฅุบูุงู ุงูุทูุจ #19 ุชููุงุฆูุงู ูุงูุชูุงูู.', 'edit_order.php?id=19', 0, '2025-07-24 07:50:52'),
(174, 6, 'ุชู ุชุฃููุฏ ุงูุชุณููุฉ ุงููุงููุฉ ููุทูุจ #19.', 'edit_order.php?id=19', 0, '2025-07-24 07:50:52'),
(175, 6, 'ุชู ุชุฃููุฏ ุงูุชุณููุฉ ุงููุงููุฉ ููุทูุจ #27.', 'edit_order.php?id=27', 0, '2025-07-24 07:54:23'),
(176, 6, 'โ admin ุฃููู ุชูููุฐ ุงูุทูุจ #27 ูุฃุตุจุญ ุฌุงูุฒุงู ููุชุณููู', 'edit_order.php?id=27', 0, '2025-07-24 07:54:49'),
(177, 2, 'โ admin ุฃููู ุชูููุฐ ุงูุทูุจ #27 ูุฃุตุจุญ ุฌุงูุฒุงู ููุชุณููู', 'edit_order.php?id=27', 0, '2025-07-24 07:54:49'),
(178, 1, 'ุชู ุฅุบูุงู ุงูุทูุจ #27 ุชููุงุฆูุงู ูุงูุชูุงูู.', 'edit_order.php?id=27', 0, '2025-07-24 07:55:11'),
(179, 6, 'ุชู ุฅุบูุงู ุงูุทูุจ #27 ุชููุงุฆูุงู ูุงูุชูุงูู.', 'edit_order.php?id=27', 0, '2025-07-24 07:55:11'),
(180, 6, '๐ฆ admin ุฃูุฏ ุงุณุชูุงู ุงูุนููู ููุทูุจ #27', 'edit_order.php?id=27', 0, '2025-07-24 07:55:11'),
(181, 5, '๐ฆ admin ุฃูุฏ ุงุณุชูุงู ุงูุนููู ููุทูุจ #27', 'edit_order.php?id=27', 0, '2025-07-24 07:55:11'),
(182, 1, '๐ฆ ุญุณุงู ุงูุดูุฎ ุฃูุฏ ุงุณุชูุงู ุงูุนููู ููุทูุจ #28', 'edit_order.php?id=28', 0, '2025-07-24 07:55:36'),
(183, 6, '๐ฆ ุญุณุงู ุงูุดูุฎ ุฃูุฏ ุงุณุชูุงู ุงูุนููู ููุทูุจ #28', 'edit_order.php?id=28', 0, '2025-07-24 07:55:36'),
(184, 5, '๐ฆ ุญุณุงู ุงูุดูุฎ ุฃูุฏ ุงุณุชูุงู ุงูุนููู ููุทูุจ #28', 'edit_order.php?id=28', 0, '2025-07-24 07:55:36'),
(185, 1, 'โ ุญุณุงู ุงูุดูุฎ ุฃููู ุชูููุฐ ุงูุทูุจ #29 ูุฃุตุจุญ ุฌุงูุฒุงู ููุชุณููู', 'edit_order.php?id=29', 0, '2025-07-24 07:55:48'),
(186, 6, 'โ ุญุณุงู ุงูุดูุฎ ุฃููู ุชูููุฐ ุงูุทูุจ #29 ูุฃุตุจุญ ุฌุงูุฒุงู ููุชุณููู', 'edit_order.php?id=29', 0, '2025-07-24 07:55:48'),
(187, 2, 'โ ุญุณุงู ุงูุดูุฎ ุฃููู ุชูููุฐ ุงูุทูุจ #29 ูุฃุตุจุญ ุฌุงูุฒุงู ููุชุณููู', 'edit_order.php?id=29', 0, '2025-07-24 07:55:48'),
(188, 1, '๐ฆ ุญุณุงู ุงูุดูุฎ ุฃูุฏ ุงุณุชูุงู ุงูุนููู ููุทูุจ #29', 'edit_order.php?id=29', 0, '2025-07-24 07:56:00'),
(189, 6, '๐ฆ ุญุณุงู ุงูุดูุฎ ุฃูุฏ ุงุณุชูุงู ุงูุนููู ููุทูุจ #29', 'edit_order.php?id=29', 0, '2025-07-24 07:56:00'),
(190, 5, '๐ฆ ุญุณุงู ุงูุดูุฎ ุฃูุฏ ุงุณุชูุงู ุงูุนููู ููุทูุจ #29', 'edit_order.php?id=29', 0, '2025-07-24 07:56:00'),
(191, 1, 'โ ุญุณุงู ุงูุดูุฎ ุฃููู ุชูููุฐ ุงูุทูุจ #31 ูุฃุตุจุญ ุฌุงูุฒุงู ููุชุณููู', 'edit_order.php?id=31', 0, '2025-07-24 07:56:11'),
(192, 6, 'โ ุญุณุงู ุงูุดูุฎ ุฃููู ุชูููุฐ ุงูุทูุจ #31 ูุฃุตุจุญ ุฌุงูุฒุงู ููุชุณููู', 'edit_order.php?id=31', 0, '2025-07-24 07:56:11'),
(193, 2, 'โ ุญุณุงู ุงูุดูุฎ ุฃููู ุชูููุฐ ุงูุทูุจ #31 ูุฃุตุจุญ ุฌุงูุฒุงู ููุชุณููู', 'edit_order.php?id=31', 0, '2025-07-24 07:56:11'),
(194, 1, '๐ฆ ุญุณุงู ุงูุดูุฎ ุฃูุฏ ุงุณุชูุงู ุงูุนููู ููุทูุจ #31', 'edit_order.php?id=31', 0, '2025-07-24 07:56:20'),
(195, 6, '๐ฆ ุญุณุงู ุงูุดูุฎ ุฃูุฏ ุงุณุชูุงู ุงูุนููู ููุทูุจ #31', 'edit_order.php?id=31', 0, '2025-07-24 07:56:20'),
(196, 5, '๐ฆ ุญุณุงู ุงูุดูุฎ ุฃูุฏ ุงุณุชูุงู ุงูุนููู ููุทูุจ #31', 'edit_order.php?id=31', 0, '2025-07-24 07:56:20'),
(197, 1, 'โ ุญุณุงู ุงูุดูุฎ ุฃููู ุชูููุฐ ุงูุทูุจ #37 ูุฃุตุจุญ ุฌุงูุฒุงู ููุชุณููู', 'edit_order.php?id=37', 0, '2025-07-24 07:58:42'),
(198, 6, 'โ ุญุณุงู ุงูุดูุฎ ุฃููู ุชูููุฐ ุงูุทูุจ #37 ูุฃุตุจุญ ุฌุงูุฒุงู ููุชุณููู', 'edit_order.php?id=37', 0, '2025-07-24 07:58:42'),
(199, 3, 'โ ุญุณุงู ุงูุดูุฎ ุฃููู ุชูููุฐ ุงูุทูุจ #37 ูุฃุตุจุญ ุฌุงูุฒุงู ููุชุณููู', 'edit_order.php?id=37', 0, '2025-07-24 07:58:42'),
(200, 1, '๐ฆ ุญุณุงู ุงูุดูุฎ ุฃูุฏ ุงุณุชูุงู ุงูุนููู ููุทูุจ #37', 'edit_order.php?id=37', 0, '2025-07-24 07:58:59'),
(201, 6, '๐ฆ ุญุณุงู ุงูุดูุฎ ุฃูุฏ ุงุณุชูุงู ุงูุนููู ููุทูุจ #37', 'edit_order.php?id=37', 0, '2025-07-24 07:58:59'),
(202, 5, '๐ฆ ุญุณุงู ุงูุดูุฎ ุฃูุฏ ุงุณุชูุงู ุงูุนููู ููุทูุจ #37', 'edit_order.php?id=37', 0, '2025-07-24 07:58:59'),
(203, 1, 'โ ุญุณุงู ุงูุดูุฎ ุฃููู ุชูููุฐ ุงูุทูุจ #38 ูุฃุตุจุญ ุฌุงูุฒุงู ููุชุณููู', 'edit_order.php?id=38', 0, '2025-07-24 07:59:31'),
(204, 6, 'โ ุญุณุงู ุงูุดูุฎ ุฃููู ุชูููุฐ ุงูุทูุจ #38 ูุฃุตุจุญ ุฌุงูุฒุงู ููุชุณููู', 'edit_order.php?id=38', 0, '2025-07-24 07:59:31'),
(205, 3, 'โ ุญุณุงู ุงูุดูุฎ ุฃููู ุชูููุฐ ุงูุทูุจ #38 ูุฃุตุจุญ ุฌุงูุฒุงู ููุชุณููู', 'edit_order.php?id=38', 1, '2025-07-24 07:59:31'),
(206, 1, '๐ฆ ุญุณุงู ุงูุดูุฎ ุฃูุฏ ุงุณุชูุงู ุงูุนููู ููุทูุจ #38', 'edit_order.php?id=38', 0, '2025-07-24 07:59:40'),
(207, 6, '๐ฆ ุญุณุงู ุงูุดูุฎ ุฃูุฏ ุงุณุชูุงู ุงูุนููู ููุทูุจ #38', 'edit_order.php?id=38', 0, '2025-07-24 07:59:40'),
(208, 5, '๐ฆ ุญุณุงู ุงูุดูุฎ ุฃูุฏ ุงุณุชูุงู ุงูุนููู ููุทูุจ #38', 'edit_order.php?id=38', 0, '2025-07-24 07:59:40'),
(209, 1, 'โ ุญุณุงู ุงูุดูุฎ ุฃููู ุชูููุฐ ุงูุทูุจ #40 ูุฃุตุจุญ ุฌุงูุฒุงู ููุชุณููู', 'edit_order.php?id=40', 0, '2025-07-24 07:59:53'),
(210, 6, 'โ ุญุณุงู ุงูุดูุฎ ุฃููู ุชูููุฐ ุงูุทูุจ #40 ูุฃุตุจุญ ุฌุงูุฒุงู ููุชุณููู', 'edit_order.php?id=40', 0, '2025-07-24 07:59:53'),
(211, 2, 'โ ุญุณุงู ุงูุดูุฎ ุฃููู ุชูููุฐ ุงูุทูุจ #40 ูุฃุตุจุญ ุฌุงูุฒุงู ููุชุณููู', 'edit_order.php?id=40', 0, '2025-07-24 07:59:53'),
(212, 1, '๐ฆ ุญุณุงู ุงูุดูุฎ ุฃูุฏ ุงุณุชูุงู ุงูุนููู ููุทูุจ #40', 'edit_order.php?id=40', 0, '2025-07-24 08:00:01'),
(213, 6, '๐ฆ ุญุณุงู ุงูุดูุฎ ุฃูุฏ ุงุณุชูุงู ุงูุนููู ููุทูุจ #40', 'edit_order.php?id=40', 0, '2025-07-24 08:00:01'),
(214, 5, '๐ฆ ุญุณุงู ุงูุดูุฎ ุฃูุฏ ุงุณุชูุงู ุงูุนููู ููุทูุจ #40', 'edit_order.php?id=40', 0, '2025-07-24 08:00:01'),
(215, 1, 'ุชู ุฅุบูุงู ุงูุทูุจ #29 ุชููุงุฆูุงู ูุงูุชูุงูู.', 'edit_order.php?id=29', 0, '2025-07-24 08:04:30'),
(216, 6, 'ุชู ุฅุบูุงู ุงูุทูุจ #29 ุชููุงุฆูุงู ูุงูุชูุงูู.', 'edit_order.php?id=29', 0, '2025-07-24 08:04:30'),
(217, 6, 'ุชู ุชุฃููุฏ ุงูุชุณููุฉ ุงููุงููุฉ ููุทูุจ #29.', 'edit_order.php?id=29', 0, '2025-07-24 08:04:30'),
(218, 1, 'ุชู ุฅุบูุงู ุงูุทูุจ #31 ุชููุงุฆูุงู ูุงูุชูุงูู.', 'edit_order.php?id=31', 0, '2025-07-24 08:04:47'),
(219, 6, 'ุชู ุฅุบูุงู ุงูุทูุจ #31 ุชููุงุฆูุงู ูุงูุชูุงูู.', 'edit_order.php?id=31', 0, '2025-07-24 08:04:47'),
(220, 6, 'ุชู ุชุฃููุฏ ุงูุชุณููุฉ ุงููุงููุฉ ููุทูุจ #31.', 'edit_order.php?id=31', 0, '2025-07-24 08:04:47'),
(221, 1, '๐จ ุงููุตูู ุชูููู ุนุจุฏ ุงูุญููู ุฃุฑุณู ุงูุทูุจ #41 ุฅูู ูุฑุญูุฉ ุงูุชูููุฐ', 'edit_order.php?id=41', 0, '2025-07-24 08:43:36'),
(222, 6, '๐จ ุงููุตูู ุชูููู ุนุจุฏ ุงูุญููู ุฃุฑุณู ุงูุทูุจ #41 ุฅูู ูุฑุญูุฉ ุงูุชูููุฐ', 'edit_order.php?id=41', 0, '2025-07-24 08:43:36'),
(223, 4, '๐จ ุงููุตูู ุชูููู ุนุจุฏ ุงูุญููู ุฃุฑุณู ุงูุทูุจ #41 ุฅูู ูุฑุญูุฉ ุงูุชูููุฐ', 'edit_order.php?id=41', 0, '2025-07-24 08:43:36'),
(224, 1, '๐จ ุงููุตูู ุนูุฑ ุงุญูุฏ  ุฃุฑุณู ุงูุทูุจ #42 ุฅูู ูุฑุญูุฉ ุงูุชูููุฐ', 'edit_order.php?id=42', 0, '2025-07-24 15:35:17'),
(225, 6, '๐จ ุงููุตูู ุนูุฑ ุงุญูุฏ  ุฃุฑุณู ุงูุทูุจ #42 ุฅูู ูุฑุญูุฉ ุงูุชูููุฐ', 'edit_order.php?id=42', 0, '2025-07-24 15:35:17'),
(226, 4, '๐จ ุงููุตูู ุนูุฑ ุงุญูุฏ  ุฃุฑุณู ุงูุทูุจ #42 ุฅูู ูุฑุญูุฉ ุงูุชูููุฐ', 'edit_order.php?id=42', 0, '2025-07-24 15:35:17'),
(227, 1, '๐จ ุงููุตูู ุนูุฑ ุงุญูุฏ  ุฃุฑุณู ุงูุทูุจ #36 ุฅูู ูุฑุญูุฉ ุงูุชูููุฐ', 'edit_order.php?id=36', 0, '2025-07-24 15:35:23'),
(228, 6, '๐จ ุงููุตูู ุนูุฑ ุงุญูุฏ  ุฃุฑุณู ุงูุทูุจ #36 ุฅูู ูุฑุญูุฉ ุงูุชูููุฐ', 'edit_order.php?id=36', 0, '2025-07-24 15:35:23'),
(229, 4, '๐จ ุงููุตูู ุนูุฑ ุงุญูุฏ  ุฃุฑุณู ุงูุทูุจ #36 ุฅูู ูุฑุญูุฉ ุงูุชูููุฐ', 'edit_order.php?id=36', 0, '2025-07-24 15:35:23'),
(230, 1, '๐จ ุงููุตูู ุชูููู ุนุจุฏ ุงูุญููู ุฃุฑุณู ุงูุทูุจ #43 ุฅูู ูุฑุญูุฉ ุงูุชูููุฐ', 'edit_order.php?id=43', 0, '2025-07-24 16:18:44'),
(231, 6, '๐จ ุงููุตูู ุชูููู ุนุจุฏ ุงูุญููู ุฃุฑุณู ุงูุทูุจ #43 ุฅูู ูุฑุญูุฉ ุงูุชูููุฐ', 'edit_order.php?id=43', 0, '2025-07-24 16:18:44'),
(232, 4, '๐จ ุงููุตูู ุชูููู ุนุจุฏ ุงูุญููู ุฃุฑุณู ุงูุทูุจ #43 ุฅูู ูุฑุญูุฉ ุงูุชูููุฐ', 'edit_order.php?id=43', 0, '2025-07-24 16:18:44'),
(233, 1, '๐จ ุงููุตูู ุชูููู ุนุจุฏ ุงูุญููู ุฃุฑุณู ุงูุทูุจ #44 ุฅูู ูุฑุญูุฉ ุงูุชูููุฐ', 'edit_order.php?id=44', 0, '2025-07-24 16:18:49'),
(234, 6, '๐จ ุงููุตูู ุชูููู ุนุจุฏ ุงูุญููู ุฃุฑุณู ุงูุทูุจ #44 ุฅูู ูุฑุญูุฉ ุงูุชูููุฐ', 'edit_order.php?id=44', 0, '2025-07-24 16:18:49'),
(235, 4, '๐จ ุงููุตูู ุชูููู ุนุจุฏ ุงูุญููู ุฃุฑุณู ุงูุทูุจ #44 ุฅูู ูุฑุญูุฉ ุงูุชูููุฐ', 'edit_order.php?id=44', 0, '2025-07-24 16:18:49'),
(236, 1, '๐จ ุงููุตูู ุนูุฑ ุงุญูุฏ  ุฃุฑุณู ุงูุทูุจ #45 ุฅูู ูุฑุญูุฉ ุงูุชูููุฐ', 'edit_order.php?id=45', 0, '2025-07-24 17:16:26'),
(237, 6, '๐จ ุงููุตูู ุนูุฑ ุงุญูุฏ  ุฃุฑุณู ุงูุทูุจ #45 ุฅูู ูุฑุญูุฉ ุงูุชูููุฐ', 'edit_order.php?id=45', 0, '2025-07-24 17:16:26'),
(238, 4, '๐จ ุงููุตูู ุนูุฑ ุงุญูุฏ  ุฃุฑุณู ุงูุทูุจ #45 ุฅูู ูุฑุญูุฉ ุงูุชูููุฐ', 'edit_order.php?id=45', 0, '2025-07-24 17:16:26'),
(239, 1, 'ุชู ุฅุบูุงู ุงูุทูุจ #28 ุชููุงุฆูุงู ูุงูุชูุงูู.', 'edit_order.php?id=28', 0, '2025-07-24 17:40:23'),
(240, 6, 'ุชู ุฅุบูุงู ุงูุทูุจ #28 ุชููุงุฆูุงู ูุงูุชูุงูู.', 'edit_order.php?id=28', 0, '2025-07-24 17:40:23'),
(241, 6, 'ุชู ุชุฃููุฏ ุงูุชุณููุฉ ุงููุงููุฉ ููุทูุจ #28.', 'edit_order.php?id=28', 0, '2025-07-24 17:40:23'),
(242, 6, 'ุชู ุชุฃููุฏ ุงูุชุณููุฉ ุงููุงููุฉ ููุทูุจ #32.', 'edit_order.php?id=32', 0, '2025-07-24 17:41:43'),
(243, 6, 'โ admin ุฃููู ุชูููุฐ ุงูุทูุจ #32 ูุฃุตุจุญ ุฌุงูุฒุงู ููุชุณููู', 'edit_order.php?id=32', 0, '2025-07-24 17:41:58'),
(244, 2, 'โ admin ุฃููู ุชูููุฐ ุงูุทูุจ #32 ูุฃุตุจุญ ุฌุงูุฒุงู ููุชุณููู', 'edit_order.php?id=32', 0, '2025-07-24 17:41:58'),
(245, 1, 'ุชู ุฅุบูุงู ุงูุทูุจ #32 ุชููุงุฆูุงู ูุงูุชูุงูู.', 'edit_order.php?id=32', 0, '2025-07-24 17:42:08'),
(246, 6, 'ุชู ุฅุบูุงู ุงูุทูุจ #32 ุชููุงุฆูุงู ูุงูุชูุงูู.', 'edit_order.php?id=32', 0, '2025-07-24 17:42:08'),
(247, 6, '๐ฆ admin ุฃูุฏ ุงุณุชูุงู ุงูุนููู ููุทูุจ #32', 'edit_order.php?id=32', 0, '2025-07-24 17:42:08'),
(248, 5, '๐ฆ admin ุฃูุฏ ุงุณุชูุงู ุงูุนููู ููุทูุจ #32', 'edit_order.php?id=32', 0, '2025-07-24 17:42:08'),
(249, 1, '๐จ ุงููุตูู ุนูุฑ ุงุญูุฏ  ุฃุฑุณู ุงูุทูุจ #46 ุฅูู ูุฑุญูุฉ ุงูุชูููุฐ', 'edit_order.php?id=46', 0, '2025-07-24 18:19:12'),
(250, 6, '๐จ ุงููุตูู ุนูุฑ ุงุญูุฏ  ุฃุฑุณู ุงูุทูุจ #46 ุฅูู ูุฑุญูุฉ ุงูุชูููุฐ', 'edit_order.php?id=46', 0, '2025-07-24 18:19:12'),
(251, 4, '๐จ ุงููุตูู ุนูุฑ ุงุญูุฏ  ุฃุฑุณู ุงูุทูุจ #46 ุฅูู ูุฑุญูุฉ ุงูุชูููุฐ', 'edit_order.php?id=46', 0, '2025-07-24 18:19:12'),
(252, 1, '๐จ ุงููุตูู ุชูููู ุนุจุฏ ุงูุญููู ุฃุฑุณู ุงูุทูุจ #47 ุฅูู ูุฑุญูุฉ ุงูุชูููุฐ', 'edit_order.php?id=47', 0, '2025-07-26 06:36:15'),
(253, 6, '๐จ ุงููุตูู ุชูููู ุนุจุฏ ุงูุญููู ุฃุฑุณู ุงูุทูุจ #47 ุฅูู ูุฑุญูุฉ ุงูุชูููุฐ', 'edit_order.php?id=47', 0, '2025-07-26 06:36:15'),
(254, 4, '๐จ ุงููุตูู ุชูููู ุนุจุฏ ุงูุญููู ุฃุฑุณู ุงูุทูุจ #47 ุฅูู ูุฑุญูุฉ ุงูุชูููุฐ', 'edit_order.php?id=47', 0, '2025-07-26 06:36:15'),
(255, 1, '๐จ ุงููุตูู ุชูููู ุนุจุฏ ุงูุญููู ุฃุฑุณู ุงูุทูุจ #48 ุฅูู ูุฑุญูุฉ ุงูุชูููุฐ', 'edit_order.php?id=48', 0, '2025-07-26 06:36:21'),
(256, 6, '๐จ ุงููุตูู ุชูููู ุนุจุฏ ุงูุญููู ุฃุฑุณู ุงูุทูุจ #48 ุฅูู ูุฑุญูุฉ ุงูุชูููุฐ', 'edit_order.php?id=48', 0, '2025-07-26 06:36:21'),
(257, 4, '๐จ ุงููุตูู ุชูููู ุนุจุฏ ุงูุญููู ุฃุฑุณู ุงูุทูุจ #48 ุฅูู ูุฑุญูุฉ ุงูุชูููุฐ', 'edit_order.php?id=48', 0, '2025-07-26 06:36:21'),
(258, 1, '๐จ ุงููุตูู ุชูููู ุนุจุฏ ุงูุญููู ุฃุฑุณู ุงูุทูุจ #51 ุฅูู ูุฑุญูุฉ ุงูุชูููุฐ', 'edit_order.php?id=51', 0, '2025-07-26 06:52:07'),
(259, 6, '๐จ ุงููุตูู ุชูููู ุนุจุฏ ุงูุญููู ุฃุฑุณู ุงูุทูุจ #51 ุฅูู ูุฑุญูุฉ ุงูุชูููุฐ', 'edit_order.php?id=51', 0, '2025-07-26 06:52:07'),
(260, 4, '๐จ ุงููุตูู ุชูููู ุนุจุฏ ุงูุญููู ุฃุฑุณู ุงูุทูุจ #51 ุฅูู ูุฑุญูุฉ ุงูุชูููุฐ', 'edit_order.php?id=51', 0, '2025-07-26 06:52:07'),
(261, 1, '๐จ ุงููุตูู ุชูููู ุนุจุฏ ุงูุญููู ุฃุฑุณู ุงูุทูุจ #53 ุฅูู ูุฑุญูุฉ ุงูุชูููุฐ', 'edit_order.php?id=53', 0, '2025-07-26 08:21:25'),
(262, 6, '๐จ ุงููุตูู ุชูููู ุนุจุฏ ุงูุญููู ุฃุฑุณู ุงูุทูุจ #53 ุฅูู ูุฑุญูุฉ ุงูุชูููุฐ', 'edit_order.php?id=53', 0, '2025-07-26 08:21:25'),
(263, 4, '๐จ ุงููุตูู ุชูููู ุนุจุฏ ุงูุญููู ุฃุฑุณู ุงูุทูุจ #53 ุฅูู ูุฑุญูุฉ ุงูุชูููุฐ', 'edit_order.php?id=53', 0, '2025-07-26 08:21:25'),
(264, 1, '๐จ ุงููุตูู ุนูุฑ ุงุญูุฏ  ุฃุฑุณู ุงูุทูุจ #56 ุฅูู ูุฑุญูุฉ ุงูุชูููุฐ', 'edit_order.php?id=56', 0, '2025-07-26 17:10:14'),
(265, 6, '๐จ ุงููุตูู ุนูุฑ ุงุญูุฏ  ุฃุฑุณู ุงูุทูุจ #56 ุฅูู ูุฑุญูุฉ ุงูุชูููุฐ', 'edit_order.php?id=56', 0, '2025-07-26 17:10:14'),
(266, 4, '๐จ ุงููุตูู ุนูุฑ ุงุญูุฏ  ุฃุฑุณู ุงูุทูุจ #56 ุฅูู ูุฑุญูุฉ ุงูุชูููุฐ', 'edit_order.php?id=56', 0, '2025-07-26 17:10:14'),
(267, 1, '๐จ ุงููุตูู ุนูุฑ ุงุญูุฏ  ุฃุฑุณู ุงูุทูุจ #52 ุฅูู ูุฑุญูุฉ ุงูุชูููุฐ', 'edit_order.php?id=52', 0, '2025-07-26 18:06:18'),
(268, 6, '๐จ ุงููุตูู ุนูุฑ ุงุญูุฏ  ุฃุฑุณู ุงูุทูุจ #52 ุฅูู ูุฑุญูุฉ ุงูุชูููุฐ', 'edit_order.php?id=52', 0, '2025-07-26 18:06:18'),
(269, 4, '๐จ ุงููุตูู ุนูุฑ ุงุญูุฏ  ุฃุฑุณู ุงูุทูุจ #52 ุฅูู ูุฑุญูุฉ ุงูุชูููุฐ', 'edit_order.php?id=52', 0, '2025-07-26 18:06:18'),
(270, 1, '๐จ ุงููุตูู ุชูููู ุนุจุฏ ุงูุญููู ุฃุฑุณู ุงูุทูุจ #54 ุฅูู ูุฑุญูุฉ ุงูุชูููุฐ', 'edit_order.php?id=54', 0, '2025-07-27 06:30:38'),
(271, 6, '๐จ ุงููุตูู ุชูููู ุนุจุฏ ุงูุญููู ุฃุฑุณู ุงูุทูุจ #54 ุฅูู ูุฑุญูุฉ ุงูุชูููุฐ', 'edit_order.php?id=54', 0, '2025-07-27 06:30:38'),
(272, 4, '๐จ ุงููุตูู ุชูููู ุนุจุฏ ุงูุญููู ุฃุฑุณู ุงูุทูุจ #54 ุฅูู ูุฑุญูุฉ ุงูุชูููุฐ', 'edit_order.php?id=54', 0, '2025-07-27 06:30:38'),
(273, 1, '๐จ ุงููุตูู ุชูููู ุนุจุฏ ุงูุญููู ุฃุฑุณู ุงูุทูุจ #57 ุฅูู ูุฑุญูุฉ ุงูุชูููุฐ', 'edit_order.php?id=57', 0, '2025-07-27 06:33:32'),
(274, 6, '๐จ ุงููุตูู ุชูููู ุนุจุฏ ุงูุญููู ุฃุฑุณู ุงูุทูุจ #57 ุฅูู ูุฑุญูุฉ ุงูุชูููุฐ', 'edit_order.php?id=57', 0, '2025-07-27 06:33:32'),
(275, 4, '๐จ ุงููุตูู ุชูููู ุนุจุฏ ุงูุญููู ุฃุฑุณู ุงูุทูุจ #57 ุฅูู ูุฑุญูุฉ ุงูุชูููุฐ', 'edit_order.php?id=57', 0, '2025-07-27 06:33:32'),
(276, 1, '๐จ ุงููุตูู ุชูููู ุนุจุฏ ุงูุญููู ุฃุฑุณู ุงูุทูุจ #59 ุฅูู ูุฑุญูุฉ ุงูุชูููุฐ', 'edit_order.php?id=59', 0, '2025-07-27 06:38:54'),
(277, 6, '๐จ ุงููุตูู ุชูููู ุนุจุฏ ุงูุญููู ุฃุฑุณู ุงูุทูุจ #59 ุฅูู ูุฑุญูุฉ ุงูุชูููุฐ', 'edit_order.php?id=59', 0, '2025-07-27 06:38:54'),
(278, 4, '๐จ ุงููุตูู ุชูููู ุนุจุฏ ุงูุญููู ุฃุฑุณู ุงูุทูุจ #59 ุฅูู ูุฑุญูุฉ ุงูุชูููุฐ', 'edit_order.php?id=59', 0, '2025-07-27 06:38:54'),
(279, 1, '๐จ ุงููุตูู ุชูููู ุนุจุฏ ุงูุญููู ุฃุฑุณู ุงูุทูุจ #60 ุฅูู ูุฑุญูุฉ ุงูุชูููุฐ', 'edit_order.php?id=60', 0, '2025-07-27 06:43:39'),
(280, 6, '๐จ ุงููุตูู ุชูููู ุนุจุฏ ุงูุญููู ุฃุฑุณู ุงูุทูุจ #60 ุฅูู ูุฑุญูุฉ ุงูุชูููุฐ', 'edit_order.php?id=60', 0, '2025-07-27 06:43:39'),
(281, 4, '๐จ ุงููุตูู ุชูููู ุนุจุฏ ุงูุญููู ุฃุฑุณู ุงูุทูุจ #60 ุฅูู ูุฑุญูุฉ ุงูุชูููุฐ', 'edit_order.php?id=60', 1, '2025-07-27 06:43:39'),
(282, 1, 'โ ุญุณุงู ุงูุดูุฎ ุฃููู ุชูููุฐ ุงูุทูุจ #45 ูุฃุตุจุญ ุฌุงูุฒุงู ููุชุณููู', 'edit_order.php?id=45', 0, '2025-07-27 07:46:49'),
(283, 6, 'โ ุญุณุงู ุงูุดูุฎ ุฃููู ุชูููุฐ ุงูุทูุจ #45 ูุฃุตุจุญ ุฌุงูุฒุงู ููุชุณููู', 'edit_order.php?id=45', 0, '2025-07-27 07:46:49'),
(284, 3, 'โ ุญุณุงู ุงูุดูุฎ ุฃููู ุชูููุฐ ุงูุทูุจ #45 ูุฃุตุจุญ ุฌุงูุฒุงู ููุชุณููู', 'edit_order.php?id=45', 0, '2025-07-27 07:46:49'),
(285, 1, '๐จ ุงููุตูู ุนูุฑ ุงุญูุฏ  ุฃุฑุณู ุงูุทูุจ #61 ุฅูู ูุฑุญูุฉ ุงูุชูููุฐ', 'edit_order.php?id=61', 0, '2025-07-27 07:48:21'),
(286, 6, '๐จ ุงููุตูู ุนูุฑ ุงุญูุฏ  ุฃุฑุณู ุงูุทูุจ #61 ุฅูู ูุฑุญูุฉ ุงูุชูููุฐ', 'edit_order.php?id=61', 0, '2025-07-27 07:48:21'),
(287, 4, '๐จ ุงููุตูู ุนูุฑ ุงุญูุฏ  ุฃุฑุณู ุงูุทูุจ #61 ุฅูู ูุฑุญูุฉ ุงูุชูููุฐ', 'edit_order.php?id=61', 1, '2025-07-27 07:48:21'),
(288, 1, 'โ ุญุณุงู ุงูุดูุฎ ุฃููู ุชูููุฐ ุงูุทูุจ #51 ูุฃุตุจุญ ุฌุงูุฒุงู ููุชุณููู', 'edit_order.php?id=51', 0, '2025-07-27 07:48:33'),
(289, 6, 'โ ุญุณุงู ุงูุดูุฎ ุฃููู ุชูููุฐ ุงูุทูุจ #51 ูุฃุตุจุญ ุฌุงูุฒุงู ููุชุณููู', 'edit_order.php?id=51', 0, '2025-07-27 07:48:33'),
(290, 2, 'โ ุญุณุงู ุงูุดูุฎ ุฃููู ุชูููุฐ ุงูุทูุจ #51 ูุฃุตุจุญ ุฌุงูุฒุงู ููุชุณููู', 'edit_order.php?id=51', 0, '2025-07-27 07:48:33'),
(291, 1, 'โ ุญุณุงู ุงูุดูุฎ ุฃููู ุชูููุฐ ุงูุทูุจ #48 ูุฃุตุจุญ ุฌุงูุฒุงู ููุชุณููู', 'edit_order.php?id=48', 0, '2025-07-27 07:48:55'),
(292, 6, 'โ ุญุณุงู ุงูุดูุฎ ุฃููู ุชูููุฐ ุงูุทูุจ #48 ูุฃุตุจุญ ุฌุงูุฒุงู ููุชุณููู', 'edit_order.php?id=48', 0, '2025-07-27 07:48:55'),
(293, 2, 'โ ุญุณุงู ุงูุดูุฎ ุฃููู ุชูููุฐ ุงูุทูุจ #48 ูุฃุตุจุญ ุฌุงูุฒุงู ููุชุณููู', 'edit_order.php?id=48', 0, '2025-07-27 07:48:55'),
(294, 1, 'โ ุญุณุงู ุงูุดูุฎ ุฃููู ุชูููุฐ ุงูุทูุจ #41 ูุฃุตุจุญ ุฌุงูุฒุงู ููุชุณููู', 'edit_order.php?id=41', 0, '2025-07-27 07:50:00'),
(295, 6, 'โ ุญุณุงู ุงูุดูุฎ ุฃููู ุชูููุฐ ุงูุทูุจ #41 ูุฃุตุจุญ ุฌุงูุฒุงู ููุชุณููู', 'edit_order.php?id=41', 0, '2025-07-27 07:50:00'),
(296, 2, 'โ ุญุณุงู ุงูุดูุฎ ุฃููู ุชูููุฐ ุงูุทูุจ #41 ูุฃุตุจุญ ุฌุงูุฒุงู ููุชุณููู', 'edit_order.php?id=41', 0, '2025-07-27 07:50:00'),
(297, 1, 'โ ุญุณุงู ุงูุดูุฎ ุฃููู ุชูููุฐ ุงูุทูุจ #34 ูุฃุตุจุญ ุฌุงูุฒุงู ููุชุณููู', 'edit_order.php?id=34', 0, '2025-07-27 07:54:39'),
(298, 6, 'โ ุญุณุงู ุงูุดูุฎ ุฃููู ุชูููุฐ ุงูุทูุจ #34 ูุฃุตุจุญ ุฌุงูุฒุงู ููุชุณููู', 'edit_order.php?id=34', 0, '2025-07-27 07:54:39'),
(299, 2, 'โ ุญุณุงู ุงูุดูุฎ ุฃููู ุชูููุฐ ุงูุทูุจ #34 ูุฃุตุจุญ ุฌุงูุฒุงู ููุชุณููู', 'edit_order.php?id=34', 0, '2025-07-27 07:54:39'),
(300, 1, '๐จ ุงููุตูู ุนูุฑ ุงุญูุฏ  ุฃุฑุณู ุงูุทูุจ #62 ุฅูู ูุฑุญูุฉ ุงูุชูููุฐ', 'edit_order.php?id=62', 0, '2025-07-27 09:36:21'),
(301, 6, '๐จ ุงููุตูู ุนูุฑ ุงุญูุฏ  ุฃุฑุณู ุงูุทูุจ #62 ุฅูู ูุฑุญูุฉ ุงูุชูููุฐ', 'edit_order.php?id=62', 0, '2025-07-27 09:36:21'),
(302, 4, '๐จ ุงููุตูู ุนูุฑ ุงุญูุฏ  ุฃุฑุณู ุงูุทูุจ #62 ุฅูู ูุฑุญูุฉ ุงูุชูููุฐ', 'edit_order.php?id=62', 0, '2025-07-27 09:36:21'),
(303, 1, '๐จ ุงููุตูู ุชูููู ุนุจุฏ ุงูุญููู ุฃุฑุณู ุงูุทูุจ #58 ุฅูู ูุฑุญูุฉ ุงูุชูููุฐ', 'edit_order.php?id=58', 0, '2025-07-27 13:26:04'),
(304, 6, '๐จ ุงููุตูู ุชูููู ุนุจุฏ ุงูุญููู ุฃุฑุณู ุงูุทูุจ #58 ุฅูู ูุฑุญูุฉ ุงูุชูููุฐ', 'edit_order.php?id=58', 0, '2025-07-27 13:26:04'),
(305, 4, '๐จ ุงููุตูู ุชูููู ุนุจุฏ ุงูุญููู ุฃุฑุณู ุงูุทูุจ #58 ุฅูู ูุฑุญูุฉ ุงูุชูููุฐ', 'edit_order.php?id=58', 0, '2025-07-27 13:26:04'),
(306, 1, '๐จ ุงููุตูู ุชูููู ุนุจุฏ ุงูุญููู ุฃุฑุณู ุงูุทูุจ #55 ุฅูู ูุฑุญูุฉ ุงูุชูููุฐ', 'edit_order.php?id=55', 0, '2025-07-27 13:26:11'),
(307, 6, '๐จ ุงููุตูู ุชูููู ุนุจุฏ ุงูุญููู ุฃุฑุณู ุงูุทูุจ #55 ุฅูู ูุฑุญูุฉ ุงูุชูููุฐ', 'edit_order.php?id=55', 0, '2025-07-27 13:26:11'),
(308, 4, '๐จ ุงููุตูู ุชูููู ุนุจุฏ ุงูุญููู ุฃุฑุณู ุงูุทูุจ #55 ุฅูู ูุฑุญูุฉ ุงูุชูููุฐ', 'edit_order.php?id=55', 0, '2025-07-27 13:26:11'),
(309, 1, '๐จ ุงููุตูู ุชูููู ุนุจุฏ ุงูุญููู ุฃุฑุณู ุงูุทูุจ #63 ุฅูู ูุฑุญูุฉ ุงูุชูููุฐ', 'edit_order.php?id=63', 0, '2025-07-27 13:39:36'),
(310, 6, '๐จ ุงููุตูู ุชูููู ุนุจุฏ ุงูุญููู ุฃุฑุณู ุงูุทูุจ #63 ุฅูู ูุฑุญูุฉ ุงูุชูููุฐ', 'edit_order.php?id=63', 0, '2025-07-27 13:39:36'),
(311, 4, '๐จ ุงููุตูู ุชูููู ุนุจุฏ ุงูุญููู ุฃุฑุณู ุงูุทูุจ #63 ุฅูู ูุฑุญูุฉ ุงูุชูููุฐ', 'edit_order.php?id=63', 0, '2025-07-27 13:39:36'),
(312, 1, 'โ ุญุณุงู ุงูุดูุฎ ุฃููู ุชูููุฐ ุงูุทูุจ #30 ูุฃุตุจุญ ุฌุงูุฒุงู ููุชุณููู', 'edit_order.php?id=30', 0, '2025-07-27 14:03:48'),
(313, 6, 'โ ุญุณุงู ุงูุดูุฎ ุฃููู ุชูููุฐ ุงูุทูุจ #30 ูุฃุตุจุญ ุฌุงูุฒุงู ููุชุณููู', 'edit_order.php?id=30', 0, '2025-07-27 14:03:48'),
(314, 2, 'โ ุญุณุงู ุงูุดูุฎ ุฃููู ุชูููุฐ ุงูุทูุจ #30 ูุฃุตุจุญ ุฌุงูุฒุงู ููุชุณููู', 'edit_order.php?id=30', 0, '2025-07-27 14:03:48'),
(315, 1, 'โ ุญุณุงู ุงูุดูุฎ ุฃููู ุชูููุฐ ุงูุทูุจ #33 ูุฃุตุจุญ ุฌุงูุฒุงู ููุชุณููู', 'edit_order.php?id=33', 0, '2025-07-27 14:03:57'),
(316, 6, 'โ ุญุณุงู ุงูุดูุฎ ุฃููู ุชูููุฐ ุงูุทูุจ #33 ูุฃุตุจุญ ุฌุงูุฒุงู ููุชุณููู', 'edit_order.php?id=33', 0, '2025-07-27 14:03:57'),
(317, 2, 'โ ุญุณุงู ุงูุดูุฎ ุฃููู ุชูููุฐ ุงูุทูุจ #33 ูุฃุตุจุญ ุฌุงูุฒุงู ููุชุณููู', 'edit_order.php?id=33', 0, '2025-07-27 14:03:57'),
(318, 1, 'โ ุญุณุงู ุงูุดูุฎ ุฃููู ุชูููุฐ ุงูุทูุจ #36 ูุฃุตุจุญ ุฌุงูุฒุงู ููุชุณููู', 'edit_order.php?id=36', 0, '2025-07-27 14:04:05'),
(319, 6, 'โ ุญุณุงู ุงูุดูุฎ ุฃููู ุชูููุฐ ุงูุทูุจ #36 ูุฃุตุจุญ ุฌุงูุฒุงู ููุชุณููู', 'edit_order.php?id=36', 0, '2025-07-27 14:04:05'),
(320, 3, 'โ ุญุณุงู ุงูุดูุฎ ุฃููู ุชูููุฐ ุงูุทูุจ #36 ูุฃุตุจุญ ุฌุงูุฒุงู ููุชุณููู', 'edit_order.php?id=36', 0, '2025-07-27 14:04:05'),
(321, 1, '๐จ ุงููุตูู ุชูููู ุนุจุฏ ุงูุญููู ุฃุฑุณู ุงูุทูุจ #64 ุฅูู ูุฑุญูุฉ ุงูุชูููุฐ', 'edit_order.php?id=64', 0, '2025-07-27 14:39:55'),
(322, 6, '๐จ ุงููุตูู ุชูููู ุนุจุฏ ุงูุญููู ุฃุฑุณู ุงูุทูุจ #64 ุฅูู ูุฑุญูุฉ ุงูุชูููุฐ', 'edit_order.php?id=64', 0, '2025-07-27 14:39:55'),
(323, 4, '๐จ ุงููุตูู ุชูููู ุนุจุฏ ุงูุญููู ุฃุฑุณู ุงูุทูุจ #64 ุฅูู ูุฑุญูุฉ ุงูุชูููุฐ', 'edit_order.php?id=64', 0, '2025-07-27 14:39:55'),
(324, 1, '๐จ ุงููุตูู ุนูุฑ ุงุญูุฏ  ุฃุฑุณู ุงูุทูุจ #65 ุฅูู ูุฑุญูุฉ ุงูุชูููุฐ', 'edit_order.php?id=65', 0, '2025-07-27 16:22:45'),
(325, 6, '๐จ ุงููุตูู ุนูุฑ ุงุญูุฏ  ุฃุฑุณู ุงูุทูุจ #65 ุฅูู ูุฑุญูุฉ ุงูุชูููุฐ', 'edit_order.php?id=65', 0, '2025-07-27 16:22:45'),
(326, 4, '๐จ ุงููุตูู ุนูุฑ ุงุญูุฏ  ุฃุฑุณู ุงูุทูุจ #65 ุฅูู ูุฑุญูุฉ ุงูุชูููุฐ', 'edit_order.php?id=65', 0, '2025-07-27 16:22:45'),
(327, 1, '๐จ ุงููุตูู ุนูุฑ ุงุญูุฏ  ุฃุฑุณู ุงูุทูุจ #66 ุฅูู ูุฑุญูุฉ ุงูุชูููุฐ', 'edit_order.php?id=66', 0, '2025-07-27 16:51:06'),
(328, 6, '๐จ ุงููุตูู ุนูุฑ ุงุญูุฏ  ุฃุฑุณู ุงูุทูุจ #66 ุฅูู ูุฑุญูุฉ ุงูุชูููุฐ', 'edit_order.php?id=66', 0, '2025-07-27 16:51:06'),
(329, 4, '๐จ ุงููุตูู ุนูุฑ ุงุญูุฏ  ุฃุฑุณู ุงูุทูุจ #66 ุฅูู ูุฑุญูุฉ ุงูุชูููุฐ', 'edit_order.php?id=66', 0, '2025-07-27 16:51:06'),
(330, 1, '๐จ ุงููุตูู ุนูุฑ ุงุญูุฏ  ุฃุฑุณู ุงูุทูุจ #67 ุฅูู ูุฑุญูุฉ ุงูุชูููุฐ', 'edit_order.php?id=67', 0, '2025-07-27 17:37:18'),
(331, 6, '๐จ ุงููุตูู ุนูุฑ ุงุญูุฏ  ุฃุฑุณู ุงูุทูุจ #67 ุฅูู ูุฑุญูุฉ ุงูุชูููุฐ', 'edit_order.php?id=67', 0, '2025-07-27 17:37:18'),
(332, 4, '๐จ ุงููุตูู ุนูุฑ ุงุญูุฏ  ุฃุฑุณู ุงูุทูุจ #67 ุฅูู ูุฑุญูุฉ ุงูุชูููุฐ', 'edit_order.php?id=67', 0, '2025-07-27 17:37:18'),
(333, 1, '๐จ ุงููุตูู ุนูุฑ ุงุญูุฏ  ุฃุฑุณู ุงูุทูุจ #68 ุฅูู ูุฑุญูุฉ ุงูุชูููุฐ', 'edit_order.php?id=68', 0, '2025-07-27 17:51:27'),
(334, 6, '๐จ ุงููุตูู ุนูุฑ ุงุญูุฏ  ุฃุฑุณู ุงูุทูุจ #68 ุฅูู ูุฑุญูุฉ ุงูุชูููุฐ', 'edit_order.php?id=68', 0, '2025-07-27 17:51:27'),
(335, 4, '๐จ ุงููุตูู ุนูุฑ ุงุญูุฏ  ุฃุฑุณู ุงูุทูุจ #68 ุฅูู ูุฑุญูุฉ ุงูุชูููุฐ', 'edit_order.php?id=68', 0, '2025-07-27 17:51:27'),
(336, 1, '๐จ ุงููุตูู ุนูุฑ ุงุญูุฏ  ุฃุฑุณู ุงูุทูุจ #69 ุฅูู ูุฑุญูุฉ ุงูุชูููุฐ', 'edit_order.php?id=69', 0, '2025-07-27 18:56:56'),
(337, 6, '๐จ ุงููุตูู ุนูุฑ ุงุญูุฏ  ุฃุฑุณู ุงูุทูุจ #69 ุฅูู ูุฑุญูุฉ ุงูุชูููุฐ', 'edit_order.php?id=69', 0, '2025-07-27 18:56:56'),
(338, 4, '๐จ ุงููุตูู ุนูุฑ ุงุญูุฏ  ุฃุฑุณู ุงูุทูุจ #69 ุฅูู ูุฑุญูุฉ ุงูุชูููุฐ', 'edit_order.php?id=69', 0, '2025-07-27 18:56:56'),
(339, 1, '๐จ ุงููุตูู ุนูุฑ ุงุญูุฏ  ุฃุฑุณู ุงูุทูุจ #70 ุฅูู ูุฑุญูุฉ ุงูุชูููุฐ', 'edit_order.php?id=70', 0, '2025-07-27 19:19:19'),
(340, 6, '๐จ ุงููุตูู ุนูุฑ ุงุญูุฏ  ุฃุฑุณู ุงูุทูุจ #70 ุฅูู ูุฑุญูุฉ ุงูุชูููุฐ', 'edit_order.php?id=70', 0, '2025-07-27 19:19:19'),
(341, 4, '๐จ ุงููุตูู ุนูุฑ ุงุญูุฏ  ุฃุฑุณู ุงูุทูุจ #70 ุฅูู ูุฑุญูุฉ ุงูุชูููุฐ', 'edit_order.php?id=70', 0, '2025-07-27 19:19:19'),
(342, 1, '๐จ ุงููุตูู ุนูุฑ ุงุญูุฏ  ุฃุฑุณู ุงูุทูุจ #71 ุฅูู ูุฑุญูุฉ ุงูุชูููุฐ', 'edit_order.php?id=71', 0, '2025-07-28 07:48:10'),
(343, 6, '๐จ ุงููุตูู ุนูุฑ ุงุญูุฏ  ุฃุฑุณู ุงูุทูุจ #71 ุฅูู ูุฑุญูุฉ ุงูุชูููุฐ', 'edit_order.php?id=71', 0, '2025-07-28 07:48:10'),
(344, 4, '๐จ ุงููุตูู ุนูุฑ ุงุญูุฏ  ุฃุฑุณู ุงูุทูุจ #71 ุฅูู ูุฑุญูุฉ ุงูุชูููุฐ', 'edit_order.php?id=71', 0, '2025-07-28 07:48:10'),
(345, 1, '๐จ ุงููุตูู ุชูููู ุนุจุฏ ุงูุญููู ุฃุฑุณู ุงูุทูุจ #72 ุฅูู ูุฑุญูุฉ ุงูุชูููุฐ', 'edit_order.php?id=72', 0, '2025-07-28 08:02:37'),
(346, 6, '๐จ ุงููุตูู ุชูููู ุนุจุฏ ุงูุญููู ุฃุฑุณู ุงูุทูุจ #72 ุฅูู ูุฑุญูุฉ ุงูุชูููุฐ', 'edit_order.php?id=72', 0, '2025-07-28 08:02:37'),
(347, 4, '๐จ ุงููุตูู ุชูููู ุนุจุฏ ุงูุญููู ุฃุฑุณู ุงูุทูุจ #72 ุฅูู ูุฑุญูุฉ ุงูุชูููุฐ', 'edit_order.php?id=72', 0, '2025-07-28 08:02:37'),
(348, 1, '๐จ ุงููุตูู ุชูููู ุนุจุฏ ุงูุญููู ุฃุฑุณู ุงูุทูุจ #74 ุฅูู ูุฑุญูุฉ ุงูุชูููุฐ', 'edit_order.php?id=74', 0, '2025-07-28 08:02:44'),
(349, 6, '๐จ ุงููุตูู ุชูููู ุนุจุฏ ุงูุญููู ุฃุฑุณู ุงูุทูุจ #74 ุฅูู ูุฑุญูุฉ ุงูุชูููุฐ', 'edit_order.php?id=74', 0, '2025-07-28 08:02:44'),
(350, 4, '๐จ ุงููุตูู ุชูููู ุนุจุฏ ุงูุญููู ุฃุฑุณู ุงูุทูุจ #74 ุฅูู ูุฑุญูุฉ ุงูุชูููุฐ', 'edit_order.php?id=74', 0, '2025-07-28 08:02:44'),
(351, 1, '๐จ ุงููุตูู ุชูููู ุนุจุฏ ุงูุญููู ุฃุฑุณู ุงูุทูุจ #75 ุฅูู ูุฑุญูุฉ ุงูุชูููุฐ', 'edit_order.php?id=75', 0, '2025-07-28 08:02:53'),
(352, 6, '๐จ ุงููุตูู ุชูููู ุนุจุฏ ุงูุญููู ุฃุฑุณู ุงูุทูุจ #75 ุฅูู ูุฑุญูุฉ ุงูุชูููุฐ', 'edit_order.php?id=75', 0, '2025-07-28 08:02:53'),
(353, 4, '๐จ ุงููุตูู ุชูููู ุนุจุฏ ุงูุญููู ุฃุฑุณู ุงูุทูุจ #75 ุฅูู ูุฑุญูุฉ ุงูุชูููุฐ', 'edit_order.php?id=75', 0, '2025-07-28 08:02:53'),
(354, 1, '๐จ ุงููุตูู ุชูููู ุนุจุฏ ุงูุญููู ุฃุฑุณู ุงูุทูุจ #49 ุฅูู ูุฑุญูุฉ ุงูุชูููุฐ', 'edit_order.php?id=49', 0, '2025-07-28 08:03:04'),
(355, 6, '๐จ ุงููุตูู ุชูููู ุนุจุฏ ุงูุญููู ุฃุฑุณู ุงูุทูุจ #49 ุฅูู ูุฑุญูุฉ ุงูุชูููุฐ', 'edit_order.php?id=49', 0, '2025-07-28 08:03:04'),
(356, 4, '๐จ ุงููุตูู ุชูููู ุนุจุฏ ุงูุญููู ุฃุฑุณู ุงูุทูุจ #49 ุฅูู ูุฑุญูุฉ ุงูุชูููุฐ', 'edit_order.php?id=49', 0, '2025-07-28 08:03:04'),
(357, 1, 'โ ุญุณุงู ุงูุดูุฎ ุฃููู ุชูููุฐ ุงูุทูุจ #49 ูุฃุตุจุญ ุฌุงูุฒุงู ููุชุณููู', 'edit_order.php?id=49', 0, '2025-07-28 08:14:06'),
(358, 6, 'โ ุญุณุงู ุงูุดูุฎ ุฃููู ุชูููุฐ ุงูุทูุจ #49 ูุฃุตุจุญ ุฌุงูุฒุงู ููุชุณููู', 'edit_order.php?id=49', 0, '2025-07-28 08:14:06'),
(359, 2, 'โ ุญุณุงู ุงูุดูุฎ ุฃููู ุชูููุฐ ุงูุทูุจ #49 ูุฃุตุจุญ ุฌุงูุฒุงู ููุชุณููู', 'edit_order.php?id=49', 0, '2025-07-28 08:14:06'),
(360, 1, 'โ ุญุณุงู ุงูุดูุฎ ุฃููู ุชูููุฐ ุงูุทูุจ #69 ูุฃุตุจุญ ุฌุงูุฒุงู ููุชุณููู', 'edit_order.php?id=69', 0, '2025-07-28 08:14:22'),
(361, 6, 'โ ุญุณุงู ุงูุดูุฎ ุฃููู ุชูููุฐ ุงูุทูุจ #69 ูุฃุตุจุญ ุฌุงูุฒุงู ููุชุณููู', 'edit_order.php?id=69', 0, '2025-07-28 08:14:22'),
(362, 3, 'โ ุญุณุงู ุงูุดูุฎ ุฃููู ุชูููุฐ ุงูุทูุจ #69 ูุฃุตุจุญ ุฌุงูุฒุงู ููุชุณููู', 'edit_order.php?id=69', 0, '2025-07-28 08:14:22'),
(363, 1, 'โ ุญุณุงู ุงูุดูุฎ ุฃููู ุชูููุฐ ุงูุทูุจ #68 ูุฃุตุจุญ ุฌุงูุฒุงู ููุชุณููู', 'edit_order.php?id=68', 0, '2025-07-28 08:14:38'),
(364, 6, 'โ ุญุณุงู ุงูุดูุฎ ุฃููู ุชูููุฐ ุงูุทูุจ #68 ูุฃุตุจุญ ุฌุงูุฒุงู ููุชุณููู', 'edit_order.php?id=68', 0, '2025-07-28 08:14:38'),
(365, 3, 'โ ุญุณุงู ุงูุดูุฎ ุฃููู ุชูููุฐ ุงูุทูุจ #68 ูุฃุตุจุญ ุฌุงูุฒุงู ููุชุณููู', 'edit_order.php?id=68', 0, '2025-07-28 08:14:38'),
(366, 1, 'โ ุญุณุงู ุงูุดูุฎ ุฃููู ุชูููุฐ ุงูุทูุจ #66 ูุฃุตุจุญ ุฌุงูุฒุงู ููุชุณููู', 'edit_order.php?id=66', 0, '2025-07-28 08:14:49'),
(367, 6, 'โ ุญุณุงู ุงูุดูุฎ ุฃููู ุชูููุฐ ุงูุทูุจ #66 ูุฃุตุจุญ ุฌุงูุฒุงู ููุชุณููู', 'edit_order.php?id=66', 0, '2025-07-28 08:14:49'),
(368, 3, 'โ ุญุณุงู ุงูุดูุฎ ุฃููู ุชูููุฐ ุงูุทูุจ #66 ูุฃุตุจุญ ุฌุงูุฒุงู ููุชุณููู', 'edit_order.php?id=66', 0, '2025-07-28 08:14:49'),
(369, 1, 'โ ุญุณุงู ุงูุดูุฎ ุฃููู ุชูููุฐ ุงูุทูุจ #63 ูุฃุตุจุญ ุฌุงูุฒุงู ููุชุณููู', 'edit_order.php?id=63', 0, '2025-07-28 08:15:00'),
(370, 6, 'โ ุญุณุงู ุงูุดูุฎ ุฃููู ุชูููุฐ ุงูุทูุจ #63 ูุฃุตุจุญ ุฌุงูุฒุงู ููุชุณููู', 'edit_order.php?id=63', 0, '2025-07-28 08:15:00'),
(371, 2, 'โ ุญุณุงู ุงูุดูุฎ ุฃููู ุชูููุฐ ุงูุทูุจ #63 ูุฃุตุจุญ ุฌุงูุฒุงู ููุชุณููู', 'edit_order.php?id=63', 0, '2025-07-28 08:15:00'),
(372, 1, 'โ ุญุณุงู ุงูุดูุฎ ุฃููู ุชูููุฐ ุงูุทูุจ #64 ูุฃุตุจุญ ุฌุงูุฒุงู ููุชุณููู', 'edit_order.php?id=64', 0, '2025-07-28 08:15:08'),
(373, 6, 'โ ุญุณุงู ุงูุดูุฎ ุฃููู ุชูููุฐ ุงูุทูุจ #64 ูุฃุตุจุญ ุฌุงูุฒุงู ููุชุณููู', 'edit_order.php?id=64', 0, '2025-07-28 08:15:08'),
(374, 2, 'โ ุญุณุงู ุงูุดูุฎ ุฃููู ุชูููุฐ ุงูุทูุจ #64 ูุฃุตุจุญ ุฌุงูุฒุงู ููุชุณููู', 'edit_order.php?id=64', 0, '2025-07-28 08:15:08'),
(375, 1, 'โ ุญุณุงู ุงูุดูุฎ ุฃููู ุชูููุฐ ุงูุทูุจ #65 ูุฃุตุจุญ ุฌุงูุฒุงู ููุชุณููู', 'edit_order.php?id=65', 0, '2025-07-28 08:15:16'),
(376, 6, 'โ ุญุณุงู ุงูุดูุฎ ุฃููู ุชูููุฐ ุงูุทูุจ #65 ูุฃุตุจุญ ุฌุงูุฒุงู ููุชุณููู', 'edit_order.php?id=65', 0, '2025-07-28 08:15:16'),
(377, 3, 'โ ุญุณุงู ุงูุดูุฎ ุฃููู ุชูููุฐ ุงูุทูุจ #65 ูุฃุตุจุญ ุฌุงูุฒุงู ููุชุณููู', 'edit_order.php?id=65', 0, '2025-07-28 08:15:16'),
(378, 1, 'โ ุญุณุงู ุงูุดูุฎ ุฃููู ุชูููุฐ ุงูุทูุจ #62 ูุฃุตุจุญ ุฌุงูุฒุงู ููุชุณููู', 'edit_order.php?id=62', 0, '2025-07-28 08:15:29'),
(379, 6, 'โ ุญุณุงู ุงูุดูุฎ ุฃููู ุชูููุฐ ุงูุทูุจ #62 ูุฃุตุจุญ ุฌุงูุฒุงู ููุชุณููู', 'edit_order.php?id=62', 0, '2025-07-28 08:15:29'),
(380, 3, 'โ ุญุณุงู ุงูุดูุฎ ุฃููู ุชูููุฐ ุงูุทูุจ #62 ูุฃุตุจุญ ุฌุงูุฒุงู ููุชุณููู', 'edit_order.php?id=62', 0, '2025-07-28 08:15:29'),
(381, 1, 'โ ุญุณุงู ุงูุดูุฎ ุฃููู ุชูููุฐ ุงูุทูุจ #61 ูุฃุตุจุญ ุฌุงูุฒุงู ููุชุณููู', 'edit_order.php?id=61', 0, '2025-07-28 08:15:36'),
(382, 6, 'โ ุญุณุงู ุงูุดูุฎ ุฃููู ุชูููุฐ ุงูุทูุจ #61 ูุฃุตุจุญ ุฌุงูุฒุงู ููุชุณููู', 'edit_order.php?id=61', 0, '2025-07-28 08:15:36'),
(383, 3, 'โ ุญุณุงู ุงูุดูุฎ ุฃููู ุชูููุฐ ุงูุทูุจ #61 ูุฃุตุจุญ ุฌุงูุฒุงู ููุชุณููู', 'edit_order.php?id=61', 0, '2025-07-28 08:15:36'),
(384, 1, 'โ ุญุณุงู ุงูุดูุฎ ุฃููู ุชูููุฐ ุงูุทูุจ #60 ูุฃุตุจุญ ุฌุงูุฒุงู ููุชุณููู', 'edit_order.php?id=60', 0, '2025-07-28 08:15:46'),
(385, 6, 'โ ุญุณุงู ุงูุดูุฎ ุฃููู ุชูููุฐ ุงูุทูุจ #60 ูุฃุตุจุญ ุฌุงูุฒุงู ููุชุณููู', 'edit_order.php?id=60', 0, '2025-07-28 08:15:46'),
(386, 2, 'โ ุญุณุงู ุงูุดูุฎ ุฃููู ุชูููุฐ ุงูุทูุจ #60 ูุฃุตุจุญ ุฌุงูุฒุงู ููุชุณููู', 'edit_order.php?id=60', 0, '2025-07-28 08:15:46'),
(387, 1, 'โ ุญุณุงู ุงูุดูุฎ ุฃููู ุชูููุฐ ุงูุทูุจ #57 ูุฃุตุจุญ ุฌุงูุฒุงู ููุชุณููู', 'edit_order.php?id=57', 0, '2025-07-28 08:15:55'),
(388, 6, 'โ ุญุณุงู ุงูุดูุฎ ุฃููู ุชูููุฐ ุงูุทูุจ #57 ูุฃุตุจุญ ุฌุงูุฒุงู ููุชุณููู', 'edit_order.php?id=57', 0, '2025-07-28 08:15:55'),
(389, 2, 'โ ุญุณุงู ุงูุดูุฎ ุฃููู ุชูููุฐ ุงูุทูุจ #57 ูุฃุตุจุญ ุฌุงูุฒุงู ููุชุณููู', 'edit_order.php?id=57', 0, '2025-07-28 08:15:55'),
(390, 1, 'โ ุญุณุงู ุงูุดูุฎ ุฃููู ุชูููุฐ ุงูุทูุจ #54 ูุฃุตุจุญ ุฌุงูุฒุงู ููุชุณููู', 'edit_order.php?id=54', 0, '2025-07-28 08:16:19'),
(391, 6, 'โ ุญุณุงู ุงูุดูุฎ ุฃููู ุชูููุฐ ุงูุทูุจ #54 ูุฃุตุจุญ ุฌุงูุฒุงู ููุชุณููู', 'edit_order.php?id=54', 0, '2025-07-28 08:16:19'),
(392, 2, 'โ ุญุณุงู ุงูุดูุฎ ุฃููู ุชูููุฐ ุงูุทูุจ #54 ูุฃุตุจุญ ุฌุงูุฒุงู ููุชุณููู', 'edit_order.php?id=54', 0, '2025-07-28 08:16:19'),
(393, 1, 'โ ุญุณุงู ุงูุดูุฎ ุฃููู ุชูููุฐ ุงูุทูุจ #53 ูุฃุตุจุญ ุฌุงูุฒุงู ููุชุณููู', 'edit_order.php?id=53', 0, '2025-07-28 08:16:27'),
(394, 6, 'โ ุญุณุงู ุงูุดูุฎ ุฃููู ุชูููุฐ ุงูุทูุจ #53 ูุฃุตุจุญ ุฌุงูุฒุงู ููุชุณููู', 'edit_order.php?id=53', 0, '2025-07-28 08:16:27'),
(395, 2, 'โ ุญุณุงู ุงูุดูุฎ ุฃููู ุชูููุฐ ุงูุทูุจ #53 ูุฃุตุจุญ ุฌุงูุฒุงู ููุชุณููู', 'edit_order.php?id=53', 0, '2025-07-28 08:16:27'),
(396, 1, '๐จ ุงููุตูู ุชูููู ุนุจุฏ ุงูุญููู ุฃุฑุณู ุงูุทูุจ #76 ุฅูู ูุฑุญูุฉ ุงูุชูููุฐ', 'edit_order.php?id=76', 0, '2025-07-28 08:33:56'),
(397, 6, '๐จ ุงููุตูู ุชูููู ุนุจุฏ ุงูุญููู ุฃุฑุณู ุงูุทูุจ #76 ุฅูู ูุฑุญูุฉ ุงูุชูููุฐ', 'edit_order.php?id=76', 0, '2025-07-28 08:33:56'),
(398, 4, '๐จ ุงููุตูู ุชูููู ุนุจุฏ ุงูุญููู ุฃุฑุณู ุงูุทูุจ #76 ุฅูู ูุฑุญูุฉ ุงูุชูููุฐ', 'edit_order.php?id=76', 0, '2025-07-28 08:33:56'),
(399, 1, '๐จ ุงููุตูู ุชูููู ุนุจุฏ ุงูุญููู ุฃุฑุณู ุงูุทูุจ #50 ุฅูู ูุฑุญูุฉ ุงูุชูููุฐ', 'edit_order.php?id=50', 0, '2025-07-28 09:05:42'),
(400, 6, '๐จ ุงููุตูู ุชูููู ุนุจุฏ ุงูุญููู ุฃุฑุณู ุงูุทูุจ #50 ุฅูู ูุฑุญูุฉ ุงูุชูููุฐ', 'edit_order.php?id=50', 0, '2025-07-28 09:05:42'),
(401, 4, '๐จ ุงููุตูู ุชูููู ุนุจุฏ ุงูุญููู ุฃุฑุณู ุงูุทูุจ #50 ุฅูู ูุฑุญูุฉ ุงูุชูููุฐ', 'edit_order.php?id=50', 0, '2025-07-28 09:05:42'),
(402, 1, '๐จ ุงููุตูู ุนูุฑ ุงุญูุฏ  ุฃุฑุณู ุงูุทูุจ #77 ุฅูู ูุฑุญูุฉ ุงูุชูููุฐ', 'edit_order.php?id=77', 0, '2025-07-28 09:16:26'),
(403, 6, '๐จ ุงููุตูู ุนูุฑ ุงุญูุฏ  ุฃุฑุณู ุงูุทูุจ #77 ุฅูู ูุฑุญูุฉ ุงูุชูููุฐ', 'edit_order.php?id=77', 0, '2025-07-28 09:16:26'),
(404, 4, '๐จ ุงููุตูู ุนูุฑ ุงุญูุฏ  ุฃุฑุณู ุงูุทูุจ #77 ุฅูู ูุฑุญูุฉ ุงูุชูููุฐ', 'edit_order.php?id=77', 0, '2025-07-28 09:16:26'),
(405, 1, '๐จ ุงููุตูู ุชูููู ุนุจุฏ ุงูุญููู ุฃุฑุณู ุงูุทูุจ #78 ุฅูู ูุฑุญูุฉ ุงูุชูููุฐ', 'edit_order.php?id=78', 0, '2025-07-28 11:08:31'),
(406, 6, '๐จ ุงููุตูู ุชูููู ุนุจุฏ ุงูุญููู ุฃุฑุณู ุงูุทูุจ #78 ุฅูู ูุฑุญูุฉ ุงูุชูููุฐ', 'edit_order.php?id=78', 0, '2025-07-28 11:08:31'),
(407, 4, '๐จ ุงููุตูู ุชูููู ุนุจุฏ ุงูุญููู ุฃุฑุณู ุงูุทูุจ #78 ุฅูู ูุฑุญูุฉ ุงูุชูููุฐ', 'edit_order.php?id=78', 0, '2025-07-28 11:08:31'),
(408, 1, '๐จ ุงููุตูู ุนูุฑ ุงุญูุฏ  ุฃุฑุณู ุงูุทูุจ #79 ุฅูู ูุฑุญูุฉ ุงูุชูููุฐ', 'edit_order.php?id=79', 0, '2025-07-28 14:00:19'),
(409, 6, '๐จ ุงููุตูู ุนูุฑ ุงุญูุฏ  ุฃุฑุณู ุงูุทูุจ #79 ุฅูู ูุฑุญูุฉ ุงูุชูููุฐ', 'edit_order.php?id=79', 0, '2025-07-28 14:00:19'),
(410, 4, '๐จ ุงููุตูู ุนูุฑ ุงุญูุฏ  ุฃุฑุณู ุงูุทูุจ #79 ุฅูู ูุฑุญูุฉ ุงูุชูููุฐ', 'edit_order.php?id=79', 0, '2025-07-28 14:00:19'),
(411, 1, '๐จ ุงููุตูู ุนูุฑ ุงุญูุฏ  ุฃุฑุณู ุงูุทูุจ #80 ุฅูู ูุฑุญูุฉ ุงูุชูููุฐ', 'edit_order.php?id=80', 0, '2025-07-28 14:00:23'),
(412, 6, '๐จ ุงููุตูู ุนูุฑ ุงุญูุฏ  ุฃุฑุณู ุงูุทูุจ #80 ุฅูู ูุฑุญูุฉ ุงูุชูููุฐ', 'edit_order.php?id=80', 0, '2025-07-28 14:00:23'),
(413, 4, '๐จ ุงููุตูู ุนูุฑ ุงุญูุฏ  ุฃุฑุณู ุงูุทูุจ #80 ุฅูู ูุฑุญูุฉ ุงูุชูููุฐ', 'edit_order.php?id=80', 0, '2025-07-28 14:00:23'),
(414, 1, '๐จ ุงููุตูู ุนูุฑ ุงุญูุฏ  ุฃุฑุณู ุงูุทูุจ #81 ุฅูู ูุฑุญูุฉ ุงูุชูููุฐ', 'edit_order.php?id=81', 0, '2025-07-28 14:53:04'),
(415, 6, '๐จ ุงููุตูู ุนูุฑ ุงุญูุฏ  ุฃุฑุณู ุงูุทูุจ #81 ุฅูู ูุฑุญูุฉ ุงูุชูููุฐ', 'edit_order.php?id=81', 0, '2025-07-28 14:53:04'),
(416, 4, '๐จ ุงููุตูู ุนูุฑ ุงุญูุฏ  ุฃุฑุณู ุงูุทูุจ #81 ุฅูู ูุฑุญูุฉ ุงูุชูููุฐ', 'edit_order.php?id=81', 0, '2025-07-28 14:53:04'),
(417, 1, '๐จ ุงููุตูู ุนูุฑ ุงุญูุฏ  ุฃุฑุณู ุงูุทูุจ #82 ุฅูู ูุฑุญูุฉ ุงูุชูููุฐ', 'edit_order.php?id=82', 0, '2025-07-28 15:46:12'),
(418, 6, '๐จ ุงููุตูู ุนูุฑ ุงุญูุฏ  ุฃุฑุณู ุงูุทูุจ #82 ุฅูู ูุฑุญูุฉ ุงูุชูููุฐ', 'edit_order.php?id=82', 0, '2025-07-28 15:46:12'),
(419, 4, '๐จ ุงููุตูู ุนูุฑ ุงุญูุฏ  ุฃุฑุณู ุงูุทูุจ #82 ุฅูู ูุฑุญูุฉ ุงูุชูููุฐ', 'edit_order.php?id=82', 0, '2025-07-28 15:46:12'),
(420, 1, '๐จ ุงููุตูู ุนูุฑ ุงุญูุฏ  ุฃุฑุณู ุงูุทูุจ #83 ุฅูู ูุฑุญูุฉ ุงูุชูููุฐ', 'edit_order.php?id=83', 0, '2025-07-28 16:13:30'),
(421, 6, '๐จ ุงููุตูู ุนูุฑ ุงุญูุฏ  ุฃุฑุณู ุงูุทูุจ #83 ุฅูู ูุฑุญูุฉ ุงูุชูููุฐ', 'edit_order.php?id=83', 0, '2025-07-28 16:13:30'),
(422, 4, '๐จ ุงููุตูู ุนูุฑ ุงุญูุฏ  ุฃุฑุณู ุงูุทูุจ #83 ุฅูู ูุฑุญูุฉ ุงูุชูููุฐ', 'edit_order.php?id=83', 0, '2025-07-28 16:13:30'),
(423, 6, 'ุชู ุชุฃููุฏ ุงูุชุณููุฉ ุงููุงููุฉ ููุทูุจ #20.', 'edit_order.php?id=20', 0, '2025-07-28 21:00:32'),
(424, 1, '๐จ ุงููุตูู ุชูููู ุนุจุฏ ุงูุญููู ุฃุฑุณู ุงูุทูุจ #84 ุฅูู ูุฑุญูุฉ ุงูุชูููุฐ', 'edit_order.php?id=84', 0, '2025-07-29 06:49:59'),
(425, 6, '๐จ ุงููุตูู ุชูููู ุนุจุฏ ุงูุญููู ุฃุฑุณู ุงูุทูุจ #84 ุฅูู ูุฑุญูุฉ ุงูุชูููุฐ', 'edit_order.php?id=84', 0, '2025-07-29 06:49:59'),
(426, 4, '๐จ ุงููุตูู ุชูููู ุนุจุฏ ุงูุญููู ุฃุฑุณู ุงูุทูุจ #84 ุฅูู ูุฑุญูุฉ ุงูุชูููุฐ', 'edit_order.php?id=84', 0, '2025-07-29 06:49:59'),
(427, 1, '๐จ ุงููุตูู ุชูููู ุนุจุฏ ุงูุญููู ุฃุฑุณู ุงูุทูุจ #73 ุฅูู ูุฑุญูุฉ ุงูุชูููุฐ', 'edit_order.php?id=73', 0, '2025-07-29 06:50:06'),
(428, 6, '๐จ ุงููุตูู ุชูููู ุนุจุฏ ุงูุญููู ุฃุฑุณู ุงูุทูุจ #73 ุฅูู ูุฑุญูุฉ ุงูุชูููุฐ', 'edit_order.php?id=73', 0, '2025-07-29 06:50:06'),
(429, 4, '๐จ ุงููุตูู ุชูููู ุนุจุฏ ุงูุญููู ุฃุฑุณู ุงูุทูุจ #73 ุฅูู ูุฑุญูุฉ ุงูุชูููุฐ', 'edit_order.php?id=73', 0, '2025-07-29 06:50:06'),
(430, 1, '๐จ ุงููุตูู ุชูููู ุนุจุฏ ุงูุญููู ุฃุฑุณู ุงูุทูุจ #86 ุฅูู ูุฑุญูุฉ ุงูุชูููุฐ', 'edit_order.php?id=86', 0, '2025-07-29 06:50:11'),
(431, 6, '๐จ ุงููุตูู ุชูููู ุนุจุฏ ุงูุญููู ุฃุฑุณู ุงูุทูุจ #86 ุฅูู ูุฑุญูุฉ ุงูุชูููุฐ', 'edit_order.php?id=86', 0, '2025-07-29 06:50:11'),
(432, 4, '๐จ ุงููุตูู ุชูููู ุนุจุฏ ุงูุญููู ุฃุฑุณู ุงูุทูุจ #86 ุฅูู ูุฑุญูุฉ ุงูุชูููุฐ', 'edit_order.php?id=86', 0, '2025-07-29 06:50:11'),
(433, 1, '๐จ ุงููุตูู ุชูููู ุนุจุฏ ุงูุญููู ุฃุฑุณู ุงูุทูุจ #85 ุฅูู ูุฑุญูุฉ ุงูุชูููุฐ', 'edit_order.php?id=85', 0, '2025-07-29 06:50:16'),
(434, 6, '๐จ ุงููุตูู ุชูููู ุนุจุฏ ุงูุญููู ุฃุฑุณู ุงูุทูุจ #85 ุฅูู ูุฑุญูุฉ ุงูุชูููุฐ', 'edit_order.php?id=85', 0, '2025-07-29 06:50:16'),
(435, 4, '๐จ ุงููุตูู ุชูููู ุนุจุฏ ุงูุญููู ุฃุฑุณู ุงูุทูุจ #85 ุฅูู ูุฑุญูุฉ ุงูุชูููุฐ', 'edit_order.php?id=85', 0, '2025-07-29 06:50:16'),
(436, 1, '๐จ ุงููุตูู ุชูููู ุนุจุฏ ุงูุญููู ุฃุฑุณู ุงูุทูุจ #87 ุฅูู ูุฑุญูุฉ ุงูุชูููุฐ', 'edit_order.php?id=87', 0, '2025-07-29 07:38:27'),
(437, 6, '๐จ ุงููุตูู ุชูููู ุนุจุฏ ุงูุญููู ุฃุฑุณู ุงูุทูุจ #87 ุฅูู ูุฑุญูุฉ ุงูุชูููุฐ', 'edit_order.php?id=87', 0, '2025-07-29 07:38:27'),
(438, 4, '๐จ ุงููุตูู ุชูููู ุนุจุฏ ุงูุญููู ุฃุฑุณู ุงูุทูุจ #87 ุฅูู ูุฑุญูุฉ ุงูุชูููุฐ', 'edit_order.php?id=87', 0, '2025-07-29 07:38:27'),
(439, 1, '๐จ ุงููุตูู ุชูููู ุนุจุฏ ุงูุญููู ุฃุฑุณู ุงูุทูุจ #88 ุฅูู ูุฑุญูุฉ ุงูุชูููุฐ', 'edit_order.php?id=88', 0, '2025-07-29 07:40:11'),
(440, 6, '๐จ ุงููุตูู ุชูููู ุนุจุฏ ุงูุญููู ุฃุฑุณู ุงูุทูุจ #88 ุฅูู ูุฑุญูุฉ ุงูุชูููุฐ', 'edit_order.php?id=88', 0, '2025-07-29 07:40:11'),
(441, 4, '๐จ ุงููุตูู ุชูููู ุนุจุฏ ุงูุญููู ุฃุฑุณู ุงูุทูุจ #88 ุฅูู ูุฑุญูุฉ ุงูุชูููุฐ', 'edit_order.php?id=88', 0, '2025-07-29 07:40:11'),
(442, 1, '๐จ ุงููุตูู ุนูุฑ ุงุญูุฏ  ุฃุฑุณู ุงูุทูุจ #93 ุฅูู ูุฑุญูุฉ ุงูุชูููุฐ', 'edit_order.php?id=93', 0, '2025-07-29 09:16:57'),
(443, 6, '๐จ ุงููุตูู ุนูุฑ ุงุญูุฏ  ุฃุฑุณู ุงูุทูุจ #93 ุฅูู ูุฑุญูุฉ ุงูุชูููุฐ', 'edit_order.php?id=93', 0, '2025-07-29 09:16:57'),
(444, 4, '๐จ ุงููุตูู ุนูุฑ ุงุญูุฏ  ุฃุฑุณู ุงูุทูุจ #93 ุฅูู ูุฑุญูุฉ ุงูุชูููุฐ', 'edit_order.php?id=93', 0, '2025-07-29 09:16:57'),
(445, 1, '๐จ ุงููุตูู ุนูุฑ ุงุญูุฏ  ุฃุฑุณู ุงูุทูุจ #94 ุฅูู ูุฑุญูุฉ ุงูุชูููุฐ', 'edit_order.php?id=94', 0, '2025-07-29 09:17:03'),
(446, 6, '๐จ ุงููุตูู ุนูุฑ ุงุญูุฏ  ุฃุฑุณู ุงูุทูุจ #94 ุฅูู ูุฑุญูุฉ ุงูุชูููุฐ', 'edit_order.php?id=94', 0, '2025-07-29 09:17:03'),
(447, 4, '๐จ ุงููุตูู ุนูุฑ ุงุญูุฏ  ุฃุฑุณู ุงูุทูุจ #94 ุฅูู ูุฑุญูุฉ ุงูุชูููุฐ', 'edit_order.php?id=94', 0, '2025-07-29 09:17:03'),
(448, 1, '๐จ ุงููุตูู admin ุฃุฑุณู ุงูุทูุจ #89 ุฅูู ูุฑุญูุฉ ุงูุชูููุฐ', 'edit_order.php?id=89', 0, '2025-07-29 13:30:50'),
(449, 4, '๐จ ุงููุตูู admin ุฃุฑุณู ุงูุทูุจ #89 ุฅูู ูุฑุญูุฉ ุงูุชูููุฐ', 'edit_order.php?id=89', 0, '2025-07-29 13:30:50'),
(450, 1, '๐จ ุงููุตูู ุชูููู ุนุจุฏ ุงูุญููู ุฃุฑุณู ุงูุทูุจ #90 ุฅูู ูุฑุญูุฉ ุงูุชูููุฐ', 'edit_order.php?id=90', 0, '2025-07-29 13:32:05'),
(451, 6, '๐จ ุงููุตูู ุชูููู ุนุจุฏ ุงูุญููู ุฃุฑุณู ุงูุทูุจ #90 ุฅูู ูุฑุญูุฉ ุงูุชูููุฐ', 'edit_order.php?id=90', 0, '2025-07-29 13:32:05'),
(452, 4, '๐จ ุงููุตูู ุชูููู ุนุจุฏ ุงูุญููู ุฃุฑุณู ุงูุทูุจ #90 ุฅูู ูุฑุญูุฉ ุงูุชูููุฐ', 'edit_order.php?id=90', 0, '2025-07-29 13:32:05'),
(453, 1, '๐จ ุงููุตูู ุชูููู ุนุจุฏ ุงูุญููู ุฃุฑุณู ุงูุทูุจ #91 ุฅูู ูุฑุญูุฉ ุงูุชูููุฐ', 'edit_order.php?id=91', 0, '2025-07-29 13:32:12'),
(454, 6, '๐จ ุงููุตูู ุชูููู ุนุจุฏ ุงูุญููู ุฃุฑุณู ุงูุทูุจ #91 ุฅูู ูุฑุญูุฉ ุงูุชูููุฐ', 'edit_order.php?id=91', 0, '2025-07-29 13:32:12'),
(455, 4, '๐จ ุงููุตูู ุชูููู ุนุจุฏ ุงูุญููู ุฃุฑุณู ุงูุทูุจ #91 ุฅูู ูุฑุญูุฉ ุงูุชูููุฐ', 'edit_order.php?id=91', 0, '2025-07-29 13:32:12'),
(456, 1, '๐จ ุงููุตูู ุชูููู ุนุจุฏ ุงูุญููู ุฃุฑุณู ุงูุทูุจ #96 ุฅูู ูุฑุญูุฉ ุงูุชูููุฐ', 'edit_order.php?id=96', 0, '2025-07-29 13:47:27'),
(457, 6, '๐จ ุงููุตูู ุชูููู ุนุจุฏ ุงูุญููู ุฃุฑุณู ุงูุทูุจ #96 ุฅูู ูุฑุญูุฉ ุงูุชูููุฐ', 'edit_order.php?id=96', 0, '2025-07-29 13:47:27'),
(458, 4, '๐จ ุงููุตูู ุชูููู ุนุจุฏ ุงูุญููู ุฃุฑุณู ุงูุทูุจ #96 ุฅูู ูุฑุญูุฉ ุงูุชูููุฐ', 'edit_order.php?id=96', 0, '2025-07-29 13:47:27'),
(459, 1, '๐จ ุงููุตูู ุชูููู ุนุจุฏ ุงูุญููู ุฃุฑุณู ุงูุทูุจ #97 ุฅูู ูุฑุญูุฉ ุงูุชูููุฐ', 'edit_order.php?id=97', 0, '2025-07-29 14:41:05'),
(460, 6, '๐จ ุงููุตูู ุชูููู ุนุจุฏ ุงูุญููู ุฃุฑุณู ุงูุทูุจ #97 ุฅูู ูุฑุญูุฉ ุงูุชูููุฐ', 'edit_order.php?id=97', 0, '2025-07-29 14:41:05'),
(461, 4, '๐จ ุงููุตูู ุชูููู ุนุจุฏ ุงูุญููู ุฃุฑุณู ุงูุทูุจ #97 ุฅูู ูุฑุญูุฉ ุงูุชูููุฐ', 'edit_order.php?id=97', 0, '2025-07-29 14:41:05'),
(462, 1, '๐จ ุงููุตูู ุชูููู ุนุจุฏ ุงูุญููู ุฃุฑุณู ุงูุทูุจ #98 ุฅูู ูุฑุญูุฉ ุงูุชูููุฐ', 'edit_order.php?id=98', 0, '2025-07-29 14:41:09'),
(463, 6, '๐จ ุงููุตูู ุชูููู ุนุจุฏ ุงูุญููู ุฃุฑุณู ุงูุทูุจ #98 ุฅูู ูุฑุญูุฉ ุงูุชูููุฐ', 'edit_order.php?id=98', 0, '2025-07-29 14:41:09'),
(464, 4, '๐จ ุงููุตูู ุชูููู ุนุจุฏ ุงูุญููู ุฃุฑุณู ุงูุทูุจ #98 ุฅูู ูุฑุญูุฉ ุงูุชูููุฐ', 'edit_order.php?id=98', 0, '2025-07-29 14:41:09'),
(465, 1, '๐จ ุงููุตูู ุนูุฑ ุงุญูุฏ  ุฃุฑุณู ุงูุทูุจ #100 ุฅูู ูุฑุญูุฉ ุงูุชูููุฐ', 'edit_order.php?id=100', 0, '2025-07-29 19:16:38'),
(466, 6, '๐จ ุงููุตูู ุนูุฑ ุงุญูุฏ  ุฃุฑุณู ุงูุทูุจ #100 ุฅูู ูุฑุญูุฉ ุงูุชูููุฐ', 'edit_order.php?id=100', 0, '2025-07-29 19:16:38'),
(467, 4, '๐จ ุงููุตูู ุนูุฑ ุงุญูุฏ  ุฃุฑุณู ุงูุทูุจ #100 ุฅูู ูุฑุญูุฉ ุงูุชูููุฐ', 'edit_order.php?id=100', 0, '2025-07-29 19:16:38'),
(468, 1, '๐จ ุงููุตูู ุชูููู ุนุจุฏ ุงูุญููู ุฃุฑุณู ุงูุทูุจ #99 ุฅูู ูุฑุญูุฉ ุงูุชูููุฐ', 'edit_order.php?id=99', 0, '2025-07-30 13:57:55'),
(469, 6, '๐จ ุงููุตูู ุชูููู ุนุจุฏ ุงูุญููู ุฃุฑุณู ุงูุทูุจ #99 ุฅูู ูุฑุญูุฉ ุงูุชูููุฐ', 'edit_order.php?id=99', 0, '2025-07-30 13:57:55'),
(470, 4, '๐จ ุงููุตูู ุชูููู ุนุจุฏ ุงูุญููู ุฃุฑุณู ุงูุทูุจ #99 ุฅูู ูุฑุญูุฉ ุงูุชูููุฐ', 'edit_order.php?id=99', 0, '2025-07-30 13:57:55'),
(471, 1, '๐จ ุงููุตูู ุชูููู ุนุจุฏ ุงูุญููู ุฃุฑุณู ุงูุทูุจ #102 ุฅูู ูุฑุญูุฉ ุงูุชูููุฐ', 'edit_order.php?id=102', 0, '2025-07-30 14:03:22'),
(472, 6, '๐จ ุงููุตูู ุชูููู ุนุจุฏ ุงูุญููู ุฃุฑุณู ุงูุทูุจ #102 ุฅูู ูุฑุญูุฉ ุงูุชูููุฐ', 'edit_order.php?id=102', 0, '2025-07-30 14:03:22'),
(473, 4, '๐จ ุงููุตูู ุชูููู ุนุจุฏ ุงูุญููู ุฃุฑุณู ุงูุทูุจ #102 ุฅูู ูุฑุญูุฉ ุงูุชูููุฐ', 'edit_order.php?id=102', 0, '2025-07-30 14:03:22'),
(474, 1, '๐จ ุงููุตูู ุชูููู ุนุจุฏ ุงูุญููู ุฃุฑุณู ุงูุทูุจ #104 ุฅูู ูุฑุญูุฉ ุงูุชูููุฐ', 'edit_order.php?id=104', 0, '2025-07-30 14:03:27'),
(475, 6, '๐จ ุงููุตูู ุชูููู ุนุจุฏ ุงูุญููู ุฃุฑุณู ุงูุทูุจ #104 ุฅูู ูุฑุญูุฉ ุงูุชูููุฐ', 'edit_order.php?id=104', 0, '2025-07-30 14:03:27'),
(476, 4, '๐จ ุงููุตูู ุชูููู ุนุจุฏ ุงูุญููู ุฃุฑุณู ุงูุทูุจ #104 ุฅูู ูุฑุญูุฉ ุงูุชูููุฐ', 'edit_order.php?id=104', 0, '2025-07-30 14:03:27'),
(477, 1, '๐จ ุงููุตูู ุชูููู ุนุจุฏ ุงูุญููู ุฃุฑุณู ุงูุทูุจ #105 ุฅูู ูุฑุญูุฉ ุงูุชูููุฐ', 'edit_order.php?id=105', 0, '2025-07-30 14:03:33'),
(478, 6, '๐จ ุงููุตูู ุชูููู ุนุจุฏ ุงูุญููู ุฃุฑุณู ุงูุทูุจ #105 ุฅูู ูุฑุญูุฉ ุงูุชูููุฐ', 'edit_order.php?id=105', 0, '2025-07-30 14:03:33'),
(479, 4, '๐จ ุงููุตูู ุชูููู ุนุจุฏ ุงูุญููู ุฃุฑุณู ุงูุทูุจ #105 ุฅูู ูุฑุญูุฉ ุงูุชูููุฐ', 'edit_order.php?id=105', 0, '2025-07-30 14:03:33'),
(480, 1, '๐จ ุงููุตูู ุชูููู ุนุจุฏ ุงูุญููู ุฃุฑุณู ุงูุทูุจ #103 ุฅูู ูุฑุญูุฉ ุงูุชูููุฐ', 'edit_order.php?id=103', 0, '2025-07-30 14:03:40'),
(481, 6, '๐จ ุงููุตูู ุชูููู ุนุจุฏ ุงูุญููู ุฃุฑุณู ุงูุทูุจ #103 ุฅูู ูุฑุญูุฉ ุงูุชูููุฐ', 'edit_order.php?id=103', 0, '2025-07-30 14:03:40'),
(482, 4, '๐จ ุงููุตูู ุชูููู ุนุจุฏ ุงูุญููู ุฃุฑุณู ุงูุทูุจ #103 ุฅูู ูุฑุญูุฉ ุงูุชูููุฐ', 'edit_order.php?id=103', 0, '2025-07-30 14:03:40'),
(483, 1, '๐จ ุงููุตูู ุชูููู ุนุจุฏ ุงูุญููู ุฃุฑุณู ุงูุทูุจ #101 ุฅูู ูุฑุญูุฉ ุงูุชูููุฐ', 'edit_order.php?id=101', 0, '2025-07-30 14:03:46'),
(484, 6, '๐จ ุงููุตูู ุชูููู ุนุจุฏ ุงูุญููู ุฃุฑุณู ุงูุทูุจ #101 ุฅูู ูุฑุญูุฉ ุงูุชูููุฐ', 'edit_order.php?id=101', 0, '2025-07-30 14:03:46'),
(485, 4, '๐จ ุงููุตูู ุชูููู ุนุจุฏ ุงูุญููู ุฃุฑุณู ุงูุทูุจ #101 ุฅูู ูุฑุญูุฉ ุงูุชูููุฐ', 'edit_order.php?id=101', 0, '2025-07-30 14:03:46'),
(486, 1, '๐จ ุงููุตูู ุชูููู ุนุจุฏ ุงูุญููู ุฃุฑุณู ุงูุทูุจ #106 ุฅูู ูุฑุญูุฉ ุงูุชูููุฐ', 'edit_order.php?id=106', 0, '2025-07-30 14:04:52'),
(487, 6, '๐จ ุงููุตูู ุชูููู ุนุจุฏ ุงูุญููู ุฃุฑุณู ุงูุทูุจ #106 ุฅูู ูุฑุญูุฉ ุงูุชูููุฐ', 'edit_order.php?id=106', 0, '2025-07-30 14:04:52'),
(488, 4, '๐จ ุงููุตูู ุชูููู ุนุจุฏ ุงูุญููู ุฃุฑุณู ุงูุทูุจ #106 ุฅูู ูุฑุญูุฉ ุงูุชูููุฐ', 'edit_order.php?id=106', 0, '2025-07-30 14:04:52'),
(489, 1, '๐จ ุงููุตูู ุชูููู ุนุจุฏ ุงูุญููู ุฃุฑุณู ุงูุทูุจ #107 ุฅูู ูุฑุญูุฉ ุงูุชูููุฐ', 'edit_order.php?id=107', 0, '2025-07-30 14:38:42'),
(490, 6, '๐จ ุงููุตูู ุชูููู ุนุจุฏ ุงูุญููู ุฃุฑุณู ุงูุทูุจ #107 ุฅูู ูุฑุญูุฉ ุงูุชูููุฐ', 'edit_order.php?id=107', 0, '2025-07-30 14:38:42'),
(491, 4, '๐จ ุงููุตูู ุชูููู ุนุจุฏ ุงูุญููู ุฃุฑุณู ุงูุทูุจ #107 ุฅูู ูุฑุญูุฉ ุงูุชูููุฐ', 'edit_order.php?id=107', 0, '2025-07-30 14:38:42'),
(492, 1, '๐จ ุงููุตูู ุชูููู ุนุจุฏ ุงูุญููู ุฃุฑุณู ุงูุทูุจ #108 ุฅูู ูุฑุญูุฉ ุงูุชูููุฐ', 'edit_order.php?id=108', 0, '2025-07-30 15:34:56'),
(493, 6, '๐จ ุงููุตูู ุชูููู ุนุจุฏ ุงูุญููู ุฃุฑุณู ุงูุทูุจ #108 ุฅูู ูุฑุญูุฉ ุงูุชูููุฐ', 'edit_order.php?id=108', 0, '2025-07-30 15:34:56'),
(494, 4, '๐จ ุงููุตูู ุชูููู ุนุจุฏ ุงูุญููู ุฃุฑุณู ุงูุทูุจ #108 ุฅูู ูุฑุญูุฉ ุงูุชูููุฐ', 'edit_order.php?id=108', 0, '2025-07-30 15:34:56'),
(495, 1, '๐จ ุงููุตูู ุชูููู ุนุจุฏ ุงูุญููู ุฃุฑุณู ุงูุทูุจ #109 ุฅูู ูุฑุญูุฉ ุงูุชูููุฐ', 'edit_order.php?id=109', 0, '2025-07-30 15:35:01'),
(496, 6, '๐จ ุงููุตูู ุชูููู ุนุจุฏ ุงูุญููู ุฃุฑุณู ุงูุทูุจ #109 ุฅูู ูุฑุญูุฉ ุงูุชูููุฐ', 'edit_order.php?id=109', 0, '2025-07-30 15:35:01'),
(497, 4, '๐จ ุงููุตูู ุชูููู ุนุจุฏ ุงูุญููู ุฃุฑุณู ุงูุทูุจ #109 ุฅูู ูุฑุญูุฉ ุงูุชูููุฐ', 'edit_order.php?id=109', 0, '2025-07-30 15:35:01'),
(498, 1, '๐จ ุงููุตูู ุชูููู ุนุจุฏ ุงูุญููู ุฃุฑุณู ุงูุทูุจ #112 ุฅูู ูุฑุญูุฉ ุงูุชูููุฐ', 'edit_order.php?id=112', 0, '2025-07-30 17:04:01'),
(499, 6, '๐จ ุงููุตูู ุชูููู ุนุจุฏ ุงูุญููู ุฃุฑุณู ุงูุทูุจ #112 ุฅูู ูุฑุญูุฉ ุงูุชูููุฐ', 'edit_order.php?id=112', 0, '2025-07-30 17:04:01'),
(500, 4, '๐จ ุงููุตูู ุชูููู ุนุจุฏ ุงูุญููู ุฃุฑุณู ุงูุทูุจ #112 ุฅูู ูุฑุญูุฉ ุงูุชูููุฐ', 'edit_order.php?id=112', 0, '2025-07-30 17:04:01'),
(501, 1, '๐จ ุงููุตูู ุชูููู ุนุจุฏ ุงูุญููู ุฃุฑุณู ุงูุทูุจ #111 ุฅูู ูุฑุญูุฉ ุงูุชูููุฐ', 'edit_order.php?id=111', 0, '2025-07-31 07:07:48'),
(502, 6, '๐จ ุงููุตูู ุชูููู ุนุจุฏ ุงูุญููู ุฃุฑุณู ุงูุทูุจ #111 ุฅูู ูุฑุญูุฉ ุงูุชูููุฐ', 'edit_order.php?id=111', 0, '2025-07-31 07:07:48'),
(503, 4, '๐จ ุงููุตูู ุชูููู ุนุจุฏ ุงูุญููู ุฃุฑุณู ุงูุทูุจ #111 ุฅูู ูุฑุญูุฉ ุงูุชูููุฐ', 'edit_order.php?id=111', 0, '2025-07-31 07:07:48'),
(504, 1, '๐จ ุงููุตูู ุชูููู ุนุจุฏ ุงูุญููู ุฃุฑุณู ุงูุทูุจ #110 ุฅูู ูุฑุญูุฉ ุงูุชูููุฐ', 'edit_order.php?id=110', 0, '2025-07-31 07:08:19'),
(505, 6, '๐จ ุงููุตูู ุชูููู ุนุจุฏ ุงูุญููู ุฃุฑุณู ุงูุทูุจ #110 ุฅูู ูุฑุญูุฉ ุงูุชูููุฐ', 'edit_order.php?id=110', 0, '2025-07-31 07:08:19'),
(506, 4, '๐จ ุงููุตูู ุชูููู ุนุจุฏ ุงูุญููู ุฃุฑุณู ุงูุทูุจ #110 ุฅูู ูุฑุญูุฉ ุงูุชูููุฐ', 'edit_order.php?id=110', 0, '2025-07-31 07:08:19'),
(507, 1, '๐จ ุงููุตูู ุชูููู ุนุจุฏ ุงูุญููู ุฃุฑุณู ุงูุทูุจ #113 ุฅูู ูุฑุญูุฉ ุงูุชูููุฐ', 'edit_order.php?id=113', 0, '2025-07-31 07:29:31'),
(508, 6, '๐จ ุงููุตูู ุชูููู ุนุจุฏ ุงูุญููู ุฃุฑุณู ุงูุทูุจ #113 ุฅูู ูุฑุญูุฉ ุงูุชูููุฐ', 'edit_order.php?id=113', 0, '2025-07-31 07:29:31'),
(509, 4, '๐จ ุงููุตูู ุชูููู ุนุจุฏ ุงูุญููู ุฃุฑุณู ุงูุทูุจ #113 ุฅูู ูุฑุญูุฉ ุงูุชูููุฐ', 'edit_order.php?id=113', 0, '2025-07-31 07:29:31'),
(510, 1, '๐จ ุงููุตูู ุชูููู ุนุจุฏ ุงูุญููู ุฃุฑุณู ุงูุทูุจ #114 ุฅูู ูุฑุญูุฉ ุงูุชูููุฐ', 'edit_order.php?id=114', 0, '2025-07-31 07:56:14'),
(511, 6, '๐จ ุงููุตูู ุชูููู ุนุจุฏ ุงูุญููู ุฃุฑุณู ุงูุทูุจ #114 ุฅูู ูุฑุญูุฉ ุงูุชูููุฐ', 'edit_order.php?id=114', 0, '2025-07-31 07:56:14');
INSERT INTO `notifications` (`notification_id`, `employee_id`, `message`, `link`, `is_read`, `created_at`) VALUES
(512, 4, '๐จ ุงููุตูู ุชูููู ุนุจุฏ ุงูุญููู ุฃุฑุณู ุงูุทูุจ #114 ุฅูู ูุฑุญูุฉ ุงูุชูููุฐ', 'edit_order.php?id=114', 0, '2025-07-31 07:56:14'),
(513, 1, 'โ ุญุณุงู ุงูุดูุฎ ุฃููู ุชูููุฐ ุงูุทูุจ #39 ูุฃุตุจุญ ุฌุงูุฒุงู ููุชุณููู', 'edit_order.php?id=39', 0, '2025-08-02 14:34:30'),
(514, 6, 'โ ุญุณุงู ุงูุดูุฎ ุฃููู ุชูููุฐ ุงูุทูุจ #39 ูุฃุตุจุญ ุฌุงูุฒุงู ููุชุณููู', 'edit_order.php?id=39', 0, '2025-08-02 14:34:30'),
(515, 3, 'โ ุญุณุงู ุงูุดูุฎ ุฃููู ุชูููุฐ ุงูุทูุจ #39 ูุฃุตุจุญ ุฌุงูุฒุงู ููุชุณููู', 'edit_order.php?id=39', 0, '2025-08-02 14:34:30'),
(516, 1, 'โ ุญุณุงู ุงูุดูุฎ ุฃููู ุชูููุฐ ุงูุทูุจ #44 ูุฃุตุจุญ ุฌุงูุฒุงู ููุชุณููู', 'edit_order.php?id=44', 0, '2025-08-02 14:34:38'),
(517, 6, 'โ ุญุณุงู ุงูุดูุฎ ุฃููู ุชูููุฐ ุงูุทูุจ #44 ูุฃุตุจุญ ุฌุงูุฒุงู ููุชุณููู', 'edit_order.php?id=44', 0, '2025-08-02 14:34:38'),
(518, 2, 'โ ุญุณุงู ุงูุดูุฎ ุฃููู ุชูููุฐ ุงูุทูุจ #44 ูุฃุตุจุญ ุฌุงูุฒุงู ููุชุณููู', 'edit_order.php?id=44', 0, '2025-08-02 14:34:38'),
(519, 1, 'โ ุญุณุงู ุงูุดูุฎ ุฃููู ุชูููุฐ ุงูุทูุจ #43 ูุฃุตุจุญ ุฌุงูุฒุงู ููุชุณููู', 'edit_order.php?id=43', 0, '2025-08-02 14:34:45'),
(520, 6, 'โ ุญุณุงู ุงูุดูุฎ ุฃููู ุชูููุฐ ุงูุทูุจ #43 ูุฃุตุจุญ ุฌุงูุฒุงู ููุชุณููู', 'edit_order.php?id=43', 0, '2025-08-02 14:34:45'),
(521, 2, 'โ ุญุณุงู ุงูุดูุฎ ุฃููู ุชูููุฐ ุงูุทูุจ #43 ูุฃุตุจุญ ุฌุงูุฒุงู ููุชุณููู', 'edit_order.php?id=43', 0, '2025-08-02 14:34:45'),
(522, 1, 'โ ุญุณุงู ุงูุดูุฎ ุฃููู ุชูููุฐ ุงูุทูุจ #42 ูุฃุตุจุญ ุฌุงูุฒุงู ููุชุณููู', 'edit_order.php?id=42', 0, '2025-08-02 14:34:51'),
(523, 6, 'โ ุญุณุงู ุงูุดูุฎ ุฃููู ุชูููุฐ ุงูุทูุจ #42 ูุฃุตุจุญ ุฌุงูุฒุงู ููุชุณููู', 'edit_order.php?id=42', 0, '2025-08-02 14:34:51'),
(524, 3, 'โ ุญุณุงู ุงูุดูุฎ ุฃููู ุชูููุฐ ุงูุทูุจ #42 ูุฃุตุจุญ ุฌุงูุฒุงู ููุชุณููู', 'edit_order.php?id=42', 0, '2025-08-02 14:34:51'),
(525, 1, 'โ ุญุณุงู ุงูุดูุฎ ุฃููู ุชูููุฐ ุงูุทูุจ #46 ูุฃุตุจุญ ุฌุงูุฒุงู ููุชุณููู', 'edit_order.php?id=46', 0, '2025-08-02 14:34:57'),
(526, 6, 'โ ุญุณุงู ุงูุดูุฎ ุฃููู ุชูููุฐ ุงูุทูุจ #46 ูุฃุตุจุญ ุฌุงูุฒุงู ููุชุณููู', 'edit_order.php?id=46', 0, '2025-08-02 14:34:57'),
(527, 3, 'โ ุญุณุงู ุงูุดูุฎ ุฃููู ุชูููุฐ ุงูุทูุจ #46 ูุฃุตุจุญ ุฌุงูุฒุงู ููุชุณููู', 'edit_order.php?id=46', 0, '2025-08-02 14:34:57'),
(528, 1, 'โ ุญุณุงู ุงูุดูุฎ ุฃููู ุชูููุฐ ุงูุทูุจ #20 ูุฃุตุจุญ ุฌุงูุฒุงู ููุชุณููู', 'edit_order.php?id=20', 0, '2025-08-02 14:35:14'),
(529, 6, 'โ ุญุณุงู ุงูุดูุฎ ุฃููู ุชูููุฐ ุงูุทูุจ #20 ูุฃุตุจุญ ุฌุงูุฒุงู ููุชุณููู', 'edit_order.php?id=20', 0, '2025-08-02 14:35:14'),
(530, 3, 'โ ุญุณุงู ุงูุดูุฎ ุฃููู ุชูููุฐ ุงูุทูุจ #20 ูุฃุตุจุญ ุฌุงูุฒุงู ููุชุณููู', 'edit_order.php?id=20', 0, '2025-08-02 14:35:14'),
(531, 1, 'โ ุญุณุงู ุงูุดูุฎ ุฃููู ุชูููุฐ ุงูุทูุจ #47 ูุฃุตุจุญ ุฌุงูุฒุงู ููุชุณููู', 'edit_order.php?id=47', 0, '2025-08-02 14:35:19'),
(532, 6, 'โ ุญุณุงู ุงูุดูุฎ ุฃููู ุชูููุฐ ุงูุทูุจ #47 ูุฃุตุจุญ ุฌุงูุฒุงู ููุชุณููู', 'edit_order.php?id=47', 0, '2025-08-02 14:35:19'),
(533, 2, 'โ ุญุณุงู ุงูุดูุฎ ุฃููู ุชูููุฐ ุงูุทูุจ #47 ูุฃุตุจุญ ุฌุงูุฒุงู ููุชุณููู', 'edit_order.php?id=47', 0, '2025-08-02 14:35:19'),
(534, 1, 'โ ุญุณุงู ุงูุดูุฎ ุฃููู ุชูููุฐ ุงูุทูุจ #52 ูุฃุตุจุญ ุฌุงูุฒุงู ููุชุณููู', 'edit_order.php?id=52', 0, '2025-08-02 14:35:26'),
(535, 6, 'โ ุญุณุงู ุงูุดูุฎ ุฃููู ุชูููุฐ ุงูุทูุจ #52 ูุฃุตุจุญ ุฌุงูุฒุงู ููุชุณููู', 'edit_order.php?id=52', 0, '2025-08-02 14:35:26'),
(536, 3, 'โ ุญุณุงู ุงูุดูุฎ ุฃููู ุชูููุฐ ุงูุทูุจ #52 ูุฃุตุจุญ ุฌุงูุฒุงู ููุชุณููู', 'edit_order.php?id=52', 0, '2025-08-02 14:35:26'),
(537, 1, 'โ ุญุณุงู ุงูุดูุฎ ุฃููู ุชูููุฐ ุงูุทูุจ #56 ูุฃุตุจุญ ุฌุงูุฒุงู ููุชุณููู', 'edit_order.php?id=56', 0, '2025-08-02 14:35:32'),
(538, 6, 'โ ุญุณุงู ุงูุดูุฎ ุฃููู ุชูููุฐ ุงูุทูุจ #56 ูุฃุตุจุญ ุฌุงูุฒุงู ููุชุณููู', 'edit_order.php?id=56', 0, '2025-08-02 14:35:32'),
(539, 3, 'โ ุญุณุงู ุงูุดูุฎ ุฃููู ุชูููุฐ ุงูุทูุจ #56 ูุฃุตุจุญ ุฌุงูุฒุงู ููุชุณููู', 'edit_order.php?id=56', 0, '2025-08-02 14:35:32'),
(540, 1, 'โ ุญุณุงู ุงูุดูุฎ ุฃููู ุชูููุฐ ุงูุทูุจ #58 ูุฃุตุจุญ ุฌุงูุฒุงู ููุชุณููู', 'edit_order.php?id=58', 0, '2025-08-02 14:35:42'),
(541, 6, 'โ ุญุณุงู ุงูุดูุฎ ุฃููู ุชูููุฐ ุงูุทูุจ #58 ูุฃุตุจุญ ุฌุงูุฒุงู ููุชุณููู', 'edit_order.php?id=58', 0, '2025-08-02 14:35:42'),
(542, 2, 'โ ุญุณุงู ุงูุดูุฎ ุฃููู ุชูููุฐ ุงูุทูุจ #58 ูุฃุตุจุญ ุฌุงูุฒุงู ููุชุณููู', 'edit_order.php?id=58', 0, '2025-08-02 14:35:42'),
(543, 1, 'โ ุญุณุงู ุงูุดูุฎ ุฃููู ุชูููุฐ ุงูุทูุจ #59 ูุฃุตุจุญ ุฌุงูุฒุงู ููุชุณููู', 'edit_order.php?id=59', 0, '2025-08-02 14:35:49'),
(544, 6, 'โ ุญุณุงู ุงูุดูุฎ ุฃููู ุชูููุฐ ุงูุทูุจ #59 ูุฃุตุจุญ ุฌุงูุฒุงู ููุชุณููู', 'edit_order.php?id=59', 0, '2025-08-02 14:35:49'),
(545, 2, 'โ ุญุณุงู ุงูุดูุฎ ุฃููู ุชูููุฐ ุงูุทูุจ #59 ูุฃุตุจุญ ุฌุงูุฒุงู ููุชุณููู', 'edit_order.php?id=59', 0, '2025-08-02 14:35:49'),
(546, 1, 'โ ุญุณุงู ุงูุดูุฎ ุฃููู ุชูููุฐ ุงูุทูุจ #67 ูุฃุตุจุญ ุฌุงูุฒุงู ููุชุณููู', 'edit_order.php?id=67', 0, '2025-08-02 14:35:59'),
(547, 6, 'โ ุญุณุงู ุงูุดูุฎ ุฃููู ุชูููุฐ ุงูุทูุจ #67 ูุฃุตุจุญ ุฌุงูุฒุงู ููุชุณููู', 'edit_order.php?id=67', 0, '2025-08-02 14:35:59'),
(548, 3, 'โ ุญุณุงู ุงูุดูุฎ ุฃููู ุชูููุฐ ุงูุทูุจ #67 ูุฃุตุจุญ ุฌุงูุฒุงู ููุชุณููู', 'edit_order.php?id=67', 0, '2025-08-02 14:35:59'),
(549, 1, 'โ ุญุณุงู ุงูุดูุฎ ุฃููู ุชูููุฐ ุงูุทูุจ #71 ูุฃุตุจุญ ุฌุงูุฒุงู ููุชุณููู', 'edit_order.php?id=71', 0, '2025-08-02 14:36:07'),
(550, 6, 'โ ุญุณุงู ุงูุดูุฎ ุฃููู ุชูููุฐ ุงูุทูุจ #71 ูุฃุตุจุญ ุฌุงูุฒุงู ููุชุณููู', 'edit_order.php?id=71', 0, '2025-08-02 14:36:07'),
(551, 3, 'โ ุญุณุงู ุงูุดูุฎ ุฃููู ุชูููุฐ ุงูุทูุจ #71 ูุฃุตุจุญ ุฌุงูุฒุงู ููุชุณููู', 'edit_order.php?id=71', 0, '2025-08-02 14:36:07'),
(552, 1, 'โ ุญุณุงู ุงูุดูุฎ ุฃููู ุชูููุฐ ุงูุทูุจ #72 ูุฃุตุจุญ ุฌุงูุฒุงู ููุชุณููู', 'edit_order.php?id=72', 0, '2025-08-02 14:36:11'),
(553, 6, 'โ ุญุณุงู ุงูุดูุฎ ุฃููู ุชูููุฐ ุงูุทูุจ #72 ูุฃุตุจุญ ุฌุงูุฒุงู ููุชุณููู', 'edit_order.php?id=72', 0, '2025-08-02 14:36:11'),
(554, 2, 'โ ุญุณุงู ุงูุดูุฎ ุฃููู ุชูููุฐ ุงูุทูุจ #72 ูุฃุตุจุญ ุฌุงูุฒุงู ููุชุณููู', 'edit_order.php?id=72', 0, '2025-08-02 14:36:11'),
(555, 1, 'โ ุญุณุงู ุงูุดูุฎ ุฃููู ุชูููุฐ ุงูุทูุจ #74 ูุฃุตุจุญ ุฌุงูุฒุงู ููุชุณููู', 'edit_order.php?id=74', 0, '2025-08-02 14:36:15'),
(556, 6, 'โ ุญุณุงู ุงูุดูุฎ ุฃููู ุชูููุฐ ุงูุทูุจ #74 ูุฃุตุจุญ ุฌุงูุฒุงู ููุชุณููู', 'edit_order.php?id=74', 0, '2025-08-02 14:36:15'),
(557, 2, 'โ ุญุณุงู ุงูุดูุฎ ุฃููู ุชูููุฐ ุงูุทูุจ #74 ูุฃุตุจุญ ุฌุงูุฒุงู ููุชุณููู', 'edit_order.php?id=74', 0, '2025-08-02 14:36:15'),
(558, 1, 'โ ุญุณุงู ุงูุดูุฎ ุฃููู ุชูููุฐ ุงูุทูุจ #75 ูุฃุตุจุญ ุฌุงูุฒุงู ููุชุณููู', 'edit_order.php?id=75', 0, '2025-08-02 14:36:20'),
(559, 6, 'โ ุญุณุงู ุงูุดูุฎ ุฃููู ุชูููุฐ ุงูุทูุจ #75 ูุฃุตุจุญ ุฌุงูุฒุงู ููุชุณููู', 'edit_order.php?id=75', 0, '2025-08-02 14:36:20'),
(560, 2, 'โ ุญุณุงู ุงูุดูุฎ ุฃููู ุชูููุฐ ุงูุทูุจ #75 ูุฃุตุจุญ ุฌุงูุฒุงู ููุชุณููู', 'edit_order.php?id=75', 0, '2025-08-02 14:36:20'),
(561, 1, 'โ ุญุณุงู ุงูุดูุฎ ุฃููู ุชูููุฐ ุงูุทูุจ #76 ูุฃุตุจุญ ุฌุงูุฒุงู ููุชุณููู', 'edit_order.php?id=76', 0, '2025-08-02 14:36:25'),
(562, 6, 'โ ุญุณุงู ุงูุดูุฎ ุฃููู ุชูููุฐ ุงูุทูุจ #76 ูุฃุตุจุญ ุฌุงูุฒุงู ููุชุณููู', 'edit_order.php?id=76', 0, '2025-08-02 14:36:25'),
(563, 2, 'โ ุญุณุงู ุงูุดูุฎ ุฃููู ุชูููุฐ ุงูุทูุจ #76 ูุฃุตุจุญ ุฌุงูุฒุงู ููุชุณููู', 'edit_order.php?id=76', 0, '2025-08-02 14:36:25'),
(564, 1, 'โ ุญุณุงู ุงูุดูุฎ ุฃููู ุชูููุฐ ุงูุทูุจ #77 ูุฃุตุจุญ ุฌุงูุฒุงู ููุชุณููู', 'edit_order.php?id=77', 0, '2025-08-02 14:36:29'),
(565, 6, 'โ ุญุณุงู ุงูุดูุฎ ุฃููู ุชูููุฐ ุงูุทูุจ #77 ูุฃุตุจุญ ุฌุงูุฒุงู ููุชุณููู', 'edit_order.php?id=77', 0, '2025-08-02 14:36:29'),
(566, 3, 'โ ุญุณุงู ุงูุดูุฎ ุฃููู ุชูููุฐ ุงูุทูุจ #77 ูุฃุตุจุญ ุฌุงูุฒุงู ููุชุณููู', 'edit_order.php?id=77', 0, '2025-08-02 14:36:29'),
(567, 1, 'โ ุญุณุงู ุงูุดูุฎ ุฃููู ุชูููุฐ ุงูุทูุจ #78 ูุฃุตุจุญ ุฌุงูุฒุงู ููุชุณููู', 'edit_order.php?id=78', 0, '2025-08-02 14:36:34'),
(568, 6, 'โ ุญุณุงู ุงูุดูุฎ ุฃููู ุชูููุฐ ุงูุทูุจ #78 ูุฃุตุจุญ ุฌุงูุฒุงู ููุชุณููู', 'edit_order.php?id=78', 0, '2025-08-02 14:36:34'),
(569, 2, 'โ ุญุณุงู ุงูุดูุฎ ุฃููู ุชูููุฐ ุงูุทูุจ #78 ูุฃุตุจุญ ุฌุงูุฒุงู ููุชุณููู', 'edit_order.php?id=78', 0, '2025-08-02 14:36:34'),
(570, 1, 'โ ุญุณุงู ุงูุดูุฎ ุฃููู ุชูููุฐ ุงูุทูุจ #79 ูุฃุตุจุญ ุฌุงูุฒุงู ููุชุณููู', 'edit_order.php?id=79', 0, '2025-08-02 14:36:38'),
(571, 6, 'โ ุญุณุงู ุงูุดูุฎ ุฃููู ุชูููุฐ ุงูุทูุจ #79 ูุฃุตุจุญ ุฌุงูุฒุงู ููุชุณููู', 'edit_order.php?id=79', 0, '2025-08-02 14:36:38'),
(572, 3, 'โ ุญุณุงู ุงูุดูุฎ ุฃููู ุชูููุฐ ุงูุทูุจ #79 ูุฃุตุจุญ ุฌุงูุฒุงู ููุชุณููู', 'edit_order.php?id=79', 0, '2025-08-02 14:36:38'),
(573, 1, 'โ ุญุณุงู ุงูุดูุฎ ุฃููู ุชูููุฐ ุงูุทูุจ #82 ูุฃุตุจุญ ุฌุงูุฒุงู ููุชุณููู', 'edit_order.php?id=82', 0, '2025-08-02 14:36:53'),
(574, 6, 'โ ุญุณุงู ุงูุดูุฎ ุฃููู ุชูููุฐ ุงูุทูุจ #82 ูุฃุตุจุญ ุฌุงูุฒุงู ููุชุณููู', 'edit_order.php?id=82', 0, '2025-08-02 14:36:53'),
(575, 3, 'โ ุญุณุงู ุงูุดูุฎ ุฃููู ุชูููุฐ ุงูุทูุจ #82 ูุฃุตุจุญ ุฌุงูุฒุงู ููุชุณููู', 'edit_order.php?id=82', 0, '2025-08-02 14:36:53'),
(576, 1, 'โ ุญุณุงู ุงูุดูุฎ ุฃููู ุชูููุฐ ุงูุทูุจ #83 ูุฃุตุจุญ ุฌุงูุฒุงู ููุชุณููู', 'edit_order.php?id=83', 0, '2025-08-02 14:36:58'),
(577, 6, 'โ ุญุณุงู ุงูุดูุฎ ุฃููู ุชูููุฐ ุงูุทูุจ #83 ูุฃุตุจุญ ุฌุงูุฒุงู ููุชุณููู', 'edit_order.php?id=83', 0, '2025-08-02 14:36:58'),
(578, 3, 'โ ุญุณุงู ุงูุดูุฎ ุฃููู ุชูููุฐ ุงูุทูุจ #83 ูุฃุตุจุญ ุฌุงูุฒุงู ููุชุณููู', 'edit_order.php?id=83', 0, '2025-08-02 14:36:58'),
(579, 1, 'โ ุญุณุงู ุงูุดูุฎ ุฃููู ุชูููุฐ ุงูุทูุจ #50 ูุฃุตุจุญ ุฌุงูุฒุงู ููุชุณููู', 'edit_order.php?id=50', 0, '2025-08-02 14:37:03'),
(580, 6, 'โ ุญุณุงู ุงูุดูุฎ ุฃููู ุชูููุฐ ุงูุทูุจ #50 ูุฃุตุจุญ ุฌุงูุฒุงู ููุชุณููู', 'edit_order.php?id=50', 0, '2025-08-02 14:37:03'),
(581, 2, 'โ ุญุณุงู ุงูุดูุฎ ุฃููู ุชูููุฐ ุงูุทูุจ #50 ูุฃุตุจุญ ุฌุงูุฒุงู ููุชุณููู', 'edit_order.php?id=50', 0, '2025-08-02 14:37:03'),
(582, 1, 'โ ุญุณุงู ุงูุดูุฎ ุฃููู ุชูููุฐ ุงูุทูุจ #84 ูุฃุตุจุญ ุฌุงูุฒุงู ููุชุณููู', 'edit_order.php?id=84', 0, '2025-08-02 14:37:08'),
(583, 6, 'โ ุญุณุงู ุงูุดูุฎ ุฃููู ุชูููุฐ ุงูุทูุจ #84 ูุฃุตุจุญ ุฌุงูุฒุงู ููุชุณููู', 'edit_order.php?id=84', 0, '2025-08-02 14:37:08'),
(584, 2, 'โ ุญุณุงู ุงูุดูุฎ ุฃููู ุชูููุฐ ุงูุทูุจ #84 ูุฃุตุจุญ ุฌุงูุฒุงู ููุชุณููู', 'edit_order.php?id=84', 0, '2025-08-02 14:37:08'),
(585, 1, 'โ ุญุณุงู ุงูุดูุฎ ุฃููู ุชูููุฐ ุงูุทูุจ #85 ูุฃุตุจุญ ุฌุงูุฒุงู ููุชุณููู', 'edit_order.php?id=85', 0, '2025-08-02 14:37:11'),
(586, 6, 'โ ุญุณุงู ุงูุดูุฎ ุฃููู ุชูููุฐ ุงูุทูุจ #85 ูุฃุตุจุญ ุฌุงูุฒุงู ููุชุณููู', 'edit_order.php?id=85', 0, '2025-08-02 14:37:11'),
(587, 2, 'โ ุญุณุงู ุงูุดูุฎ ุฃููู ุชูููุฐ ุงูุทูุจ #85 ูุฃุตุจุญ ุฌุงูุฒุงู ููุชุณููู', 'edit_order.php?id=85', 0, '2025-08-02 14:37:11'),
(588, 1, 'โ ุญุณุงู ุงูุดูุฎ ุฃููู ุชูููุฐ ุงูุทูุจ #88 ูุฃุตุจุญ ุฌุงูุฒุงู ููุชุณููู', 'edit_order.php?id=88', 0, '2025-08-02 14:37:16'),
(589, 6, 'โ ุญุณุงู ุงูุดูุฎ ุฃููู ุชูููุฐ ุงูุทูุจ #88 ูุฃุตุจุญ ุฌุงูุฒุงู ููุชุณููู', 'edit_order.php?id=88', 0, '2025-08-02 14:37:16'),
(590, 2, 'โ ุญุณุงู ุงูุดูุฎ ุฃููู ุชูููุฐ ุงูุทูุจ #88 ูุฃุตุจุญ ุฌุงูุฒุงู ููุชุณููู', 'edit_order.php?id=88', 0, '2025-08-02 14:37:16'),
(591, 1, 'โ ุญุณุงู ุงูุดูุฎ ุฃููู ุชูููุฐ ุงูุทูุจ #87 ูุฃุตุจุญ ุฌุงูุฒุงู ููุชุณููู', 'edit_order.php?id=87', 0, '2025-08-02 14:37:21'),
(592, 6, 'โ ุญุณุงู ุงูุดูุฎ ุฃููู ุชูููุฐ ุงูุทูุจ #87 ูุฃุตุจุญ ุฌุงูุฒุงู ููุชุณููู', 'edit_order.php?id=87', 0, '2025-08-02 14:37:21'),
(593, 2, 'โ ุญุณุงู ุงูุดูุฎ ุฃููู ุชูููุฐ ุงูุทูุจ #87 ูุฃุตุจุญ ุฌุงูุฒุงู ููุชุณููู', 'edit_order.php?id=87', 0, '2025-08-02 14:37:21'),
(594, 1, 'โ ุญุณุงู ุงูุดูุฎ ุฃููู ุชูููุฐ ุงูุทูุจ #86 ูุฃุตุจุญ ุฌุงูุฒุงู ููุชุณููู', 'edit_order.php?id=86', 0, '2025-08-02 14:37:26'),
(595, 6, 'โ ุญุณุงู ุงูุดูุฎ ุฃููู ุชูููุฐ ุงูุทูุจ #86 ูุฃุตุจุญ ุฌุงูุฒุงู ููุชุณููู', 'edit_order.php?id=86', 0, '2025-08-02 14:37:26'),
(596, 2, 'โ ุญุณุงู ุงูุดูุฎ ุฃููู ุชูููุฐ ุงูุทูุจ #86 ูุฃุตุจุญ ุฌุงูุฒุงู ููุชุณููู', 'edit_order.php?id=86', 0, '2025-08-02 14:37:26'),
(597, 1, 'โ ุญุณุงู ุงูุดูุฎ ุฃููู ุชูููุฐ ุงูุทูุจ #89 ูุฃุตุจุญ ุฌุงูุฒุงู ููุชุณููู', 'edit_order.php?id=89', 0, '2025-08-02 14:37:32'),
(598, 6, 'โ ุญุณุงู ุงูุดูุฎ ุฃููู ุชูููุฐ ุงูุทูุจ #89 ูุฃุตุจุญ ุฌุงูุฒุงู ููุชุณููู', 'edit_order.php?id=89', 0, '2025-08-02 14:37:32'),
(599, 2, 'โ ุญุณุงู ุงูุดูุฎ ุฃููู ุชูููุฐ ุงูุทูุจ #89 ูุฃุตุจุญ ุฌุงูุฒุงู ููุชุณููู', 'edit_order.php?id=89', 0, '2025-08-02 14:37:32'),
(600, 1, 'โ ุญุณุงู ุงูุดูุฎ ุฃููู ุชูููุฐ ุงูุทูุจ #90 ูุฃุตุจุญ ุฌุงูุฒุงู ููุชุณููู', 'edit_order.php?id=90', 0, '2025-08-02 14:37:37'),
(601, 6, 'โ ุญุณุงู ุงูุดูุฎ ุฃููู ุชูููุฐ ุงูุทูุจ #90 ูุฃุตุจุญ ุฌุงูุฒุงู ููุชุณููู', 'edit_order.php?id=90', 0, '2025-08-02 14:37:37'),
(602, 2, 'โ ุญุณุงู ุงูุดูุฎ ุฃููู ุชูููุฐ ุงูุทูุจ #90 ูุฃุตุจุญ ุฌุงูุฒุงู ููุชุณููู', 'edit_order.php?id=90', 0, '2025-08-02 14:37:37'),
(603, 1, 'โ ุญุณุงู ุงูุดูุฎ ุฃููู ุชูููุฐ ุงูุทูุจ #91 ูุฃุตุจุญ ุฌุงูุฒุงู ููุชุณููู', 'edit_order.php?id=91', 0, '2025-08-02 14:37:41'),
(604, 6, 'โ ุญุณุงู ุงูุดูุฎ ุฃููู ุชูููุฐ ุงูุทูุจ #91 ูุฃุตุจุญ ุฌุงูุฒุงู ููุชุณููู', 'edit_order.php?id=91', 0, '2025-08-02 14:37:41'),
(605, 2, 'โ ุญุณุงู ุงูุดูุฎ ุฃููู ุชูููุฐ ุงูุทูุจ #91 ูุฃุตุจุญ ุฌุงูุฒุงู ููุชุณููู', 'edit_order.php?id=91', 0, '2025-08-02 14:37:41'),
(606, 1, 'โ ุญุณุงู ุงูุดูุฎ ุฃููู ุชูููุฐ ุงูุทูุจ #93 ูุฃุตุจุญ ุฌุงูุฒุงู ููุชุณููู', 'edit_order.php?id=93', 0, '2025-08-02 14:37:48'),
(607, 6, 'โ ุญุณุงู ุงูุดูุฎ ุฃููู ุชูููุฐ ุงูุทูุจ #93 ูุฃุตุจุญ ุฌุงูุฒุงู ููุชุณููู', 'edit_order.php?id=93', 0, '2025-08-02 14:37:48'),
(608, 3, 'โ ุญุณุงู ุงูุดูุฎ ุฃููู ุชูููุฐ ุงูุทูุจ #93 ูุฃุตุจุญ ุฌุงูุฒุงู ููุชุณููู', 'edit_order.php?id=93', 0, '2025-08-02 14:37:48'),
(609, 1, 'โ ุญุณุงู ุงูุดูุฎ ุฃููู ุชูููุฐ ุงูุทูุจ #94 ูุฃุตุจุญ ุฌุงูุฒุงู ููุชุณููู', 'edit_order.php?id=94', 0, '2025-08-02 14:37:54'),
(610, 6, 'โ ุญุณุงู ุงูุดูุฎ ุฃููู ุชูููุฐ ุงูุทูุจ #94 ูุฃุตุจุญ ุฌุงูุฒุงู ููุชุณููู', 'edit_order.php?id=94', 0, '2025-08-02 14:37:54'),
(611, 3, 'โ ุญุณุงู ุงูุดูุฎ ุฃููู ุชูููุฐ ุงูุทูุจ #94 ูุฃุตุจุญ ุฌุงูุฒุงู ููุชุณููู', 'edit_order.php?id=94', 0, '2025-08-02 14:37:54'),
(612, 1, 'โ ุญุณุงู ุงูุดูุฎ ุฃููู ุชูููุฐ ุงูุทูุจ #96 ูุฃุตุจุญ ุฌุงูุฒุงู ููุชุณููู', 'edit_order.php?id=96', 0, '2025-08-02 14:37:58'),
(613, 6, 'โ ุญุณุงู ุงูุดูุฎ ุฃููู ุชูููุฐ ุงูุทูุจ #96 ูุฃุตุจุญ ุฌุงูุฒุงู ููุชุณููู', 'edit_order.php?id=96', 0, '2025-08-02 14:37:58'),
(614, 2, 'โ ุญุณุงู ุงูุดูุฎ ุฃููู ุชูููุฐ ุงูุทูุจ #96 ูุฃุตุจุญ ุฌุงูุฒุงู ููุชุณููู', 'edit_order.php?id=96', 0, '2025-08-02 14:37:58'),
(615, 1, 'โ ุญุณุงู ุงูุดูุฎ ุฃููู ุชูููุฐ ุงูุทูุจ #99 ูุฃุตุจุญ ุฌุงูุฒุงู ููุชุณููู', 'edit_order.php?id=99', 0, '2025-08-02 14:38:03'),
(616, 6, 'โ ุญุณุงู ุงูุดูุฎ ุฃููู ุชูููุฐ ุงูุทูุจ #99 ูุฃุตุจุญ ุฌุงูุฒุงู ููุชุณููู', 'edit_order.php?id=99', 0, '2025-08-02 14:38:03'),
(617, 2, 'โ ุญุณุงู ุงูุดูุฎ ุฃููู ุชูููุฐ ุงูุทูุจ #99 ูุฃุตุจุญ ุฌุงูุฒุงู ููุชุณููู', 'edit_order.php?id=99', 0, '2025-08-02 14:38:03'),
(618, 1, 'โ ุญุณุงู ุงูุดูุฎ ุฃููู ุชูููุฐ ุงูุทูุจ #98 ูุฃุตุจุญ ุฌุงูุฒุงู ููุชุณููู', 'edit_order.php?id=98', 0, '2025-08-02 14:38:09'),
(619, 6, 'โ ุญุณุงู ุงูุดูุฎ ุฃููู ุชูููุฐ ุงูุทูุจ #98 ูุฃุตุจุญ ุฌุงูุฒุงู ููุชุณููู', 'edit_order.php?id=98', 0, '2025-08-02 14:38:09'),
(620, 2, 'โ ุญุณุงู ุงูุดูุฎ ุฃููู ุชูููุฐ ุงูุทูุจ #98 ูุฃุตุจุญ ุฌุงูุฒุงู ููุชุณููู', 'edit_order.php?id=98', 0, '2025-08-02 14:38:09'),
(621, 1, 'โ ุญุณุงู ุงูุดูุฎ ุฃููู ุชูููุฐ ุงูุทูุจ #97 ูุฃุตุจุญ ุฌุงูุฒุงู ููุชุณููู', 'edit_order.php?id=97', 0, '2025-08-02 14:38:14'),
(622, 6, 'โ ุญุณุงู ุงูุดูุฎ ุฃููู ุชูููุฐ ุงูุทูุจ #97 ูุฃุตุจุญ ุฌุงูุฒุงู ููุชุณููู', 'edit_order.php?id=97', 0, '2025-08-02 14:38:14'),
(623, 2, 'โ ุญุณุงู ุงูุดูุฎ ุฃููู ุชูููุฐ ุงูุทูุจ #97 ูุฃุตุจุญ ุฌุงูุฒุงู ููุชุณููู', 'edit_order.php?id=97', 0, '2025-08-02 14:38:14'),
(624, 1, 'โ ุญุณุงู ุงูุดูุฎ ุฃููู ุชูููุฐ ุงูุทูุจ #100 ูุฃุตุจุญ ุฌุงูุฒุงู ููุชุณููู', 'edit_order.php?id=100', 0, '2025-08-02 14:38:29'),
(625, 6, 'โ ุญุณุงู ุงูุดูุฎ ุฃููู ุชูููุฐ ุงูุทูุจ #100 ูุฃุตุจุญ ุฌุงูุฒุงู ููุชุณููู', 'edit_order.php?id=100', 0, '2025-08-02 14:38:29'),
(626, 3, 'โ ุญุณุงู ุงูุดูุฎ ุฃููู ุชูููุฐ ุงูุทูุจ #100 ูุฃุตุจุญ ุฌุงูุฒุงู ููุชุณููู', 'edit_order.php?id=100', 0, '2025-08-02 14:38:29'),
(627, 1, 'โ ุญุณุงู ุงูุดูุฎ ุฃููู ุชูููุฐ ุงูุทูุจ #101 ูุฃุตุจุญ ุฌุงูุฒุงู ููุชุณููู', 'edit_order.php?id=101', 0, '2025-08-02 14:38:33'),
(628, 6, 'โ ุญุณุงู ุงูุดูุฎ ุฃููู ุชูููุฐ ุงูุทูุจ #101 ูุฃุตุจุญ ุฌุงูุฒุงู ููุชุณููู', 'edit_order.php?id=101', 0, '2025-08-02 14:38:33'),
(629, 2, 'โ ุญุณุงู ุงูุดูุฎ ุฃููู ุชูููุฐ ุงูุทูุจ #101 ูุฃุตุจุญ ุฌุงูุฒุงู ููุชุณููู', 'edit_order.php?id=101', 0, '2025-08-02 14:38:33'),
(630, 1, 'โ ุญุณุงู ุงูุดูุฎ ุฃููู ุชูููุฐ ุงูุทูุจ #102 ูุฃุตุจุญ ุฌุงูุฒุงู ููุชุณููู', 'edit_order.php?id=102', 0, '2025-08-02 14:38:38'),
(631, 6, 'โ ุญุณุงู ุงูุดูุฎ ุฃููู ุชูููุฐ ุงูุทูุจ #102 ูุฃุตุจุญ ุฌุงูุฒุงู ููุชุณููู', 'edit_order.php?id=102', 0, '2025-08-02 14:38:38'),
(632, 2, 'โ ุญุณุงู ุงูุดูุฎ ุฃููู ุชูููุฐ ุงูุทูุจ #102 ูุฃุตุจุญ ุฌุงูุฒุงู ููุชุณููู', 'edit_order.php?id=102', 0, '2025-08-02 14:38:38'),
(633, 1, 'โ ุญุณุงู ุงูุดูุฎ ุฃููู ุชูููุฐ ุงูุทูุจ #103 ูุฃุตุจุญ ุฌุงูุฒุงู ููุชุณููู', 'edit_order.php?id=103', 0, '2025-08-02 14:38:42'),
(634, 6, 'โ ุญุณุงู ุงูุดูุฎ ุฃููู ุชูููุฐ ุงูุทูุจ #103 ูุฃุตุจุญ ุฌุงูุฒุงู ููุชุณููู', 'edit_order.php?id=103', 0, '2025-08-02 14:38:42'),
(635, 2, 'โ ุญุณุงู ุงูุดูุฎ ุฃููู ุชูููุฐ ุงูุทูุจ #103 ูุฃุตุจุญ ุฌุงูุฒุงู ููุชุณููู', 'edit_order.php?id=103', 0, '2025-08-02 14:38:42'),
(636, 1, 'โ ุญุณุงู ุงูุดูุฎ ุฃููู ุชูููุฐ ุงูุทูุจ #104 ูุฃุตุจุญ ุฌุงูุฒุงู ููุชุณููู', 'edit_order.php?id=104', 0, '2025-08-02 14:38:46'),
(637, 6, 'โ ุญุณุงู ุงูุดูุฎ ุฃููู ุชูููุฐ ุงูุทูุจ #104 ูุฃุตุจุญ ุฌุงูุฒุงู ููุชุณููู', 'edit_order.php?id=104', 0, '2025-08-02 14:38:46'),
(638, 2, 'โ ุญุณุงู ุงูุดูุฎ ุฃููู ุชูููุฐ ุงูุทูุจ #104 ูุฃุตุจุญ ุฌุงูุฒุงู ููุชุณููู', 'edit_order.php?id=104', 0, '2025-08-02 14:38:46'),
(639, 1, 'โ ุญุณุงู ุงูุดูุฎ ุฃููู ุชูููุฐ ุงูุทูุจ #105 ูุฃุตุจุญ ุฌุงูุฒุงู ููุชุณููู', 'edit_order.php?id=105', 0, '2025-08-02 14:38:50'),
(640, 6, 'โ ุญุณุงู ุงูุดูุฎ ุฃููู ุชูููุฐ ุงูุทูุจ #105 ูุฃุตุจุญ ุฌุงูุฒุงู ููุชุณููู', 'edit_order.php?id=105', 0, '2025-08-02 14:38:50'),
(641, 2, 'โ ุญุณุงู ุงูุดูุฎ ุฃููู ุชูููุฐ ุงูุทูุจ #105 ูุฃุตุจุญ ุฌุงูุฒุงู ููุชุณููู', 'edit_order.php?id=105', 0, '2025-08-02 14:38:50'),
(642, 1, 'โ ุญุณุงู ุงูุดูุฎ ุฃููู ุชูููุฐ ุงูุทูุจ #106 ูุฃุตุจุญ ุฌุงูุฒุงู ููุชุณููู', 'edit_order.php?id=106', 0, '2025-08-02 14:38:55'),
(643, 6, 'โ ุญุณุงู ุงูุดูุฎ ุฃููู ุชูููุฐ ุงูุทูุจ #106 ูุฃุตุจุญ ุฌุงูุฒุงู ููุชุณููู', 'edit_order.php?id=106', 0, '2025-08-02 14:38:55'),
(644, 2, 'โ ุญุณุงู ุงูุดูุฎ ุฃููู ุชูููุฐ ุงูุทูุจ #106 ูุฃุตุจุญ ุฌุงูุฒุงู ููุชุณููู', 'edit_order.php?id=106', 0, '2025-08-02 14:38:55'),
(645, 1, 'โ ุญุณุงู ุงูุดูุฎ ุฃููู ุชูููุฐ ุงูุทูุจ #107 ูุฃุตุจุญ ุฌุงูุฒุงู ููุชุณููู', 'edit_order.php?id=107', 0, '2025-08-02 14:38:59'),
(646, 6, 'โ ุญุณุงู ุงูุดูุฎ ุฃููู ุชูููุฐ ุงูุทูุจ #107 ูุฃุตุจุญ ุฌุงูุฒุงู ููุชุณููู', 'edit_order.php?id=107', 0, '2025-08-02 14:38:59'),
(647, 2, 'โ ุญุณุงู ุงูุดูุฎ ุฃููู ุชูููุฐ ุงูุทูุจ #107 ูุฃุตุจุญ ุฌุงูุฒุงู ููุชุณููู', 'edit_order.php?id=107', 0, '2025-08-02 14:38:59'),
(648, 1, 'โ ุญุณุงู ุงูุดูุฎ ุฃููู ุชูููุฐ ุงูุทูุจ #108 ูุฃุตุจุญ ุฌุงูุฒุงู ููุชุณููู', 'edit_order.php?id=108', 0, '2025-08-02 14:39:02'),
(649, 6, 'โ ุญุณุงู ุงูุดูุฎ ุฃููู ุชูููุฐ ุงูุทูุจ #108 ูุฃุตุจุญ ุฌุงูุฒุงู ููุชุณููู', 'edit_order.php?id=108', 0, '2025-08-02 14:39:02'),
(650, 2, 'โ ุญุณุงู ุงูุดูุฎ ุฃููู ุชูููุฐ ุงูุทูุจ #108 ูุฃุตุจุญ ุฌุงูุฒุงู ููุชุณููู', 'edit_order.php?id=108', 0, '2025-08-02 14:39:02'),
(651, 1, 'โ ุญุณุงู ุงูุดูุฎ ุฃููู ุชูููุฐ ุงูุทูุจ #109 ูุฃุตุจุญ ุฌุงูุฒุงู ููุชุณููู', 'edit_order.php?id=109', 0, '2025-08-02 14:39:08'),
(652, 6, 'โ ุญุณุงู ุงูุดูุฎ ุฃููู ุชูููุฐ ุงูุทูุจ #109 ูุฃุตุจุญ ุฌุงูุฒุงู ููุชุณููู', 'edit_order.php?id=109', 0, '2025-08-02 14:39:08'),
(653, 2, 'โ ุญุณุงู ุงูุดูุฎ ุฃููู ุชูููุฐ ุงูุทูุจ #109 ูุฃุตุจุญ ุฌุงูุฒุงู ููุชุณููู', 'edit_order.php?id=109', 0, '2025-08-02 14:39:08'),
(654, 1, 'โ ุญุณุงู ุงูุดูุฎ ุฃููู ุชูููุฐ ุงูุทูุจ #110 ูุฃุตุจุญ ุฌุงูุฒุงู ููุชุณููู', 'edit_order.php?id=110', 0, '2025-08-02 14:39:12'),
(655, 6, 'โ ุญุณุงู ุงูุดูุฎ ุฃููู ุชูููุฐ ุงูุทูุจ #110 ูุฃุตุจุญ ุฌุงูุฒุงู ููุชุณููู', 'edit_order.php?id=110', 0, '2025-08-02 14:39:12'),
(656, 2, 'โ ุญุณุงู ุงูุดูุฎ ุฃููู ุชูููุฐ ุงูุทูุจ #110 ูุฃุตุจุญ ุฌุงูุฒุงู ููุชุณููู', 'edit_order.php?id=110', 0, '2025-08-02 14:39:12'),
(657, 1, 'โ ุญุณุงู ุงูุดูุฎ ุฃููู ุชูููุฐ ุงูุทูุจ #55 ูุฃุตุจุญ ุฌุงูุฒุงู ููุชุณููู', 'edit_order.php?id=55', 0, '2025-08-02 14:39:34'),
(658, 6, 'โ ุญุณุงู ุงูุดูุฎ ุฃููู ุชูููุฐ ุงูุทูุจ #55 ูุฃุตุจุญ ุฌุงูุฒุงู ููุชุณููู', 'edit_order.php?id=55', 0, '2025-08-02 14:39:34'),
(659, 2, 'โ ุญุณุงู ุงูุดูุฎ ุฃููู ุชูููุฐ ุงูุทูุจ #55 ูุฃุตุจุญ ุฌุงูุฒุงู ููุชุณููู', 'edit_order.php?id=55', 0, '2025-08-02 14:39:34'),
(660, 1, 'โ ุญุณุงู ุงูุดูุฎ ุฃููู ุชูููุฐ ุงูุทูุจ #73 ูุฃุตุจุญ ุฌุงูุฒุงู ููุชุณููู', 'edit_order.php?id=73', 0, '2025-08-02 14:39:42'),
(661, 6, 'โ ุญุณุงู ุงูุดูุฎ ุฃููู ุชูููุฐ ุงูุทูุจ #73 ูุฃุตุจุญ ุฌุงูุฒุงู ููุชุณููู', 'edit_order.php?id=73', 0, '2025-08-02 14:39:42'),
(662, 2, 'โ ุญุณุงู ุงูุดูุฎ ุฃููู ุชูููุฐ ุงูุทูุจ #73 ูุฃุตุจุญ ุฌุงูุฒุงู ููุชุณููู', 'edit_order.php?id=73', 0, '2025-08-02 14:39:42'),
(663, 1, '๐จ ุงููุตูู ุชูููู ุนุจุฏ ุงูุญููู ุฃุฑุณู ุงูุทูุจ #121 ุฅูู ูุฑุญูุฉ ุงูุชูููุฐ', 'edit_order.php?id=121', 0, '2025-08-02 14:50:00'),
(664, 6, '๐จ ุงููุตูู ุชูููู ุนุจุฏ ุงูุญููู ุฃุฑุณู ุงูุทูุจ #121 ุฅูู ูุฑุญูุฉ ุงูุชูููุฐ', 'edit_order.php?id=121', 0, '2025-08-02 14:50:00'),
(665, 4, '๐จ ุงููุตูู ุชูููู ุนุจุฏ ุงูุญููู ุฃุฑุณู ุงูุทูุจ #121 ุฅูู ูุฑุญูุฉ ุงูุชูููุฐ', 'edit_order.php?id=121', 0, '2025-08-02 14:50:00'),
(666, 1, '๐จ ุงููุตูู ุชูููู ุนุจุฏ ุงูุญููู ุฃุฑุณู ุงูุทูุจ #115 ุฅูู ูุฑุญูุฉ ุงูุชูููุฐ', 'edit_order.php?id=115', 0, '2025-08-02 14:51:07'),
(667, 6, '๐จ ุงููุตูู ุชูููู ุนุจุฏ ุงูุญููู ุฃุฑุณู ุงูุทูุจ #115 ุฅูู ูุฑุญูุฉ ุงูุชูููุฐ', 'edit_order.php?id=115', 0, '2025-08-02 14:51:07'),
(668, 4, '๐จ ุงููุตูู ุชูููู ุนุจุฏ ุงูุญููู ุฃุฑุณู ุงูุทูุจ #115 ุฅูู ูุฑุญูุฉ ุงูุชูููุฐ', 'edit_order.php?id=115', 0, '2025-08-02 14:51:07'),
(669, 1, '๐จ ุงููุตูู ุชูููู ุนุจุฏ ุงูุญููู ุฃุฑุณู ุงูุทูุจ #116 ุฅูู ูุฑุญูุฉ ุงูุชูููุฐ', 'edit_order.php?id=116', 0, '2025-08-02 14:51:12'),
(670, 6, '๐จ ุงููุตูู ุชูููู ุนุจุฏ ุงูุญููู ุฃุฑุณู ุงูุทูุจ #116 ุฅูู ูุฑุญูุฉ ุงูุชูููุฐ', 'edit_order.php?id=116', 0, '2025-08-02 14:51:12'),
(671, 4, '๐จ ุงููุตูู ุชูููู ุนุจุฏ ุงูุญููู ุฃุฑุณู ุงูุทูุจ #116 ุฅูู ูุฑุญูุฉ ุงูุชูููุฐ', 'edit_order.php?id=116', 0, '2025-08-02 14:51:12'),
(672, 1, '๐จ ุงููุตูู ุชูููู ุนุจุฏ ุงูุญููู ุฃุฑุณู ุงูุทูุจ #117 ุฅูู ูุฑุญูุฉ ุงูุชูููุฐ', 'edit_order.php?id=117', 0, '2025-08-02 14:52:52'),
(673, 6, '๐จ ุงููุตูู ุชูููู ุนุจุฏ ุงูุญููู ุฃุฑุณู ุงูุทูุจ #117 ุฅูู ูุฑุญูุฉ ุงูุชูููุฐ', 'edit_order.php?id=117', 0, '2025-08-02 14:52:52'),
(674, 4, '๐จ ุงููุตูู ุชูููู ุนุจุฏ ุงูุญููู ุฃุฑุณู ุงูุทูุจ #117 ุฅูู ูุฑุญูุฉ ุงูุชูููุฐ', 'edit_order.php?id=117', 0, '2025-08-02 14:52:52'),
(675, 1, '๐จ ุงููุตูู ุชูููู ุนุจุฏ ุงูุญููู ุฃุฑุณู ุงูุทูุจ #118 ุฅูู ูุฑุญูุฉ ุงูุชูููุฐ', 'edit_order.php?id=118', 0, '2025-08-02 14:52:57'),
(676, 6, '๐จ ุงููุตูู ุชูููู ุนุจุฏ ุงูุญููู ุฃุฑุณู ุงูุทูุจ #118 ุฅูู ูุฑุญูุฉ ุงูุชูููุฐ', 'edit_order.php?id=118', 0, '2025-08-02 14:52:57'),
(677, 4, '๐จ ุงููุตูู ุชูููู ุนุจุฏ ุงูุญููู ุฃุฑุณู ุงูุทูุจ #118 ุฅูู ูุฑุญูุฉ ุงูุชูููุฐ', 'edit_order.php?id=118', 0, '2025-08-02 14:52:57'),
(678, 1, '๐จ ุงููุตูู ุชูููู ุนุจุฏ ุงูุญููู ุฃุฑุณู ุงูุทูุจ #119 ุฅูู ูุฑุญูุฉ ุงูุชูููุฐ', 'edit_order.php?id=119', 0, '2025-08-02 14:53:01'),
(679, 6, '๐จ ุงููุตูู ุชูููู ุนุจุฏ ุงูุญููู ุฃุฑุณู ุงูุทูุจ #119 ุฅูู ูุฑุญูุฉ ุงูุชูููุฐ', 'edit_order.php?id=119', 0, '2025-08-02 14:53:01'),
(680, 4, '๐จ ุงููุตูู ุชูููู ุนุจุฏ ุงูุญููู ุฃุฑุณู ุงูุทูุจ #119 ุฅูู ูุฑุญูุฉ ุงูุชูููุฐ', 'edit_order.php?id=119', 0, '2025-08-02 14:53:01'),
(681, 1, '๐จ ุงููุตูู ุชูููู ุนุจุฏ ุงูุญููู ุฃุฑุณู ุงูุทูุจ #120 ุฅูู ูุฑุญูุฉ ุงูุชูููุฐ', 'edit_order.php?id=120', 0, '2025-08-02 14:53:05'),
(682, 6, '๐จ ุงููุตูู ุชูููู ุนุจุฏ ุงูุญููู ุฃุฑุณู ุงูุทูุจ #120 ุฅูู ูุฑุญูุฉ ุงูุชูููุฐ', 'edit_order.php?id=120', 0, '2025-08-02 14:53:05'),
(683, 4, '๐จ ุงููุตูู ุชูููู ุนุจุฏ ุงูุญููู ุฃุฑุณู ุงูุทูุจ #120 ุฅูู ูุฑุญูุฉ ุงูุชูููุฐ', 'edit_order.php?id=120', 0, '2025-08-02 14:53:05'),
(684, 1, '๐จ ุงููุตูู ุชูููู ุนุจุฏ ุงูุญููู ุฃุฑุณู ุงูุทูุจ #122 ุฅูู ูุฑุญูุฉ ุงูุชูููุฐ', 'edit_order.php?id=122', 0, '2025-08-02 14:53:09'),
(685, 6, '๐จ ุงููุตูู ุชูููู ุนุจุฏ ุงูุญููู ุฃุฑุณู ุงูุทูุจ #122 ุฅูู ูุฑุญูุฉ ุงูุชูููุฐ', 'edit_order.php?id=122', 0, '2025-08-02 14:53:09'),
(686, 4, '๐จ ุงููุตูู ุชูููู ุนุจุฏ ุงูุญููู ุฃุฑุณู ุงูุทูุจ #122 ุฅูู ูุฑุญูุฉ ุงูุชูููุฐ', 'edit_order.php?id=122', 0, '2025-08-02 14:53:09'),
(687, 1, '๐จ ุงููุตูู ุชูููู ุนุจุฏ ุงูุญููู ุฃุฑุณู ุงูุทูุจ #123 ุฅูู ูุฑุญูุฉ ุงูุชูููุฐ', 'edit_order.php?id=123', 0, '2025-08-02 14:53:14'),
(688, 6, '๐จ ุงููุตูู ุชูููู ุนุจุฏ ุงูุญููู ุฃุฑุณู ุงูุทูุจ #123 ุฅูู ูุฑุญูุฉ ุงูุชูููุฐ', 'edit_order.php?id=123', 0, '2025-08-02 14:53:14'),
(689, 4, '๐จ ุงููุตูู ุชูููู ุนุจุฏ ุงูุญููู ุฃุฑุณู ุงูุทูุจ #123 ุฅูู ูุฑุญูุฉ ุงูุชูููุฐ', 'edit_order.php?id=123', 0, '2025-08-02 14:53:14'),
(690, 1, '๐จ ุงููุตูู ุชูููู ุนุจุฏ ุงูุญููู ุฃุฑุณู ุงูุทูุจ #124 ุฅูู ูุฑุญูุฉ ุงูุชูููุฐ', 'edit_order.php?id=124', 0, '2025-08-02 14:53:18'),
(691, 6, '๐จ ุงููุตูู ุชูููู ุนุจุฏ ุงูุญููู ุฃุฑุณู ุงูุทูุจ #124 ุฅูู ูุฑุญูุฉ ุงูุชูููุฐ', 'edit_order.php?id=124', 0, '2025-08-02 14:53:18'),
(692, 4, '๐จ ุงููุตูู ุชูููู ุนุจุฏ ุงูุญููู ุฃุฑุณู ุงูุทูุจ #124 ุฅูู ูุฑุญูุฉ ุงูุชูููุฐ', 'edit_order.php?id=124', 0, '2025-08-02 14:53:18'),
(693, 1, '๐จ ุงููุตูู ุชูููู ุนุจุฏ ุงูุญููู ุฃุฑุณู ุงูุทูุจ #125 ุฅูู ูุฑุญูุฉ ุงูุชูููุฐ', 'edit_order.php?id=125', 0, '2025-08-02 14:53:22'),
(694, 6, '๐จ ุงููุตูู ุชูููู ุนุจุฏ ุงูุญููู ุฃุฑุณู ุงูุทูุจ #125 ุฅูู ูุฑุญูุฉ ุงูุชูููุฐ', 'edit_order.php?id=125', 0, '2025-08-02 14:53:22'),
(695, 4, '๐จ ุงููุตูู ุชูููู ุนุจุฏ ุงูุญููู ุฃุฑุณู ุงูุทูุจ #125 ุฅูู ูุฑุญูุฉ ุงูุชูููุฐ', 'edit_order.php?id=125', 0, '2025-08-02 14:53:22'),
(696, 1, '๐จ ุงููุตูู ุชูููู ุนุจุฏ ุงูุญููู ุฃุฑุณู ุงูุทูุจ #126 ุฅูู ูุฑุญูุฉ ุงูุชูููุฐ', 'edit_order.php?id=126', 0, '2025-08-02 15:18:25'),
(697, 6, '๐จ ุงููุตูู ุชูููู ุนุจุฏ ุงูุญููู ุฃุฑุณู ุงูุทูุจ #126 ุฅูู ูุฑุญูุฉ ุงูุชูููุฐ', 'edit_order.php?id=126', 0, '2025-08-02 15:18:25'),
(698, 4, '๐จ ุงููุตูู ุชูููู ุนุจุฏ ุงูุญููู ุฃุฑุณู ุงูุทูุจ #126 ุฅูู ูุฑุญูุฉ ุงูุชูููุฐ', 'edit_order.php?id=126', 0, '2025-08-02 15:18:25'),
(699, 1, '๐จ ุงููุตูู ุชูููู ุนุจุฏ ุงูุญููู ุฃุฑุณู ุงูุทูุจ #127 ุฅูู ูุฑุญูุฉ ุงูุชูููุฐ', 'edit_order.php?id=127', 0, '2025-08-02 17:02:34'),
(700, 6, '๐จ ุงููุตูู ุชูููู ุนุจุฏ ุงูุญููู ุฃุฑุณู ุงูุทูุจ #127 ุฅูู ูุฑุญูุฉ ุงูุชูููุฐ', 'edit_order.php?id=127', 0, '2025-08-02 17:02:34'),
(701, 4, '๐จ ุงููุตูู ุชูููู ุนุจุฏ ุงูุญููู ุฃุฑุณู ุงูุทูุจ #127 ุฅูู ูุฑุญูุฉ ุงูุชูููุฐ', 'edit_order.php?id=127', 0, '2025-08-02 17:02:34'),
(702, 1, '๐จ ุงููุตูู ุชูููู ุนุจุฏ ุงูุญููู ุฃุฑุณู ุงูุทูุจ #128 ุฅูู ูุฑุญูุฉ ุงูุชูููุฐ', 'edit_order.php?id=128', 0, '2025-08-02 17:57:44'),
(703, 6, '๐จ ุงููุตูู ุชูููู ุนุจุฏ ุงูุญููู ุฃุฑุณู ุงูุทูุจ #128 ุฅูู ูุฑุญูุฉ ุงูุชูููุฐ', 'edit_order.php?id=128', 0, '2025-08-02 17:57:44'),
(704, 4, '๐จ ุงููุตูู ุชูููู ุนุจุฏ ุงูุญููู ุฃุฑุณู ุงูุทูุจ #128 ุฅูู ูุฑุญูุฉ ุงูุชูููุฐ', 'edit_order.php?id=128', 0, '2025-08-02 17:57:44'),
(705, 1, '๐จ ุงููุตูู ุชูููู ุนุจุฏ ุงูุญููู ุฃุฑุณู ุงูุทูุจ #129 ุฅูู ูุฑุญูุฉ ุงูุชูููุฐ', 'edit_order.php?id=129', 0, '2025-08-03 07:45:55'),
(706, 6, '๐จ ุงููุตูู ุชูููู ุนุจุฏ ุงูุญููู ุฃุฑุณู ุงูุทูุจ #129 ุฅูู ูุฑุญูุฉ ุงูุชูููุฐ', 'edit_order.php?id=129', 0, '2025-08-03 07:45:55'),
(707, 4, '๐จ ุงููุตูู ุชูููู ุนุจุฏ ุงูุญููู ุฃุฑุณู ุงูุทูุจ #129 ุฅูู ูุฑุญูุฉ ุงูุชูููุฐ', 'edit_order.php?id=129', 0, '2025-08-03 07:45:55'),
(708, 1, '๐จ ุงููุตูู ุชูููู ุนุจุฏ ุงูุญููู ุฃุฑุณู ุงูุทูุจ #130 ุฅูู ูุฑุญูุฉ ุงูุชูููุฐ', 'edit_order.php?id=130', 0, '2025-08-03 08:21:52'),
(709, 6, '๐จ ุงููุตูู ุชูููู ุนุจุฏ ุงูุญููู ุฃุฑุณู ุงูุทูุจ #130 ุฅูู ูุฑุญูุฉ ุงูุชูููุฐ', 'edit_order.php?id=130', 0, '2025-08-03 08:21:52'),
(710, 4, '๐จ ุงููุตูู ุชูููู ุนุจุฏ ุงูุญููู ุฃุฑุณู ุงูุทูุจ #130 ุฅูู ูุฑุญูุฉ ุงูุชูููุฐ', 'edit_order.php?id=130', 0, '2025-08-03 08:21:52'),
(711, 1, 'ุชู ุชุฃููุฏ ุงูุชุณููุฉ ุงููุงููุฉ ููุทูุจ #23.', 'edit_order.php?id=23', 0, '2025-08-03 14:57:21'),
(712, 1, 'ุชู ุฅุบูุงู ุงูุทูุจ #23 ุชููุงุฆูุงู ูุงูุชูุงูู.', 'edit_order.php?id=23', 0, '2025-08-03 14:57:39'),
(713, 6, 'ุชู ุฅุบูุงู ุงูุทูุจ #23 ุชููุงุฆูุงู ูุงูุชูุงูู.', 'edit_order.php?id=23', 0, '2025-08-03 14:57:39'),
(714, 1, '๐ฆ admin ุฃูุฏ ุงุณุชูุงู ุงูุนููู ููุทูุจ #23', 'edit_order.php?id=23', 0, '2025-08-03 14:57:39'),
(715, 5, '๐ฆ admin ุฃูุฏ ุงุณุชูุงู ุงูุนููู ููุทูุจ #23', 'edit_order.php?id=23', 0, '2025-08-03 14:57:39'),
(716, 1, 'ุชู ุชุฃููุฏ ุงูุชุณููุฉ ุงููุงููุฉ ููุทูุจ #134.', 'edit_order.php?id=134', 0, '2025-08-03 15:02:26'),
(717, 1, 'ุชู ุชุฃููุฏ ุงูุชุณููุฉ ุงููุงููุฉ ููุทูุจ #30.', 'edit_order.php?id=30', 0, '2025-08-03 15:03:30'),
(718, 1, 'ุชู ุฅุบูุงู ุงูุทูุจ #30 ุชููุงุฆูุงู ูุงูุชูุงูู.', 'edit_order.php?id=30', 0, '2025-08-03 15:05:34'),
(719, 6, 'ุชู ุฅุบูุงู ุงูุทูุจ #30 ุชููุงุฆูุงู ูุงูุชูุงูู.', 'edit_order.php?id=30', 0, '2025-08-03 15:05:34'),
(720, 1, '๐ฆ admin ุฃูุฏ ุงุณุชูุงู ุงูุนููู ููุทูุจ #30', 'edit_order.php?id=30', 0, '2025-08-03 15:05:34'),
(721, 5, '๐ฆ admin ุฃูุฏ ุงุณุชูุงู ุงูุนููู ููุทูุจ #30', 'edit_order.php?id=30', 0, '2025-08-03 15:05:34'),
(722, 1, 'ุชู ุชุฃููุฏ ุงูุชุณููุฉ ุงููุงููุฉ ููุทูุจ #33.', 'edit_order.php?id=33', 0, '2025-08-03 15:05:47'),
(723, 1, 'ุชู ุฅุบูุงู ุงูุทูุจ #33 ุชููุงุฆูุงู ูุงูุชูุงูู.', 'edit_order.php?id=33', 0, '2025-08-03 15:05:54'),
(724, 6, 'ุชู ุฅุบูุงู ุงูุทูุจ #33 ุชููุงุฆูุงู ูุงูุชูุงูู.', 'edit_order.php?id=33', 0, '2025-08-03 15:05:54'),
(725, 1, '๐ฆ admin ุฃูุฏ ุงุณุชูุงู ุงูุนููู ููุทูุจ #33', 'edit_order.php?id=33', 0, '2025-08-03 15:05:54'),
(726, 5, '๐ฆ admin ุฃูุฏ ุงุณุชูุงู ุงูุนููู ููุทูุจ #33', 'edit_order.php?id=33', 0, '2025-08-03 15:05:54'),
(727, 1, 'ุชู ุชุฃููุฏ ุงูุชุณููุฉ ุงููุงููุฉ ููุทูุจ #34.', 'edit_order.php?id=34', 0, '2025-08-03 15:05:59'),
(728, 1, 'ุชู ุฅุบูุงู ุงูุทูุจ #34 ุชููุงุฆูุงู ูุงูุชูุงูู.', 'edit_order.php?id=34', 0, '2025-08-03 15:06:12'),
(729, 6, 'ุชู ุฅุบูุงู ุงูุทูุจ #34 ุชููุงุฆูุงู ูุงูุชูุงูู.', 'edit_order.php?id=34', 0, '2025-08-03 15:06:12'),
(730, 1, '๐ฆ admin ุฃูุฏ ุงุณุชูุงู ุงูุนููู ููุทูุจ #34', 'edit_order.php?id=34', 0, '2025-08-03 15:06:12'),
(731, 5, '๐ฆ admin ุฃูุฏ ุงุณุชูุงู ุงูุนููู ููุทูุจ #34', 'edit_order.php?id=34', 0, '2025-08-03 15:06:12'),
(732, 1, 'โ admin ุฃููู ุชูููุฐ ุงูุทูุจ #35 ูุฃุตุจุญ ุฌุงูุฒุงู ููุชุณููู', 'edit_order.php?id=35', 0, '2025-08-03 15:06:23'),
(733, 2, 'โ admin ุฃููู ุชูููุฐ ุงูุทูุจ #35 ูุฃุตุจุญ ุฌุงูุฒุงู ููุชุณููู', 'edit_order.php?id=35', 0, '2025-08-03 15:06:23'),
(734, 1, 'ุชู ุชุฃููุฏ ุงูุชุณููุฉ ุงููุงููุฉ ููุทูุจ #35.', 'edit_order.php?id=35', 0, '2025-08-03 15:06:33'),
(735, 1, 'ุชู ุฅุบูุงู ุงูุทูุจ #35 ุชููุงุฆูุงู ูุงูุชูุงูู.', 'edit_order.php?id=35', 0, '2025-08-03 15:06:39'),
(736, 6, 'ุชู ุฅุบูุงู ุงูุทูุจ #35 ุชููุงุฆูุงู ูุงูุชูุงูู.', 'edit_order.php?id=35', 0, '2025-08-03 15:06:39'),
(737, 1, '๐ฆ admin ุฃูุฏ ุงุณุชูุงู ุงูุนููู ููุทูุจ #35', 'edit_order.php?id=35', 0, '2025-08-03 15:06:39'),
(738, 5, '๐ฆ admin ุฃูุฏ ุงุณุชูุงู ุงูุนููู ููุทูุจ #35', 'edit_order.php?id=35', 0, '2025-08-03 15:06:39'),
(739, 1, 'ุชู ุฅุบูุงู ุงูุทูุจ #37 ุชููุงุฆูุงู ูุงูุชูุงูู.', 'edit_order.php?id=37', 0, '2025-08-03 15:08:12'),
(740, 6, 'ุชู ุฅุบูุงู ุงูุทูุจ #37 ุชููุงุฆูุงู ูุงูุชูุงูู.', 'edit_order.php?id=37', 0, '2025-08-03 15:08:12'),
(741, 1, 'ุชู ุชุฃููุฏ ุงูุชุณููุฉ ุงููุงููุฉ ููุทูุจ #37.', 'edit_order.php?id=37', 0, '2025-08-03 15:08:12'),
(742, 1, 'ุชู ุฅุบูุงู ุงูุทูุจ #38 ุชููุงุฆูุงู ูุงูุชูุงูู.', 'edit_order.php?id=38', 0, '2025-08-03 15:08:55'),
(743, 6, 'ุชู ุฅุบูุงู ุงูุทูุจ #38 ุชููุงุฆูุงู ูุงูุชูุงูู.', 'edit_order.php?id=38', 0, '2025-08-03 15:08:55'),
(744, 1, 'ุชู ุชุฃููุฏ ุงูุชุณููุฉ ุงููุงููุฉ ููุทูุจ #38.', 'edit_order.php?id=38', 0, '2025-08-03 15:08:55'),
(745, 1, 'ุชู ุชุฃููุฏ ุงูุชุณููุฉ ุงููุงููุฉ ููุทูุจ #39.', 'edit_order.php?id=39', 0, '2025-08-03 15:10:10'),
(746, 1, 'ุชู ุฅุบูุงู ุงูุทูุจ #39 ุชููุงุฆูุงู ูุงูุชูุงูู.', 'edit_order.php?id=39', 0, '2025-08-03 15:10:15'),
(747, 6, 'ุชู ุฅุบูุงู ุงูุทูุจ #39 ุชููุงุฆูุงู ูุงูุชูุงูู.', 'edit_order.php?id=39', 0, '2025-08-03 15:10:15'),
(748, 1, '๐ฆ admin ุฃูุฏ ุงุณุชูุงู ุงูุนููู ููุทูุจ #39', 'edit_order.php?id=39', 0, '2025-08-03 15:10:15'),
(749, 5, '๐ฆ admin ุฃูุฏ ุงุณุชูุงู ุงูุนููู ููุทูุจ #39', 'edit_order.php?id=39', 0, '2025-08-03 15:10:15'),
(750, 1, 'ุชู ุฅุบูุงู ุงูุทูุจ #40 ุชููุงุฆูุงู ูุงูุชูุงูู.', 'edit_order.php?id=40', 0, '2025-08-03 15:10:35'),
(751, 6, 'ุชู ุฅุบูุงู ุงูุทูุจ #40 ุชููุงุฆูุงู ูุงูุชูุงูู.', 'edit_order.php?id=40', 0, '2025-08-03 15:10:35'),
(752, 1, 'ุชู ุชุฃููุฏ ุงูุชุณููุฉ ุงููุงููุฉ ููุทูุจ #40.', 'edit_order.php?id=40', 0, '2025-08-03 15:10:35'),
(753, 1, 'ุชู ุชุฃููุฏ ุงูุชุณููุฉ ุงููุงููุฉ ููุทูุจ #42.', 'edit_order.php?id=42', 0, '2025-08-03 15:10:44'),
(754, 1, 'ุชู ุชุฃููุฏ ุงูุชุณููุฉ ุงููุงููุฉ ููุทูุจ #43.', 'edit_order.php?id=43', 0, '2025-08-03 15:13:20'),
(755, 1, 'ุชู ุฅุบูุงู ุงูุทูุจ #43 ุชููุงุฆูุงู ูุงูุชูุงูู.', 'edit_order.php?id=43', 0, '2025-08-03 15:13:28'),
(756, 6, 'ุชู ุฅุบูุงู ุงูุทูุจ #43 ุชููุงุฆูุงู ูุงูุชูุงูู.', 'edit_order.php?id=43', 0, '2025-08-03 15:13:28'),
(757, 1, '๐ฆ admin ุฃูุฏ ุงุณุชูุงู ุงูุนููู ููุทูุจ #43', 'edit_order.php?id=43', 0, '2025-08-03 15:13:28'),
(758, 5, '๐ฆ admin ุฃูุฏ ุงุณุชูุงู ุงูุนููู ููุทูุจ #43', 'edit_order.php?id=43', 0, '2025-08-03 15:13:28'),
(759, 1, 'ุชู ุชุฃููุฏ ุงูุชุณููุฉ ุงููุงููุฉ ููุทูุจ #44.', 'edit_order.php?id=44', 0, '2025-08-03 15:13:35'),
(760, 1, 'ุชู ุฅุบูุงู ุงูุทูุจ #44 ุชููุงุฆูุงู ูุงูุชูุงูู.', 'edit_order.php?id=44', 0, '2025-08-03 15:13:41'),
(761, 6, 'ุชู ุฅุบูุงู ุงูุทูุจ #44 ุชููุงุฆูุงู ูุงูุชูุงูู.', 'edit_order.php?id=44', 0, '2025-08-03 15:13:41'),
(762, 1, '๐ฆ admin ุฃูุฏ ุงุณุชูุงู ุงูุนููู ููุทูุจ #44', 'edit_order.php?id=44', 0, '2025-08-03 15:13:41'),
(763, 5, '๐ฆ admin ุฃูุฏ ุงุณุชูุงู ุงูุนููู ููุทูุจ #44', 'edit_order.php?id=44', 0, '2025-08-03 15:13:41'),
(764, 1, 'ุชู ุชุฃููุฏ ุงูุชุณููุฉ ุงููุงููุฉ ููุทูุจ #45.', 'edit_order.php?id=45', 0, '2025-08-03 15:16:22'),
(765, 1, 'ุชู ุฅุบูุงู ุงูุทูุจ #45 ุชููุงุฆูุงู ูุงูุชูุงูู.', 'edit_order.php?id=45', 0, '2025-08-03 15:16:32'),
(766, 6, 'ุชู ุฅุบูุงู ุงูุทูุจ #45 ุชููุงุฆูุงู ูุงูุชูุงูู.', 'edit_order.php?id=45', 0, '2025-08-03 15:16:32'),
(767, 1, '๐ฆ admin ุฃูุฏ ุงุณุชูุงู ุงูุนููู ููุทูุจ #45', 'edit_order.php?id=45', 0, '2025-08-03 15:16:32'),
(768, 5, '๐ฆ admin ุฃูุฏ ุงุณุชูุงู ุงูุนููู ููุทูุจ #45', 'edit_order.php?id=45', 0, '2025-08-03 15:16:32'),
(769, 1, 'ุชู ุชุฃููุฏ ุงูุชุณููุฉ ุงููุงููุฉ ููุทูุจ #46.', 'edit_order.php?id=46', 0, '2025-08-03 15:17:02'),
(770, 1, 'ุชู ุฅุบูุงู ุงูุทูุจ #46 ุชููุงุฆูุงู ูุงูุชูุงูู.', 'edit_order.php?id=46', 0, '2025-08-03 15:17:11'),
(771, 6, 'ุชู ุฅุบูุงู ุงูุทูุจ #46 ุชููุงุฆูุงู ูุงูุชูุงูู.', 'edit_order.php?id=46', 0, '2025-08-03 15:17:11'),
(772, 1, '๐ฆ admin ุฃูุฏ ุงุณุชูุงู ุงูุนููู ููุทูุจ #46', 'edit_order.php?id=46', 0, '2025-08-03 15:17:11'),
(773, 5, '๐ฆ admin ุฃูุฏ ุงุณุชูุงู ุงูุนููู ููุทูุจ #46', 'edit_order.php?id=46', 0, '2025-08-03 15:17:11'),
(774, 1, 'ุชู ุชุฃููุฏ ุงูุชุณููุฉ ุงููุงููุฉ ููุทูุจ #41.', 'edit_order.php?id=41', 0, '2025-08-03 15:17:18'),
(775, 1, 'ุชู ุฅุบูุงู ุงูุทูุจ #41 ุชููุงุฆูุงู ูุงูุชูุงูู.', 'edit_order.php?id=41', 0, '2025-08-03 15:17:24'),
(776, 6, 'ุชู ุฅุบูุงู ุงูุทูุจ #41 ุชููุงุฆูุงู ูุงูุชูุงูู.', 'edit_order.php?id=41', 0, '2025-08-03 15:17:24'),
(777, 1, '๐ฆ admin ุฃูุฏ ุงุณุชูุงู ุงูุนููู ููุทูุจ #41', 'edit_order.php?id=41', 0, '2025-08-03 15:17:24'),
(778, 5, '๐ฆ admin ุฃูุฏ ุงุณุชูุงู ุงูุนููู ููุทูุจ #41', 'edit_order.php?id=41', 0, '2025-08-03 15:17:24'),
(779, 1, 'ุชู ุฅุบูุงู ุงูุทูุจ #20 ุชููุงุฆูุงู ูุงูุชูุงูู.', 'edit_order.php?id=20', 0, '2025-08-03 15:19:07'),
(780, 6, 'ุชู ุฅุบูุงู ุงูุทูุจ #20 ุชููุงุฆูุงู ูุงูุชูุงูู.', 'edit_order.php?id=20', 0, '2025-08-03 15:19:07'),
(781, 1, '๐ฆ admin ุฃูุฏ ุงุณุชูุงู ุงูุนููู ููุทูุจ #20', 'edit_order.php?id=20', 0, '2025-08-03 15:19:07'),
(782, 5, '๐ฆ admin ุฃูุฏ ุงุณุชูุงู ุงูุนููู ููุทูุจ #20', 'edit_order.php?id=20', 0, '2025-08-03 15:19:07'),
(783, 1, 'ุชู ุชุฃููุฏ ุงูุชุณููุฉ ุงููุงููุฉ ููุทูุจ #48.', 'edit_order.php?id=48', 0, '2025-08-03 15:22:01'),
(784, 1, 'ุชู ุฅุบูุงู ุงูุทูุจ #48 ุชููุงุฆูุงู ูุงูุชูุงูู.', 'edit_order.php?id=48', 0, '2025-08-03 15:22:07'),
(785, 6, 'ุชู ุฅุบูุงู ุงูุทูุจ #48 ุชููุงุฆูุงู ูุงูุชูุงูู.', 'edit_order.php?id=48', 0, '2025-08-03 15:22:07'),
(786, 1, '๐ฆ admin ุฃูุฏ ุงุณุชูุงู ุงูุนููู ููุทูุจ #48', 'edit_order.php?id=48', 0, '2025-08-03 15:22:07'),
(787, 5, '๐ฆ admin ุฃูุฏ ุงุณุชูุงู ุงูุนููู ููุทูุจ #48', 'edit_order.php?id=48', 0, '2025-08-03 15:22:07'),
(788, 1, 'ุชู ุชุฃููุฏ ุงูุชุณููุฉ ุงููุงููุฉ ููุทูุจ #51.', 'edit_order.php?id=51', 0, '2025-08-03 15:22:17'),
(789, 1, 'ุชู ุฅุบูุงู ุงูุทูุจ #51 ุชููุงุฆูุงู ูุงูุชูุงูู.', 'edit_order.php?id=51', 0, '2025-08-03 15:22:24'),
(790, 6, 'ุชู ุฅุบูุงู ุงูุทูุจ #51 ุชููุงุฆูุงู ูุงูุชูุงูู.', 'edit_order.php?id=51', 0, '2025-08-03 15:22:24'),
(791, 1, '๐ฆ admin ุฃูุฏ ุงุณุชูุงู ุงูุนููู ููุทูุจ #51', 'edit_order.php?id=51', 0, '2025-08-03 15:22:24'),
(792, 5, '๐ฆ admin ุฃูุฏ ุงุณุชูุงู ุงูุนููู ููุทูุจ #51', 'edit_order.php?id=51', 0, '2025-08-03 15:22:24'),
(793, 1, 'ุชู ุชุฃููุฏ ุงูุชุณููุฉ ุงููุงููุฉ ููุทูุจ #52.', 'edit_order.php?id=52', 0, '2025-08-03 15:22:36'),
(794, 1, 'ุชู ุฅุบูุงู ุงูุทูุจ #52 ุชููุงุฆูุงู ูุงูุชูุงูู.', 'edit_order.php?id=52', 0, '2025-08-03 15:22:42'),
(795, 6, 'ุชู ุฅุบูุงู ุงูุทูุจ #52 ุชููุงุฆูุงู ูุงูุชูุงูู.', 'edit_order.php?id=52', 0, '2025-08-03 15:22:42'),
(796, 1, '๐ฆ admin ุฃูุฏ ุงุณุชูุงู ุงูุนููู ููุทูุจ #52', 'edit_order.php?id=52', 0, '2025-08-03 15:22:42'),
(797, 5, '๐ฆ admin ุฃูุฏ ุงุณุชูุงู ุงูุนููู ููุทูุจ #52', 'edit_order.php?id=52', 0, '2025-08-03 15:22:42'),
(798, 1, 'ุชู ุชุฃููุฏ ุงูุชุณููุฉ ุงููุงููุฉ ููุทูุจ #54.', 'edit_order.php?id=54', 0, '2025-08-03 15:23:44'),
(799, 1, 'ุชู ุฅุบูุงู ุงูุทูุจ #54 ุชููุงุฆูุงู ูุงูุชูุงูู.', 'edit_order.php?id=54', 0, '2025-08-03 15:24:02'),
(800, 6, 'ุชู ุฅุบูุงู ุงูุทูุจ #54 ุชููุงุฆูุงู ูุงูุชูุงูู.', 'edit_order.php?id=54', 0, '2025-08-03 15:24:02'),
(801, 1, '๐ฆ admin ุฃูุฏ ุงุณุชูุงู ุงูุนููู ููุทูุจ #54', 'edit_order.php?id=54', 0, '2025-08-03 15:24:02'),
(802, 5, '๐ฆ admin ุฃูุฏ ุงุณุชูุงู ุงูุนููู ููุทูุจ #54', 'edit_order.php?id=54', 0, '2025-08-03 15:24:02'),
(803, 1, 'ุชู ุชุฃููุฏ ุงูุชุณููุฉ ุงููุงููุฉ ููุทูุจ #57.', 'edit_order.php?id=57', 0, '2025-08-03 15:24:46'),
(804, 1, 'ุชู ุฅุบูุงู ุงูุทูุจ #57 ุชููุงุฆูุงู ูุงูุชูุงูู.', 'edit_order.php?id=57', 0, '2025-08-03 15:24:53'),
(805, 6, 'ุชู ุฅุบูุงู ุงูุทูุจ #57 ุชููุงุฆูุงู ูุงูุชูุงูู.', 'edit_order.php?id=57', 0, '2025-08-03 15:24:53'),
(806, 1, '๐ฆ admin ุฃูุฏ ุงุณุชูุงู ุงูุนููู ููุทูุจ #57', 'edit_order.php?id=57', 0, '2025-08-03 15:24:53'),
(807, 5, '๐ฆ admin ุฃูุฏ ุงุณุชูุงู ุงูุนููู ููุทูุจ #57', 'edit_order.php?id=57', 0, '2025-08-03 15:24:53'),
(808, 1, 'ุชู ุชุฃููุฏ ุงูุชุณููุฉ ุงููุงููุฉ ููุทูุจ #56.', 'edit_order.php?id=56', 0, '2025-08-03 15:29:46'),
(809, 1, 'ุชู ุฅุบูุงู ุงูุทูุจ #56 ุชููุงุฆูุงู ูุงูุชูุงูู.', 'edit_order.php?id=56', 0, '2025-08-03 15:29:53'),
(810, 6, 'ุชู ุฅุบูุงู ุงูุทูุจ #56 ุชููุงุฆูุงู ูุงูุชูุงูู.', 'edit_order.php?id=56', 0, '2025-08-03 15:29:53'),
(811, 1, '๐ฆ admin ุฃูุฏ ุงุณุชูุงู ุงูุนููู ููุทูุจ #56', 'edit_order.php?id=56', 0, '2025-08-03 15:29:53'),
(812, 5, '๐ฆ admin ุฃูุฏ ุงุณุชูุงู ุงูุนููู ููุทูุจ #56', 'edit_order.php?id=56', 0, '2025-08-03 15:29:53'),
(813, 1, 'ุชู ุชุฃููุฏ ุงูุชุณููุฉ ุงููุงููุฉ ููุทูุจ #61.', 'edit_order.php?id=61', 0, '2025-08-03 15:37:31'),
(814, 1, 'ุชู ุชุฃููุฏ ุงูุชุณููุฉ ุงููุงููุฉ ููุทูุจ #58.', 'edit_order.php?id=58', 0, '2025-08-03 15:37:47'),
(815, 1, 'ุชู ุฅุบูุงู ุงูุทูุจ #58 ุชููุงุฆูุงู ูุงูุชูุงูู.', 'edit_order.php?id=58', 0, '2025-08-03 15:37:53'),
(816, 6, 'ุชู ุฅุบูุงู ุงูุทูุจ #58 ุชููุงุฆูุงู ูุงูุชูุงูู.', 'edit_order.php?id=58', 0, '2025-08-03 15:37:53'),
(817, 1, '๐ฆ admin ุฃูุฏ ุงุณุชูุงู ุงูุนููู ููุทูุจ #58', 'edit_order.php?id=58', 0, '2025-08-03 15:37:53'),
(818, 5, '๐ฆ admin ุฃูุฏ ุงุณุชูุงู ุงูุนููู ููุทูุจ #58', 'edit_order.php?id=58', 0, '2025-08-03 15:37:53'),
(819, 1, 'ุชู ุชุฃููุฏ ุงูุชุณููุฉ ุงููุงููุฉ ููุทูุจ #62.', 'edit_order.php?id=62', 0, '2025-08-03 15:38:08'),
(820, 1, 'ุชู ุฅุบูุงู ุงูุทูุจ #61 ุชููุงุฆูุงู ูุงูุชูุงูู.', 'edit_order.php?id=61', 0, '2025-08-03 15:51:15'),
(821, 6, 'ุชู ุฅุบูุงู ุงูุทูุจ #61 ุชููุงุฆูุงู ูุงูุชูุงูู.', 'edit_order.php?id=61', 0, '2025-08-03 15:51:15'),
(822, 1, '๐ฆ admin ุฃูุฏ ุงุณุชูุงู ุงูุนููู ููุทูุจ #61', 'edit_order.php?id=61', 0, '2025-08-03 15:51:15'),
(823, 5, '๐ฆ admin ุฃูุฏ ุงุณุชูุงู ุงูุนููู ููุทูุจ #61', 'edit_order.php?id=61', 0, '2025-08-03 15:51:15'),
(824, 1, 'ุชู ุฅุบูุงู ุงูุทูุจ #62 ุชููุงุฆูุงู ูุงูุชูุงูู.', 'edit_order.php?id=62', 0, '2025-08-03 15:51:40'),
(825, 6, 'ุชู ุฅุบูุงู ุงูุทูุจ #62 ุชููุงุฆูุงู ูุงูุชูุงูู.', 'edit_order.php?id=62', 0, '2025-08-03 15:51:40'),
(826, 1, '๐ฆ admin ุฃูุฏ ุงุณุชูุงู ุงูุนููู ููุทูุจ #62', 'edit_order.php?id=62', 0, '2025-08-03 15:51:40'),
(827, 5, '๐ฆ admin ุฃูุฏ ุงุณุชูุงู ุงูุนููู ููุทูุจ #62', 'edit_order.php?id=62', 0, '2025-08-03 15:51:40'),
(828, 1, 'ุชู ุชุฃููุฏ ุงูุชุณููุฉ ุงููุงููุฉ ููุทูุจ #63.', 'edit_order.php?id=63', 0, '2025-08-03 15:51:47'),
(829, 1, 'ุชู ุฅุบูุงู ุงูุทูุจ #63 ุชููุงุฆูุงู ูุงูุชูุงูู.', 'edit_order.php?id=63', 0, '2025-08-03 15:51:55'),
(830, 6, 'ุชู ุฅุบูุงู ุงูุทูุจ #63 ุชููุงุฆูุงู ูุงูุชูุงูู.', 'edit_order.php?id=63', 0, '2025-08-03 15:51:55'),
(831, 1, '๐ฆ admin ุฃูุฏ ุงุณุชูุงู ุงูุนููู ููุทูุจ #63', 'edit_order.php?id=63', 0, '2025-08-03 15:51:55'),
(832, 5, '๐ฆ admin ุฃูุฏ ุงุณุชูุงู ุงูุนููู ููุทูุจ #63', 'edit_order.php?id=63', 0, '2025-08-03 15:51:55'),
(833, 1, 'ุชู ุชุฃููุฏ ุงูุชุณููุฉ ุงููุงููุฉ ููุทูุจ #64.', 'edit_order.php?id=64', 0, '2025-08-03 15:52:40'),
(834, 1, 'ุชู ุฅุบูุงู ุงูุทูุจ #64 ุชููุงุฆูุงู ูุงูุชูุงูู.', 'edit_order.php?id=64', 0, '2025-08-03 15:52:45'),
(835, 6, 'ุชู ุฅุบูุงู ุงูุทูุจ #64 ุชููุงุฆูุงู ูุงูุชูุงูู.', 'edit_order.php?id=64', 0, '2025-08-03 15:52:45'),
(836, 1, '๐ฆ admin ุฃูุฏ ุงุณุชูุงู ุงูุนููู ููุทูุจ #64', 'edit_order.php?id=64', 0, '2025-08-03 15:52:45'),
(837, 5, '๐ฆ admin ุฃูุฏ ุงุณุชูุงู ุงูุนููู ููุทูุจ #64', 'edit_order.php?id=64', 0, '2025-08-03 15:52:45'),
(838, 1, 'ุชู ุชุฃููุฏ ุงูุชุณููุฉ ุงููุงููุฉ ููุทูุจ #66.', 'edit_order.php?id=66', 0, '2025-08-03 15:58:56'),
(839, 1, 'ุชู ุฅุบูุงู ุงูุทูุจ #66 ุชููุงุฆูุงู ูุงูุชูุงูู.', 'edit_order.php?id=66', 0, '2025-08-03 15:59:03'),
(840, 6, 'ุชู ุฅุบูุงู ุงูุทูุจ #66 ุชููุงุฆูุงู ูุงูุชูุงูู.', 'edit_order.php?id=66', 0, '2025-08-03 15:59:03'),
(841, 1, '๐ฆ admin ุฃูุฏ ุงุณุชูุงู ุงูุนููู ููุทูุจ #66', 'edit_order.php?id=66', 0, '2025-08-03 15:59:03'),
(842, 5, '๐ฆ admin ุฃูุฏ ุงุณุชูุงู ุงูุนููู ููุทูุจ #66', 'edit_order.php?id=66', 0, '2025-08-03 15:59:03'),
(843, 1, 'ุชู ุชุฃููุฏ ุงูุชุณููุฉ ุงููุงููุฉ ููุทูุจ #65.', 'edit_order.php?id=65', 0, '2025-08-03 16:03:17'),
(844, 1, 'ุชู ุฅุบูุงู ุงูุทูุจ #65 ุชููุงุฆูุงู ูุงูุชูุงูู.', 'edit_order.php?id=65', 0, '2025-08-03 16:03:24'),
(845, 6, 'ุชู ุฅุบูุงู ุงูุทูุจ #65 ุชููุงุฆูุงู ูุงูุชูุงูู.', 'edit_order.php?id=65', 0, '2025-08-03 16:03:24'),
(846, 1, '๐ฆ admin ุฃูุฏ ุงุณุชูุงู ุงูุนููู ููุทูุจ #65', 'edit_order.php?id=65', 0, '2025-08-03 16:03:24'),
(847, 5, '๐ฆ admin ุฃูุฏ ุงุณุชูุงู ุงูุนููู ููุทูุจ #65', 'edit_order.php?id=65', 0, '2025-08-03 16:03:24'),
(848, 1, 'ุชู ุชุฃููุฏ ุงูุชุณููุฉ ุงููุงููุฉ ููุทูุจ #68.', 'edit_order.php?id=68', 0, '2025-08-03 16:03:50'),
(849, 1, 'ุชู ุฅุบูุงู ุงูุทูุจ #68 ุชููุงุฆูุงู ูุงูุชูุงูู.', 'edit_order.php?id=68', 0, '2025-08-03 16:03:56'),
(850, 6, 'ุชู ุฅุบูุงู ุงูุทูุจ #68 ุชููุงุฆูุงู ูุงูุชูุงูู.', 'edit_order.php?id=68', 0, '2025-08-03 16:03:56'),
(851, 1, '๐ฆ admin ุฃูุฏ ุงุณุชูุงู ุงูุนููู ููุทูุจ #68', 'edit_order.php?id=68', 0, '2025-08-03 16:03:56'),
(852, 5, '๐ฆ admin ุฃูุฏ ุงุณุชูุงู ุงูุนููู ููุทูุจ #68', 'edit_order.php?id=68', 0, '2025-08-03 16:03:56'),
(853, 1, 'ุชู ุชุฃููุฏ ุงูุชุณููุฉ ุงููุงููุฉ ููุทูุจ #69.', 'edit_order.php?id=69', 0, '2025-08-03 16:04:16'),
(854, 1, 'ุชู ุฅุบูุงู ุงูุทูุจ #69 ุชููุงุฆูุงู ูุงูุชูุงูู.', 'edit_order.php?id=69', 0, '2025-08-03 16:04:22'),
(855, 6, 'ุชู ุฅุบูุงู ุงูุทูุจ #69 ุชููุงุฆูุงู ูุงูุชูุงูู.', 'edit_order.php?id=69', 0, '2025-08-03 16:04:22'),
(856, 1, '๐ฆ admin ุฃูุฏ ุงุณุชูุงู ุงูุนููู ููุทูุจ #69', 'edit_order.php?id=69', 0, '2025-08-03 16:04:22'),
(857, 5, '๐ฆ admin ุฃูุฏ ุงุณุชูุงู ุงูุนููู ููุทูุจ #69', 'edit_order.php?id=69', 0, '2025-08-03 16:04:22'),
(858, 1, '๐จ ุงููุตูู ุชูููู ุนุจุฏ ุงูุญููู ุฃุฑุณู ุงูุทูุจ #131 ุฅูู ูุฑุญูุฉ ุงูุชูููุฐ', 'edit_order.php?id=131', 0, '2025-08-03 16:06:08'),
(859, 6, '๐จ ุงููุตูู ุชูููู ุนุจุฏ ุงูุญููู ุฃุฑุณู ุงูุทูุจ #131 ุฅูู ูุฑุญูุฉ ุงูุชูููุฐ', 'edit_order.php?id=131', 0, '2025-08-03 16:06:08'),
(860, 4, '๐จ ุงููุตูู ุชูููู ุนุจุฏ ุงูุญููู ุฃุฑุณู ุงูุทูุจ #131 ุฅูู ูุฑุญูุฉ ุงูุชูููุฐ', 'edit_order.php?id=131', 0, '2025-08-03 16:06:08'),
(861, 1, '๐จ ุงููุตูู ุชูููู ุนุจุฏ ุงูุญููู ุฃุฑุณู ุงูุทูุจ #132 ุฅูู ูุฑุญูุฉ ุงูุชูููุฐ', 'edit_order.php?id=132', 0, '2025-08-03 16:06:14'),
(862, 6, '๐จ ุงููุตูู ุชูููู ุนุจุฏ ุงูุญููู ุฃุฑุณู ุงูุทูุจ #132 ุฅูู ูุฑุญูุฉ ุงูุชูููุฐ', 'edit_order.php?id=132', 0, '2025-08-03 16:06:14'),
(863, 4, '๐จ ุงููุตูู ุชูููู ุนุจุฏ ุงูุญููู ุฃุฑุณู ุงูุทูุจ #132 ุฅูู ูุฑุญูุฉ ุงูุชูููุฐ', 'edit_order.php?id=132', 0, '2025-08-03 16:06:14'),
(864, 1, '๐จ ุงููุตูู ุชูููู ุนุจุฏ ุงูุญููู ุฃุฑุณู ุงูุทูุจ #133 ุฅูู ูุฑุญูุฉ ุงูุชูููุฐ', 'edit_order.php?id=133', 0, '2025-08-03 16:06:18'),
(865, 6, '๐จ ุงููุตูู ุชูููู ุนุจุฏ ุงูุญููู ุฃุฑุณู ุงูุทูุจ #133 ุฅูู ูุฑุญูุฉ ุงูุชูููุฐ', 'edit_order.php?id=133', 0, '2025-08-03 16:06:18'),
(866, 4, '๐จ ุงููุตูู ุชูููู ุนุจุฏ ุงูุญููู ุฃุฑุณู ุงูุทูุจ #133 ุฅูู ูุฑุญูุฉ ุงูุชูููุฐ', 'edit_order.php?id=133', 0, '2025-08-03 16:06:18'),
(867, 1, '๐จ ุงููุตูู ุชูููู ุนุจุฏ ุงูุญููู ุฃุฑุณู ุงูุทูุจ #135 ุฅูู ูุฑุญูุฉ ุงูุชูููุฐ', 'edit_order.php?id=135', 0, '2025-08-03 16:06:25'),
(868, 6, '๐จ ุงููุตูู ุชูููู ุนุจุฏ ุงูุญููู ุฃุฑุณู ุงูุทูุจ #135 ุฅูู ูุฑุญูุฉ ุงูุชูููุฐ', 'edit_order.php?id=135', 0, '2025-08-03 16:06:25'),
(869, 4, '๐จ ุงููุตูู ุชูููู ุนุจุฏ ุงูุญููู ุฃุฑุณู ุงูุทูุจ #135 ุฅูู ูุฑุญูุฉ ุงูุชูููุฐ', 'edit_order.php?id=135', 0, '2025-08-03 16:06:25'),
(870, 1, '๐จ ุงููุตูู ุชูููู ุนุจุฏ ุงูุญููู ุฃุฑุณู ุงูุทูุจ #137 ุฅูู ูุฑุญูุฉ ุงูุชูููุฐ', 'edit_order.php?id=137', 0, '2025-08-03 16:20:31'),
(871, 6, '๐จ ุงููุตูู ุชูููู ุนุจุฏ ุงูุญููู ุฃุฑุณู ุงูุทูุจ #137 ุฅูู ูุฑุญูุฉ ุงูุชูููุฐ', 'edit_order.php?id=137', 0, '2025-08-03 16:20:31'),
(872, 4, '๐จ ุงููุตูู ุชูููู ุนุจุฏ ุงูุญููู ุฃุฑุณู ุงูุทูุจ #137 ุฅูู ูุฑุญูุฉ ุงูุชูููุฐ', 'edit_order.php?id=137', 0, '2025-08-03 16:20:31'),
(873, 1, '๐จ ุงููุตูู ุชูููู ุนุจุฏ ุงูุญููู ุฃุฑุณู ุงูุทูุจ #140 ุฅูู ูุฑุญูุฉ ุงูุชูููุฐ', 'edit_order.php?id=140', 0, '2025-08-03 16:20:36'),
(874, 6, '๐จ ุงููุตูู ุชูููู ุนุจุฏ ุงูุญููู ุฃุฑุณู ุงูุทูุจ #140 ุฅูู ูุฑุญูุฉ ุงูุชูููุฐ', 'edit_order.php?id=140', 0, '2025-08-03 16:20:36'),
(875, 4, '๐จ ุงููุตูู ุชูููู ุนุจุฏ ุงูุญููู ุฃุฑุณู ุงูุทูุจ #140 ุฅูู ูุฑุญูุฉ ุงูุชูููุฐ', 'edit_order.php?id=140', 0, '2025-08-03 16:20:36'),
(876, 1, '๐จ ุงููุตูู ุชูููู ุนุจุฏ ุงูุญููู ุฃุฑุณู ุงูุทูุจ #139 ุฅูู ูุฑุญูุฉ ุงูุชูููุฐ', 'edit_order.php?id=139', 0, '2025-08-03 16:20:42'),
(877, 6, '๐จ ุงููุตูู ุชูููู ุนุจุฏ ุงูุญููู ุฃุฑุณู ุงูุทูุจ #139 ุฅูู ูุฑุญูุฉ ุงูุชูููุฐ', 'edit_order.php?id=139', 0, '2025-08-03 16:20:42'),
(878, 4, '๐จ ุงููุตูู ุชูููู ุนุจุฏ ุงูุญููู ุฃุฑุณู ุงูุทูุจ #139 ุฅูู ูุฑุญูุฉ ุงูุชูููุฐ', 'edit_order.php?id=139', 0, '2025-08-03 16:20:42'),
(879, 1, 'ุชู ุชุฃููุฏ ุงูุชุณููุฉ ุงููุงููุฉ ููุทูุจ #75.', 'edit_order.php?id=75', 0, '2025-08-03 16:57:25'),
(880, 1, 'ุชู ุฅุบูุงู ุงูุทูุจ #75 ุชููุงุฆูุงู ูุงูุชูุงูู.', 'edit_order.php?id=75', 0, '2025-08-03 16:57:32'),
(881, 6, 'ุชู ุฅุบูุงู ุงูุทูุจ #75 ุชููุงุฆูุงู ูุงูุชูุงูู.', 'edit_order.php?id=75', 0, '2025-08-03 16:57:32'),
(882, 1, '๐ฆ admin ุฃูุฏ ุงุณุชูุงู ุงูุนููู ููุทูุจ #75', 'edit_order.php?id=75', 0, '2025-08-03 16:57:32'),
(883, 5, '๐ฆ admin ุฃูุฏ ุงุณุชูุงู ุงูุนููู ููุทูุจ #75', 'edit_order.php?id=75', 0, '2025-08-03 16:57:32'),
(884, 1, 'ุชู ุชุฃููุฏ ุงูุชุณููุฉ ุงููุงููุฉ ููุทูุจ #76.', 'edit_order.php?id=76', 0, '2025-08-03 16:58:02'),
(885, 1, 'ุชู ุฅุบูุงู ุงูุทูุจ #76 ุชููุงุฆูุงู ูุงูุชูุงูู.', 'edit_order.php?id=76', 0, '2025-08-03 16:58:08'),
(886, 6, 'ุชู ุฅุบูุงู ุงูุทูุจ #76 ุชููุงุฆูุงู ูุงูุชูุงูู.', 'edit_order.php?id=76', 0, '2025-08-03 16:58:08'),
(887, 1, '๐ฆ admin ุฃูุฏ ุงุณุชูุงู ุงูุนููู ููุทูุจ #76', 'edit_order.php?id=76', 0, '2025-08-03 16:58:08'),
(888, 5, '๐ฆ admin ุฃูุฏ ุงุณุชูุงู ุงูุนููู ููุทูุจ #76', 'edit_order.php?id=76', 0, '2025-08-03 16:58:08'),
(889, 1, 'ุชู ุชุฃููุฏ ุงูุชุณููุฉ ุงููุงููุฉ ููุทูุจ #77.', 'edit_order.php?id=77', 0, '2025-08-03 17:02:35'),
(890, 1, 'ุชู ุฅุบูุงู ุงูุทูุจ #77 ุชููุงุฆูุงู ูุงูุชูุงูู.', 'edit_order.php?id=77', 0, '2025-08-03 17:02:42'),
(891, 6, 'ุชู ุฅุบูุงู ุงูุทูุจ #77 ุชููุงุฆูุงู ูุงูุชูุงูู.', 'edit_order.php?id=77', 0, '2025-08-03 17:02:42'),
(892, 1, '๐ฆ admin ุฃูุฏ ุงุณุชูุงู ุงูุนููู ููุทูุจ #77', 'edit_order.php?id=77', 0, '2025-08-03 17:02:42'),
(893, 5, '๐ฆ admin ุฃูุฏ ุงุณุชูุงู ุงูุนููู ููุทูุจ #77', 'edit_order.php?id=77', 0, '2025-08-03 17:02:42'),
(894, 1, '๐ฆ admin ุฃูุฏ ุงุณุชูุงู ุงูุนููู ููุทูุจ #79', 'edit_order.php?id=79', 0, '2025-08-03 17:05:34'),
(895, 5, '๐ฆ admin ุฃูุฏ ุงุณุชูุงู ุงูุนููู ููุทูุจ #79', 'edit_order.php?id=79', 0, '2025-08-03 17:05:34'),
(896, 1, 'โ admin ุฃููู ุชูููุฐ ุงูุทูุจ #80 ูุฃุตุจุญ ุฌุงูุฒุงู ููุชุณููู', 'edit_order.php?id=80', 0, '2025-08-03 17:07:00'),
(897, 3, 'โ admin ุฃููู ุชูููุฐ ุงูุทูุจ #80 ูุฃุตุจุญ ุฌุงูุฒุงู ููุชุณููู', 'edit_order.php?id=80', 0, '2025-08-03 17:07:00'),
(898, 1, 'ุชู ุชุฃููุฏ ุงูุชุณููุฉ ุงููุงููุฉ ููุทูุจ #47.', 'edit_order.php?id=47', 0, '2025-08-03 17:07:19'),
(899, 1, '๐ฆ admin ุฃูุฏ ุงุณุชูุงู ุงูุนููู ููุทูุจ #53', 'edit_order.php?id=53', 0, '2025-08-03 17:07:51'),
(900, 5, '๐ฆ admin ุฃูุฏ ุงุณุชูุงู ุงูุนููู ููุทูุจ #53', 'edit_order.php?id=53', 0, '2025-08-03 17:07:51'),
(901, 1, 'โ admin ุฃููู ุชูููุฐ ุงูุทูุจ #70 ูุฃุตุจุญ ุฌุงูุฒุงู ููุชุณููู', 'edit_order.php?id=70', 0, '2025-08-03 17:22:11'),
(902, 3, 'โ admin ุฃููู ุชูููุฐ ุงูุทูุจ #70 ูุฃุตุจุญ ุฌุงูุฒุงู ููุชุณููู', 'edit_order.php?id=70', 0, '2025-08-03 17:22:11'),
(903, 1, '๐ฆ admin ุฃูุฏ ุงุณุชูุงู ุงูุนููู ููุทูุจ #49', 'edit_order.php?id=49', 0, '2025-08-03 17:23:24'),
(904, 5, '๐ฆ admin ุฃูุฏ ุงุณุชูุงู ุงูุนููู ููุทูุจ #49', 'edit_order.php?id=49', 0, '2025-08-03 17:23:24'),
(905, 1, '๐ฆ admin ุฃูุฏ ุงุณุชูุงู ุงูุนููู ููุทูุจ #71', 'edit_order.php?id=71', 0, '2025-08-03 17:24:33'),
(906, 5, '๐ฆ admin ุฃูุฏ ุงุณุชูุงู ุงูุนููู ููุทูุจ #71', 'edit_order.php?id=71', 0, '2025-08-03 17:24:33'),
(907, 1, 'ุชู ุฅุบูุงู ุงูุทูุจ #71 ุชููุงุฆูุงู ูุงูุชูุงูู.', 'edit_order.php?id=71', 0, '2025-08-03 17:24:39'),
(908, 6, 'ุชู ุฅุบูุงู ุงูุทูุจ #71 ุชููุงุฆูุงู ูุงูุชูุงูู.', 'edit_order.php?id=71', 0, '2025-08-03 17:24:39'),
(909, 1, 'ุชู ุชุฃููุฏ ุงูุชุณููุฉ ุงููุงููุฉ ููุทูุจ #71.', 'edit_order.php?id=71', 0, '2025-08-03 17:24:39'),
(910, 1, '๐ฆ admin ุฃูุฏ ุงุณุชูุงู ุงูุนููู ููุทูุจ #74', 'edit_order.php?id=74', 0, '2025-08-03 17:25:24'),
(911, 5, '๐ฆ admin ุฃูุฏ ุงุณุชูุงู ุงูุนููู ููุทูุจ #74', 'edit_order.php?id=74', 0, '2025-08-03 17:25:24'),
(912, 1, 'ุชู ุฅุบูุงู ุงูุทูุจ #74 ุชููุงุฆูุงู ูุงูุชูุงูู.', 'edit_order.php?id=74', 0, '2025-08-03 17:25:30'),
(913, 6, 'ุชู ุฅุบูุงู ุงูุทูุจ #74 ุชููุงุฆูุงู ูุงูุชูุงูู.', 'edit_order.php?id=74', 0, '2025-08-03 17:25:30'),
(914, 1, 'ุชู ุชุฃููุฏ ุงูุชุณููุฉ ุงููุงููุฉ ููุทูุจ #74.', 'edit_order.php?id=74', 0, '2025-08-03 17:25:30'),
(915, 1, 'โ admin ุฃููู ุชูููุฐ ุงูุทูุจ #81 ูุฃุตุจุญ ุฌุงูุฒุงู ููุชุณููู', 'edit_order.php?id=81', 0, '2025-08-03 17:27:31'),
(916, 3, 'โ admin ุฃููู ุชูููุฐ ุงูุทูุจ #81 ูุฃุตุจุญ ุฌุงูุฒุงู ููุชุณููู', 'edit_order.php?id=81', 0, '2025-08-03 17:27:31'),
(917, 1, '๐ฆ admin ุฃูุฏ ุงุณุชูุงู ุงูุนููู ููุทูุจ #81', 'edit_order.php?id=81', 0, '2025-08-03 17:27:40'),
(918, 5, '๐ฆ admin ุฃูุฏ ุงุณุชูุงู ุงูุนููู ููุทูุจ #81', 'edit_order.php?id=81', 0, '2025-08-03 17:27:40'),
(919, 1, 'ุชู ุฅุบูุงู ุงูุทูุจ #81 ุชููุงุฆูุงู ูุงูุชูุงูู.', 'edit_order.php?id=81', 0, '2025-08-03 17:27:46'),
(920, 6, 'ุชู ุฅุบูุงู ุงูุทูุจ #81 ุชููุงุฆูุงู ูุงูุชูุงูู.', 'edit_order.php?id=81', 0, '2025-08-03 17:27:46'),
(921, 1, 'ุชู ุชุฃููุฏ ุงูุชุณููุฉ ุงููุงููุฉ ููุทูุจ #81.', 'edit_order.php?id=81', 0, '2025-08-03 17:27:46'),
(922, 1, '๐จ ุงููุตูู ุชูููู ุนุจุฏ ุงูุญููู ุฃุฑุณู ุงูุทูุจ #138 ุฅูู ูุฑุญูุฉ ุงูุชูููุฐ', 'edit_order.php?id=138', 0, '2025-08-03 18:21:25'),
(923, 6, '๐จ ุงููุตูู ุชูููู ุนุจุฏ ุงูุญููู ุฃุฑุณู ุงูุทูุจ #138 ุฅูู ูุฑุญูุฉ ุงูุชูููุฐ', 'edit_order.php?id=138', 0, '2025-08-03 18:21:25'),
(924, 4, '๐จ ุงููุตูู ุชูููู ุนุจุฏ ุงูุญููู ุฃุฑุณู ุงูุทูุจ #138 ุฅูู ูุฑุญูุฉ ุงูุชูููุฐ', 'edit_order.php?id=138', 0, '2025-08-03 18:21:25'),
(925, 1, '๐ฆ admin ุฃูุฏ ุงุณุชูุงู ุงูุนููู ููุทูุจ #82', 'edit_order.php?id=82', 0, '2025-08-03 18:46:27'),
(926, 5, '๐ฆ admin ุฃูุฏ ุงุณุชูุงู ุงูุนููู ููุทูุจ #82', 'edit_order.php?id=82', 0, '2025-08-03 18:46:27'),
(927, 1, 'ุชู ุฅุบูุงู ุงูุทูุจ #82 ุชููุงุฆูุงู ูุงูุชูุงูู.', 'edit_order.php?id=82', 0, '2025-08-03 18:46:32'),
(928, 6, 'ุชู ุฅุบูุงู ุงูุทูุจ #82 ุชููุงุฆูุงู ูุงูุชูุงูู.', 'edit_order.php?id=82', 0, '2025-08-03 18:46:32'),
(929, 1, 'ุชู ุชุฃููุฏ ุงูุชุณููุฉ ุงููุงููุฉ ููุทูุจ #82.', 'edit_order.php?id=82', 0, '2025-08-03 18:46:32'),
(930, 1, '๐ฆ admin ุฃูุฏ ุงุณุชูุงู ุงูุนููู ููุทูุจ #83', 'edit_order.php?id=83', 0, '2025-08-03 18:49:10'),
(931, 5, '๐ฆ admin ุฃูุฏ ุงุณุชูุงู ุงูุนููู ููุทูุจ #83', 'edit_order.php?id=83', 0, '2025-08-03 18:49:10'),
(932, 1, 'ุชู ุฅุบูุงู ุงูุทูุจ #83 ุชููุงุฆูุงู ูุงูุชูุงูู.', 'edit_order.php?id=83', 0, '2025-08-03 18:49:16'),
(933, 6, 'ุชู ุฅุบูุงู ุงูุทูุจ #83 ุชููุงุฆูุงู ูุงูุชูุงูู.', 'edit_order.php?id=83', 0, '2025-08-03 18:49:16'),
(934, 1, 'ุชู ุชุฃููุฏ ุงูุชุณููุฉ ุงููุงููุฉ ููุทูุจ #83.', 'edit_order.php?id=83', 0, '2025-08-03 18:49:16'),
(935, 1, '๐ฆ admin ุฃูุฏ ุงุณุชูุงู ุงูุนููู ููุทูุจ #84', 'edit_order.php?id=84', 0, '2025-08-03 18:49:38'),
(936, 5, '๐ฆ admin ุฃูุฏ ุงุณุชูุงู ุงูุนููู ููุทูุจ #84', 'edit_order.php?id=84', 0, '2025-08-03 18:49:38'),
(937, 1, 'ุชู ุฅุบูุงู ุงูุทูุจ #84 ุชููุงุฆูุงู ูุงูุชูุงูู.', 'edit_order.php?id=84', 0, '2025-08-03 18:49:45'),
(938, 6, 'ุชู ุฅุบูุงู ุงูุทูุจ #84 ุชููุงุฆูุงู ูุงูุชูุงูู.', 'edit_order.php?id=84', 0, '2025-08-03 18:49:45'),
(939, 1, 'ุชู ุชุฃููุฏ ุงูุชุณููุฉ ุงููุงููุฉ ููุทูุจ #84.', 'edit_order.php?id=84', 0, '2025-08-03 18:49:45'),
(940, 1, '๐ฆ admin ุฃูุฏ ุงุณุชูุงู ุงูุนููู ููุทูุจ #85', 'edit_order.php?id=85', 0, '2025-08-03 18:50:58'),
(941, 5, '๐ฆ admin ุฃูุฏ ุงุณุชูุงู ุงูุนููู ููุทูุจ #85', 'edit_order.php?id=85', 0, '2025-08-03 18:50:58'),
(942, 1, 'ุชู ุฅุบูุงู ุงูุทูุจ #85 ุชููุงุฆูุงู ูุงูุชูุงูู.', 'edit_order.php?id=85', 0, '2025-08-03 18:51:04'),
(943, 6, 'ุชู ุฅุบูุงู ุงูุทูุจ #85 ุชููุงุฆูุงู ูุงูุชูุงูู.', 'edit_order.php?id=85', 0, '2025-08-03 18:51:04'),
(944, 1, 'ุชู ุชุฃููุฏ ุงูุชุณููุฉ ุงููุงููุฉ ููุทูุจ #85.', 'edit_order.php?id=85', 0, '2025-08-03 18:51:04'),
(945, 1, '๐ฆ admin ุฃูุฏ ุงุณุชูุงู ุงูุนููู ููุทูุจ #86', 'edit_order.php?id=86', 0, '2025-08-03 18:51:11'),
(946, 5, '๐ฆ admin ุฃูุฏ ุงุณุชูุงู ุงูุนููู ููุทูุจ #86', 'edit_order.php?id=86', 0, '2025-08-03 18:51:11'),
(947, 1, 'ุชู ุฅุบูุงู ุงูุทูุจ #86 ุชููุงุฆูุงู ูุงูุชูุงูู.', 'edit_order.php?id=86', 0, '2025-08-03 18:51:17'),
(948, 6, 'ุชู ุฅุบูุงู ุงูุทูุจ #86 ุชููุงุฆูุงู ูุงูุชูุงูู.', 'edit_order.php?id=86', 0, '2025-08-03 18:51:17'),
(949, 1, 'ุชู ุชุฃููุฏ ุงูุชุณููุฉ ุงููุงููุฉ ููุทูุจ #86.', 'edit_order.php?id=86', 0, '2025-08-03 18:51:17'),
(950, 1, '๐ฆ admin ุฃูุฏ ุงุณุชูุงู ุงูุนููู ููุทูุจ #87', 'edit_order.php?id=87', 0, '2025-08-03 18:52:22'),
(951, 5, '๐ฆ admin ุฃูุฏ ุงุณุชูุงู ุงูุนููู ููุทูุจ #87', 'edit_order.php?id=87', 0, '2025-08-03 18:52:22'),
(952, 1, 'ุชู ุฅุบูุงู ุงูุทูุจ #87 ุชููุงุฆูุงู ูุงูุชูุงูู.', 'edit_order.php?id=87', 0, '2025-08-03 18:52:27'),
(953, 6, 'ุชู ุฅุบูุงู ุงูุทูุจ #87 ุชููุงุฆูุงู ูุงูุชูุงูู.', 'edit_order.php?id=87', 0, '2025-08-03 18:52:27'),
(954, 1, 'ุชู ุชุฃููุฏ ุงูุชุณููุฉ ุงููุงููุฉ ููุทูุจ #87.', 'edit_order.php?id=87', 0, '2025-08-03 18:52:27'),
(955, 1, '๐ฆ admin ุฃูุฏ ุงุณุชูุงู ุงูุนููู ููุทูุจ #88', 'edit_order.php?id=88', 0, '2025-08-03 18:52:45'),
(956, 5, '๐ฆ admin ุฃูุฏ ุงุณุชูุงู ุงูุนููู ููุทูุจ #88', 'edit_order.php?id=88', 0, '2025-08-03 18:52:45'),
(957, 1, 'ุชู ุฅุบูุงู ุงูุทูุจ #88 ุชููุงุฆูุงู ูุงูุชูุงูู.', 'edit_order.php?id=88', 0, '2025-08-03 18:52:49'),
(958, 6, 'ุชู ุฅุบูุงู ุงูุทูุจ #88 ุชููุงุฆูุงู ูุงูุชูุงูู.', 'edit_order.php?id=88', 0, '2025-08-03 18:52:49'),
(959, 1, 'ุชู ุชุฃููุฏ ุงูุชุณููุฉ ุงููุงููุฉ ููุทูุจ #88.', 'edit_order.php?id=88', 0, '2025-08-03 18:52:49'),
(960, 1, '๐ฆ admin ุฃูุฏ ุงุณุชูุงู ุงูุนููู ููุทูุจ #89', 'edit_order.php?id=89', 0, '2025-08-03 18:54:17'),
(961, 5, '๐ฆ admin ุฃูุฏ ุงุณุชูุงู ุงูุนููู ููุทูุจ #89', 'edit_order.php?id=89', 0, '2025-08-03 18:54:17'),
(962, 1, 'ุชู ุฅุบูุงู ุงูุทูุจ #89 ุชููุงุฆูุงู ูุงูุชูุงูู.', 'edit_order.php?id=89', 0, '2025-08-03 18:54:21'),
(963, 6, 'ุชู ุฅุบูุงู ุงูุทูุจ #89 ุชููุงุฆูุงู ูุงูุชูุงูู.', 'edit_order.php?id=89', 0, '2025-08-03 18:54:21'),
(964, 1, 'ุชู ุชุฃููุฏ ุงูุชุณููุฉ ุงููุงููุฉ ููุทูุจ #89.', 'edit_order.php?id=89', 0, '2025-08-03 18:54:21'),
(965, 1, '๐ฆ admin ุฃูุฏ ุงุณุชูุงู ุงูุนููู ููุทูุจ #90', 'edit_order.php?id=90', 0, '2025-08-03 18:54:53'),
(966, 5, '๐ฆ admin ุฃูุฏ ุงุณุชูุงู ุงูุนููู ููุทูุจ #90', 'edit_order.php?id=90', 0, '2025-08-03 18:54:53'),
(967, 1, 'ุชู ุฅุบูุงู ุงูุทูุจ #90 ุชููุงุฆูุงู ูุงูุชูุงูู.', 'edit_order.php?id=90', 0, '2025-08-03 18:54:58'),
(968, 6, 'ุชู ุฅุบูุงู ุงูุทูุจ #90 ุชููุงุฆูุงู ูุงูุชูุงูู.', 'edit_order.php?id=90', 0, '2025-08-03 18:54:58'),
(969, 1, 'ุชู ุชุฃููุฏ ุงูุชุณููุฉ ุงููุงููุฉ ููุทูุจ #90.', 'edit_order.php?id=90', 0, '2025-08-03 18:54:58'),
(970, 1, '๐ฆ ุญุณุงู ุงูุดูุฎ ุฃูุฏ ุงุณุชูุงู ุงูุนููู ููุทูุจ #93', 'edit_order.php?id=93', 0, '2025-08-04 06:22:55'),
(971, 6, '๐ฆ ุญุณุงู ุงูุดูุฎ ุฃูุฏ ุงุณุชูุงู ุงูุนููู ููุทูุจ #93', 'edit_order.php?id=93', 0, '2025-08-04 06:22:55'),
(972, 5, '๐ฆ ุญุณุงู ุงูุดูุฎ ุฃูุฏ ุงุณุชูุงู ุงูุนููู ููุทูุจ #93', 'edit_order.php?id=93', 0, '2025-08-04 06:22:55'),
(973, 1, '๐ฆ ุญุณุงู ุงูุดูุฎ ุฃูุฏ ุงุณุชูุงู ุงูุนููู ููุทูุจ #94', 'edit_order.php?id=94', 0, '2025-08-04 06:23:10');
INSERT INTO `notifications` (`notification_id`, `employee_id`, `message`, `link`, `is_read`, `created_at`) VALUES
(974, 6, '๐ฆ ุญุณุงู ุงูุดูุฎ ุฃูุฏ ุงุณุชูุงู ุงูุนููู ููุทูุจ #94', 'edit_order.php?id=94', 0, '2025-08-04 06:23:10'),
(975, 5, '๐ฆ ุญุณุงู ุงูุดูุฎ ุฃูุฏ ุงุณุชูุงู ุงูุนููู ููุทูุจ #94', 'edit_order.php?id=94', 0, '2025-08-04 06:23:10'),
(976, 1, '๐ฆ ุญุณุงู ุงูุดูุฎ ุฃูุฏ ุงุณุชูุงู ุงูุนููู ููุทูุจ #96', 'edit_order.php?id=96', 0, '2025-08-04 06:23:22'),
(977, 6, '๐ฆ ุญุณุงู ุงูุดูุฎ ุฃูุฏ ุงุณุชูุงู ุงูุนููู ููุทูุจ #96', 'edit_order.php?id=96', 0, '2025-08-04 06:23:22'),
(978, 5, '๐ฆ ุญุณุงู ุงูุดูุฎ ุฃูุฏ ุงุณุชูุงู ุงูุนููู ููุทูุจ #96', 'edit_order.php?id=96', 0, '2025-08-04 06:23:22'),
(979, 1, '๐ฆ ุญุณุงู ุงูุดูุฎ ุฃูุฏ ุงุณุชูุงู ุงูุนููู ููุทูุจ #100', 'edit_order.php?id=100', 0, '2025-08-04 06:25:22'),
(980, 6, '๐ฆ ุญุณุงู ุงูุดูุฎ ุฃูุฏ ุงุณุชูุงู ุงูุนููู ููุทูุจ #100', 'edit_order.php?id=100', 0, '2025-08-04 06:25:22'),
(981, 5, '๐ฆ ุญุณุงู ุงูุดูุฎ ุฃูุฏ ุงุณุชูุงู ุงูุนููู ููุทูุจ #100', 'edit_order.php?id=100', 0, '2025-08-04 06:25:22'),
(982, 1, '๐ฆ ุญุณุงู ุงูุดูุฎ ุฃูุฏ ุงุณุชูุงู ุงูุนููู ููุทูุจ #102', 'edit_order.php?id=102', 0, '2025-08-04 06:26:09'),
(983, 6, '๐ฆ ุญุณุงู ุงูุดูุฎ ุฃูุฏ ุงุณุชูุงู ุงูุนููู ููุทูุจ #102', 'edit_order.php?id=102', 0, '2025-08-04 06:26:09'),
(984, 5, '๐ฆ ุญุณุงู ุงูุดูุฎ ุฃูุฏ ุงุณุชูุงู ุงูุนููู ููุทูุจ #102', 'edit_order.php?id=102', 0, '2025-08-04 06:26:09'),
(985, 1, '๐ฆ ุญุณุงู ุงูุดูุฎ ุฃูุฏ ุงุณุชูุงู ุงูุนููู ููุทูุจ #103', 'edit_order.php?id=103', 0, '2025-08-04 06:26:29'),
(986, 6, '๐ฆ ุญุณุงู ุงูุดูุฎ ุฃูุฏ ุงุณุชูุงู ุงูุนููู ููุทูุจ #103', 'edit_order.php?id=103', 0, '2025-08-04 06:26:29'),
(987, 5, '๐ฆ ุญุณุงู ุงูุดูุฎ ุฃูุฏ ุงุณุชูุงู ุงูุนููู ููุทูุจ #103', 'edit_order.php?id=103', 0, '2025-08-04 06:26:29'),
(988, 1, '๐ฆ ุญุณุงู ุงูุดูุฎ ุฃูุฏ ุงุณุชูุงู ุงูุนููู ููุทูุจ #104', 'edit_order.php?id=104', 0, '2025-08-04 06:26:40'),
(989, 6, '๐ฆ ุญุณุงู ุงูุดูุฎ ุฃูุฏ ุงุณุชูุงู ุงูุนููู ููุทูุจ #104', 'edit_order.php?id=104', 0, '2025-08-04 06:26:40'),
(990, 5, '๐ฆ ุญุณุงู ุงูุดูุฎ ุฃูุฏ ุงุณุชูุงู ุงูุนููู ููุทูุจ #104', 'edit_order.php?id=104', 0, '2025-08-04 06:26:40'),
(991, 1, '๐ฆ ุญุณุงู ุงูุดูุฎ ุฃูุฏ ุงุณุชูุงู ุงูุนููู ููุทูุจ #106', 'edit_order.php?id=106', 0, '2025-08-04 06:27:18'),
(992, 6, '๐ฆ ุญุณุงู ุงูุดูุฎ ุฃูุฏ ุงุณุชูุงู ุงูุนููู ููุทูุจ #106', 'edit_order.php?id=106', 0, '2025-08-04 06:27:18'),
(993, 5, '๐ฆ ุญุณุงู ุงูุดูุฎ ุฃูุฏ ุงุณุชูุงู ุงูุนููู ููุทูุจ #106', 'edit_order.php?id=106', 0, '2025-08-04 06:27:18'),
(994, 1, '๐ฆ ุญุณุงู ุงูุดูุฎ ุฃูุฏ ุงุณุชูุงู ุงูุนููู ููุทูุจ #107', 'edit_order.php?id=107', 0, '2025-08-04 06:27:32'),
(995, 6, '๐ฆ ุญุณุงู ุงูุดูุฎ ุฃูุฏ ุงุณุชูุงู ุงูุนููู ููุทูุจ #107', 'edit_order.php?id=107', 0, '2025-08-04 06:27:32'),
(996, 5, '๐ฆ ุญุณุงู ุงูุดูุฎ ุฃูุฏ ุงุณุชูุงู ุงูุนููู ููุทูุจ #107', 'edit_order.php?id=107', 0, '2025-08-04 06:27:32'),
(997, 1, '๐ฆ ุญุณุงู ุงูุดูุฎ ุฃูุฏ ุงุณุชูุงู ุงูุนููู ููุทูุจ #108', 'edit_order.php?id=108', 0, '2025-08-04 06:27:43'),
(998, 6, '๐ฆ ุญุณุงู ุงูุดูุฎ ุฃูุฏ ุงุณุชูุงู ุงูุนููู ููุทูุจ #108', 'edit_order.php?id=108', 0, '2025-08-04 06:27:43'),
(999, 5, '๐ฆ ุญุณุงู ุงูุดูุฎ ุฃูุฏ ุงุณุชูุงู ุงูุนููู ููุทูุจ #108', 'edit_order.php?id=108', 0, '2025-08-04 06:27:43'),
(1000, 1, '๐ฆ ุญุณุงู ุงูุดูุฎ ุฃูุฏ ุงุณุชูุงู ุงูุนููู ููุทูุจ #109', 'edit_order.php?id=109', 0, '2025-08-04 06:36:45'),
(1001, 6, '๐ฆ ุญุณุงู ุงูุดูุฎ ุฃูุฏ ุงุณุชูุงู ุงูุนููู ููุทูุจ #109', 'edit_order.php?id=109', 0, '2025-08-04 06:36:45'),
(1002, 5, '๐ฆ ุญุณุงู ุงูุดูุฎ ุฃูุฏ ุงุณุชูุงู ุงูุนููู ููุทูุจ #109', 'edit_order.php?id=109', 0, '2025-08-04 06:36:45'),
(1003, 1, '๐ฆ ุญุณุงู ุงูุดูุฎ ุฃูุฏ ุงุณุชูุงู ุงูุนููู ููุทูุจ #110', 'edit_order.php?id=110', 0, '2025-08-04 06:36:55'),
(1004, 6, '๐ฆ ุญุณุงู ุงูุดูุฎ ุฃูุฏ ุงุณุชูุงู ุงูุนููู ููุทูุจ #110', 'edit_order.php?id=110', 0, '2025-08-04 06:36:55'),
(1005, 5, '๐ฆ ุญุณุงู ุงูุดูุฎ ุฃูุฏ ุงุณุชูุงู ุงูุนููู ููุทูุจ #110', 'edit_order.php?id=110', 0, '2025-08-04 06:36:55'),
(1006, 1, 'โ ุญุณุงู ุงูุดูุฎ ุฃููู ุชูููุฐ ุงูุทูุจ #112 ูุฃุตุจุญ ุฌุงูุฒุงู ููุชุณููู', 'edit_order.php?id=112', 0, '2025-08-04 06:37:41'),
(1007, 6, 'โ ุญุณุงู ุงูุดูุฎ ุฃููู ุชูููุฐ ุงูุทูุจ #112 ูุฃุตุจุญ ุฌุงูุฒุงู ููุชุณููู', 'edit_order.php?id=112', 0, '2025-08-04 06:37:41'),
(1008, 2, 'โ ุญุณุงู ุงูุดูุฎ ุฃููู ุชูููุฐ ุงูุทูุจ #112 ูุฃุตุจุญ ุฌุงูุฒุงู ููุชุณููู', 'edit_order.php?id=112', 0, '2025-08-04 06:37:41'),
(1009, 1, '๐ฆ ุญุณุงู ุงูุดูุฎ ุฃูุฏ ุงุณุชูุงู ุงูุนููู ููุทูุจ #112', 'edit_order.php?id=112', 0, '2025-08-04 06:37:49'),
(1010, 6, '๐ฆ ุญุณุงู ุงูุดูุฎ ุฃูุฏ ุงุณุชูุงู ุงูุนููู ููุทูุจ #112', 'edit_order.php?id=112', 0, '2025-08-04 06:37:49'),
(1011, 5, '๐ฆ ุญุณุงู ุงูุดูุฎ ุฃูุฏ ุงุณุชูุงู ุงูุนููู ููุทูุจ #112', 'edit_order.php?id=112', 0, '2025-08-04 06:37:49'),
(1012, 1, 'โ ุญุณุงู ุงูุดูุฎ ุฃููู ุชูููุฐ ุงูุทูุจ #113 ูุฃุตุจุญ ุฌุงูุฒุงู ููุชุณููู', 'edit_order.php?id=113', 0, '2025-08-04 06:37:57'),
(1013, 6, 'โ ุญุณุงู ุงูุดูุฎ ุฃููู ุชูููุฐ ุงูุทูุจ #113 ูุฃุตุจุญ ุฌุงูุฒุงู ููุชุณููู', 'edit_order.php?id=113', 0, '2025-08-04 06:37:57'),
(1014, 2, 'โ ุญุณุงู ุงูุดูุฎ ุฃููู ุชูููุฐ ุงูุทูุจ #113 ูุฃุตุจุญ ุฌุงูุฒุงู ููุชุณููู', 'edit_order.php?id=113', 0, '2025-08-04 06:37:57'),
(1015, 1, '๐ฆ ุญุณุงู ุงูุดูุฎ ุฃูุฏ ุงุณุชูุงู ุงูุนููู ููุทูุจ #113', 'edit_order.php?id=113', 0, '2025-08-04 06:38:05'),
(1016, 6, '๐ฆ ุญุณุงู ุงูุดูุฎ ุฃูุฏ ุงุณุชูุงู ุงูุนููู ููุทูุจ #113', 'edit_order.php?id=113', 0, '2025-08-04 06:38:05'),
(1017, 5, '๐ฆ ุญุณุงู ุงูุดูุฎ ุฃูุฏ ุงุณุชูุงู ุงูุนููู ููุทูุจ #113', 'edit_order.php?id=113', 0, '2025-08-04 06:38:05'),
(1018, 1, 'โ ุญุณุงู ุงูุดูุฎ ุฃููู ุชูููุฐ ุงูุทูุจ #115 ูุฃุตุจุญ ุฌุงูุฒุงู ููุชุณููู', 'edit_order.php?id=115', 0, '2025-08-04 06:38:23'),
(1019, 6, 'โ ุญุณุงู ุงูุดูุฎ ุฃููู ุชูููุฐ ุงูุทูุจ #115 ูุฃุตุจุญ ุฌุงูุฒุงู ููุชุณููู', 'edit_order.php?id=115', 0, '2025-08-04 06:38:23'),
(1020, 2, 'โ ุญุณุงู ุงูุดูุฎ ุฃููู ุชูููุฐ ุงูุทูุจ #115 ูุฃุตุจุญ ุฌุงูุฒุงู ููุชุณููู', 'edit_order.php?id=115', 0, '2025-08-04 06:38:23'),
(1021, 1, '๐ฆ ุญุณุงู ุงูุดูุฎ ุฃูุฏ ุงุณุชูุงู ุงูุนููู ููุทูุจ #115', 'edit_order.php?id=115', 0, '2025-08-04 06:38:31'),
(1022, 6, '๐ฆ ุญุณุงู ุงูุดูุฎ ุฃูุฏ ุงุณุชูุงู ุงูุนููู ููุทูุจ #115', 'edit_order.php?id=115', 0, '2025-08-04 06:38:31'),
(1023, 5, '๐ฆ ุญุณุงู ุงูุดูุฎ ุฃูุฏ ุงุณุชูุงู ุงูุนููู ููุทูุจ #115', 'edit_order.php?id=115', 0, '2025-08-04 06:38:31'),
(1024, 1, '๐ฆ ุญุณุงู ุงูุดูุฎ ุฃูุฏ ุงุณุชูุงู ุงูุนููู ููุทูุจ #73', 'edit_order.php?id=73', 0, '2025-08-04 06:47:01'),
(1025, 6, '๐ฆ ุญุณุงู ุงูุดูุฎ ุฃูุฏ ุงุณุชูุงู ุงูุนููู ููุทูุจ #73', 'edit_order.php?id=73', 0, '2025-08-04 06:47:01'),
(1026, 5, '๐ฆ ุญุณุงู ุงูุดูุฎ ุฃูุฏ ุงุณุชูุงู ุงูุนููู ููุทูุจ #73', 'edit_order.php?id=73', 0, '2025-08-04 06:47:01'),
(1027, 1, 'โ ุญุณุงู ุงูุดูุฎ ุฃููู ุชูููุฐ ุงูุทูุจ #117 ูุฃุตุจุญ ุฌุงูุฒุงู ููุชุณููู', 'edit_order.php?id=117', 0, '2025-08-04 06:48:14'),
(1028, 6, 'โ ุญุณุงู ุงูุดูุฎ ุฃููู ุชูููุฐ ุงูุทูุจ #117 ูุฃุตุจุญ ุฌุงูุฒุงู ููุชุณููู', 'edit_order.php?id=117', 0, '2025-08-04 06:48:14'),
(1029, 2, 'โ ุญุณุงู ุงูุดูุฎ ุฃููู ุชูููุฐ ุงูุทูุจ #117 ูุฃุตุจุญ ุฌุงูุฒุงู ููุชุณููู', 'edit_order.php?id=117', 0, '2025-08-04 06:48:14'),
(1030, 1, '๐ฆ admin ุฃูุฏ ุงุณุชูุงู ุงูุนููู ููุทูุจ #80', 'edit_order.php?id=80', 0, '2025-08-04 06:53:31'),
(1031, 5, '๐ฆ admin ุฃูุฏ ุงุณุชูุงู ุงูุนููู ููุทูุจ #80', 'edit_order.php?id=80', 0, '2025-08-04 06:53:31'),
(1032, 1, 'ุชู ุฅุบูุงู ุงูุทูุจ #80 ุชููุงุฆูุงู ูุงูุชูุงูู.', 'edit_order.php?id=80', 0, '2025-08-04 06:53:39'),
(1033, 6, 'ุชู ุฅุบูุงู ุงูุทูุจ #80 ุชููุงุฆูุงู ูุงูุชูุงูู.', 'edit_order.php?id=80', 0, '2025-08-04 06:53:39'),
(1034, 1, 'ุชู ุชุฃููุฏ ุงูุชุณููุฉ ุงููุงููุฉ ููุทูุจ #80.', 'edit_order.php?id=80', 0, '2025-08-04 06:53:39'),
(1035, 1, 'ุชู ุฅุบูุงู ุงูุทูุจ #100 ุชููุงุฆูุงู ูุงูุชูุงูู.', 'edit_order.php?id=100', 0, '2025-08-04 07:08:08'),
(1036, 6, 'ุชู ุฅุบูุงู ุงูุทูุจ #100 ุชููุงุฆูุงู ูุงูุชูุงูู.', 'edit_order.php?id=100', 0, '2025-08-04 07:08:08'),
(1037, 1, 'ุชู ุชุฃููุฏ ุงูุชุณููุฉ ุงููุงููุฉ ููุทูุจ #100.', 'edit_order.php?id=100', 0, '2025-08-04 07:08:08'),
(1038, 1, 'ุชู ุฅุบูุงู ุงูุทูุจ #103 ุชููุงุฆูุงู ูุงูุชูุงูู.', 'edit_order.php?id=103', 0, '2025-08-04 07:08:30'),
(1039, 6, 'ุชู ุฅุบูุงู ุงูุทูุจ #103 ุชููุงุฆูุงู ูุงูุชูุงูู.', 'edit_order.php?id=103', 0, '2025-08-04 07:08:30'),
(1040, 1, 'ุชู ุชุฃููุฏ ุงูุชุณููุฉ ุงููุงููุฉ ููุทูุจ #103.', 'edit_order.php?id=103', 0, '2025-08-04 07:08:30'),
(1041, 1, '๐จ ุงููุตูู ุชูููู ุนุจุฏ ุงูุญููู ุฃุฑุณู ุงูุทูุจ #141 ุฅูู ูุฑุญูุฉ ุงูุชูููุฐ', 'edit_order.php?id=141', 0, '2025-08-04 07:28:08'),
(1042, 6, '๐จ ุงููุตูู ุชูููู ุนุจุฏ ุงูุญููู ุฃุฑุณู ุงูุทูุจ #141 ุฅูู ูุฑุญูุฉ ุงูุชูููุฐ', 'edit_order.php?id=141', 0, '2025-08-04 07:28:08'),
(1043, 4, '๐จ ุงููุตูู ุชูููู ุนุจุฏ ุงูุญููู ุฃุฑุณู ุงูุทูุจ #141 ุฅูู ูุฑุญูุฉ ุงูุชูููุฐ', 'edit_order.php?id=141', 0, '2025-08-04 07:28:08'),
(1044, 1, '๐จ ุงููุตูู ุชูููู ุนุจุฏ ุงูุญููู ุฃุฑุณู ุงูุทูุจ #142 ุฅูู ูุฑุญูุฉ ุงูุชูููุฐ', 'edit_order.php?id=142', 0, '2025-08-04 07:28:14'),
(1045, 6, '๐จ ุงููุตูู ุชูููู ุนุจุฏ ุงูุญููู ุฃุฑุณู ุงูุทูุจ #142 ุฅูู ูุฑุญูุฉ ุงูุชูููุฐ', 'edit_order.php?id=142', 0, '2025-08-04 07:28:14'),
(1046, 4, '๐จ ุงููุตูู ุชูููู ุนุจุฏ ุงูุญููู ุฃุฑุณู ุงูุทูุจ #142 ุฅูู ูุฑุญูุฉ ุงูุชูููุฐ', 'edit_order.php?id=142', 0, '2025-08-04 07:28:14'),
(1047, 1, '๐ฆ admin ุฃูุฏ ุงุณุชูุงู ุงูุนููู ููุทูุจ #60', 'edit_order.php?id=60', 0, '2025-08-04 07:51:28'),
(1048, 5, '๐ฆ admin ุฃูุฏ ุงุณุชูุงู ุงูุนููู ููุทูุจ #60', 'edit_order.php?id=60', 0, '2025-08-04 07:51:28'),
(1049, 1, 'ุชู ุฅุบูุงู ุงูุทูุจ #60 ุชููุงุฆูุงู ูุงูุชูุงูู.', 'edit_order.php?id=60', 0, '2025-08-04 07:51:40'),
(1050, 6, 'ุชู ุฅุบูุงู ุงูุทูุจ #60 ุชููุงุฆูุงู ูุงูุชูุงูู.', 'edit_order.php?id=60', 0, '2025-08-04 07:51:40'),
(1051, 1, 'ุชู ุชุฃููุฏ ุงูุชุณููุฉ ุงููุงููุฉ ููุทูุจ #60.', 'edit_order.php?id=60', 0, '2025-08-04 07:51:40'),
(1052, 1, '๐จ ุงููุตูู ุชูููู ุนุจุฏ ุงูุญููู ุฃุฑุณู ุงูุทูุจ #134 ุฅูู ูุฑุญูุฉ ุงูุชูููุฐ', 'edit_order.php?id=134', 0, '2025-08-04 07:59:54'),
(1053, 6, '๐จ ุงููุตูู ุชูููู ุนุจุฏ ุงูุญููู ุฃุฑุณู ุงูุทูุจ #134 ุฅูู ูุฑุญูุฉ ุงูุชูููุฐ', 'edit_order.php?id=134', 0, '2025-08-04 07:59:54'),
(1054, 4, '๐จ ุงููุตูู ุชูููู ุนุจุฏ ุงูุญููู ุฃุฑุณู ุงูุทูุจ #134 ุฅูู ูุฑุญูุฉ ุงูุชูููุฐ', 'edit_order.php?id=134', 0, '2025-08-04 07:59:54'),
(1055, 1, 'ุชู ุฅุบูุงู ุงูุทูุจ #73 ุชููุงุฆูุงู ูุงูุชูุงูู.', 'edit_order.php?id=73', 0, '2025-08-04 08:00:06'),
(1056, 6, 'ุชู ุฅุบูุงู ุงูุทูุจ #73 ุชููุงุฆูุงู ูุงูุชูุงูู.', 'edit_order.php?id=73', 0, '2025-08-04 08:00:06'),
(1057, 1, 'ุชู ุชุฃููุฏ ุงูุชุณููุฉ ุงููุงููุฉ ููุทูุจ #73.', 'edit_order.php?id=73', 0, '2025-08-04 08:00:06'),
(1058, 1, '๐จ ุงููุตูู ุชูููู ุนุจุฏ ุงูุญููู ุฃุฑุณู ุงูุทูุจ #143 ุฅูู ูุฑุญูุฉ ุงูุชูููุฐ', 'edit_order.php?id=143', 0, '2025-08-04 08:00:35'),
(1059, 6, '๐จ ุงููุตูู ุชูููู ุนุจุฏ ุงูุญููู ุฃุฑุณู ุงูุทูุจ #143 ุฅูู ูุฑุญูุฉ ุงูุชูููุฐ', 'edit_order.php?id=143', 0, '2025-08-04 08:00:35'),
(1060, 4, '๐จ ุงููุตูู ุชูููู ุนุจุฏ ุงูุญููู ุฃุฑุณู ุงูุทูุจ #143 ุฅูู ูุฑุญูุฉ ุงูุชูููุฐ', 'edit_order.php?id=143', 0, '2025-08-04 08:00:35'),
(1061, 1, '๐ฆ ุญุณุงู ุงูุดูุฎ ุฃูุฏ ุงุณุชูุงู ุงูุนููู ููุทูุจ #36', 'edit_order.php?id=36', 0, '2025-08-04 09:28:05'),
(1062, 6, '๐ฆ ุญุณุงู ุงูุดูุฎ ุฃูุฏ ุงุณุชูุงู ุงูุนููู ููุทูุจ #36', 'edit_order.php?id=36', 0, '2025-08-04 09:28:05'),
(1063, 5, '๐ฆ ุญุณุงู ุงูุดูุฎ ุฃูุฏ ุงุณุชูุงู ุงูุนููู ููุทูุจ #36', 'edit_order.php?id=36', 0, '2025-08-04 09:28:05'),
(1064, 1, 'ุชู ุฅุบูุงู ุงูุทูุจ #47 ุชููุงุฆูุงู ูุงูุชูุงูู.', 'edit_order.php?id=47', 0, '2025-08-04 09:28:30'),
(1065, 6, 'ุชู ุฅุบูุงู ุงูุทูุจ #47 ุชููุงุฆูุงู ูุงูุชูุงูู.', 'edit_order.php?id=47', 0, '2025-08-04 09:28:30'),
(1066, 1, '๐ฆ ุญุณุงู ุงูุดูุฎ ุฃูุฏ ุงุณุชูุงู ุงูุนููู ููุทูุจ #47', 'edit_order.php?id=47', 0, '2025-08-04 09:28:30'),
(1067, 6, '๐ฆ ุญุณุงู ุงูุดูุฎ ุฃูุฏ ุงุณุชูุงู ุงูุนููู ููุทูุจ #47', 'edit_order.php?id=47', 0, '2025-08-04 09:28:30'),
(1068, 5, '๐ฆ ุญุณุงู ุงูุดูุฎ ุฃูุฏ ุงุณุชูุงู ุงูุนููู ููุทูุจ #47', 'edit_order.php?id=47', 0, '2025-08-04 09:28:30'),
(1069, 1, '๐ฆ ุญุณุงู ุงูุดูุฎ ุฃูุฏ ุงุณุชูุงู ุงูุนููู ููุทูุจ #59', 'edit_order.php?id=59', 0, '2025-08-04 09:28:46'),
(1070, 6, '๐ฆ ุญุณุงู ุงูุดูุฎ ุฃูุฏ ุงุณุชูุงู ุงูุนููู ููุทูุจ #59', 'edit_order.php?id=59', 0, '2025-08-04 09:28:46'),
(1071, 5, '๐ฆ ุญุณุงู ุงูุดูุฎ ุฃูุฏ ุงุณุชูุงู ุงูุนููู ููุทูุจ #59', 'edit_order.php?id=59', 0, '2025-08-04 09:28:46'),
(1072, 1, '๐ฆ ุญุณุงู ุงูุดูุฎ ุฃูุฏ ุงุณุชูุงู ุงูุนููู ููุทูุจ #67', 'edit_order.php?id=67', 0, '2025-08-04 09:29:00'),
(1073, 6, '๐ฆ ุญุณุงู ุงูุดูุฎ ุฃูุฏ ุงุณุชูุงู ุงูุนููู ููุทูุจ #67', 'edit_order.php?id=67', 0, '2025-08-04 09:29:00'),
(1074, 5, '๐ฆ ุญุณุงู ุงูุดูุฎ ุฃูุฏ ุงุณุชูุงู ุงูุนููู ููุทูุจ #67', 'edit_order.php?id=67', 0, '2025-08-04 09:29:00'),
(1075, 1, '๐ฆ ุญุณุงู ุงูุดูุฎ ุฃูุฏ ุงุณุชูุงู ุงูุนููู ููุทูุจ #70', 'edit_order.php?id=70', 0, '2025-08-04 09:29:06'),
(1076, 6, '๐ฆ ุญุณุงู ุงูุดูุฎ ุฃูุฏ ุงุณุชูุงู ุงูุนููู ููุทูุจ #70', 'edit_order.php?id=70', 0, '2025-08-04 09:29:06'),
(1077, 5, '๐ฆ ุญุณุงู ุงูุดูุฎ ุฃูุฏ ุงุณุชูุงู ุงูุนููู ููุทูุจ #70', 'edit_order.php?id=70', 0, '2025-08-04 09:29:06'),
(1078, 1, '๐ฆ ุญุณุงู ุงูุดูุฎ ุฃูุฏ ุงุณุชูุงู ุงูุนููู ููุทูุจ #72', 'edit_order.php?id=72', 0, '2025-08-04 09:29:11'),
(1079, 6, '๐ฆ ุญุณุงู ุงูุดูุฎ ุฃูุฏ ุงุณุชูุงู ุงูุนููู ููุทูุจ #72', 'edit_order.php?id=72', 0, '2025-08-04 09:29:11'),
(1080, 5, '๐ฆ ุญุณุงู ุงูุดูุฎ ุฃูุฏ ุงุณุชูุงู ุงูุนููู ููุทูุจ #72', 'edit_order.php?id=72', 0, '2025-08-04 09:29:11'),
(1081, 1, '๐ฆ ุญุณุงู ุงูุดูุฎ ุฃูุฏ ุงุณุชูุงู ุงูุนููู ููุทูุจ #78', 'edit_order.php?id=78', 0, '2025-08-04 09:29:17'),
(1082, 6, '๐ฆ ุญุณุงู ุงูุดูุฎ ุฃูุฏ ุงุณุชูุงู ุงูุนููู ููุทูุจ #78', 'edit_order.php?id=78', 0, '2025-08-04 09:29:17'),
(1083, 5, '๐ฆ ุญุณุงู ุงูุดูุฎ ุฃูุฏ ุงุณุชูุงู ุงูุนููู ููุทูุจ #78', 'edit_order.php?id=78', 0, '2025-08-04 09:29:17'),
(1084, 1, '๐ฆ ุญุณุงู ุงูุดูุฎ ุฃูุฏ ุงุณุชูุงู ุงูุนููู ููุทูุจ #50', 'edit_order.php?id=50', 0, '2025-08-04 09:29:37'),
(1085, 6, '๐ฆ ุญุณุงู ุงูุดูุฎ ุฃูุฏ ุงุณุชูุงู ุงูุนููู ููุทูุจ #50', 'edit_order.php?id=50', 0, '2025-08-04 09:29:37'),
(1086, 5, '๐ฆ ุญุณุงู ุงูุดูุฎ ุฃูุฏ ุงุณุชูุงู ุงูุนููู ููุทูุจ #50', 'edit_order.php?id=50', 0, '2025-08-04 09:29:37'),
(1087, 1, '๐ฆ ุญุณุงู ุงูุดูุฎ ุฃูุฏ ุงุณุชูุงู ุงูุนููู ููุทูุจ #97', 'edit_order.php?id=97', 0, '2025-08-04 09:30:09'),
(1088, 6, '๐ฆ ุญุณุงู ุงูุดูุฎ ุฃูุฏ ุงุณุชูุงู ุงูุนููู ููุทูุจ #97', 'edit_order.php?id=97', 0, '2025-08-04 09:30:09'),
(1089, 5, '๐ฆ ุญุณุงู ุงูุดูุฎ ุฃูุฏ ุงุณุชูุงู ุงูุนููู ููุทูุจ #97', 'edit_order.php?id=97', 0, '2025-08-04 09:30:09'),
(1090, 1, '๐ฆ ุญุณุงู ุงูุดูุฎ ุฃูุฏ ุงุณุชูุงู ุงูุนููู ููุทูุจ #99', 'edit_order.php?id=99', 0, '2025-08-04 09:30:36'),
(1091, 6, '๐ฆ ุญุณุงู ุงูุดูุฎ ุฃูุฏ ุงุณุชูุงู ุงูุนููู ููุทูุจ #99', 'edit_order.php?id=99', 0, '2025-08-04 09:30:36'),
(1092, 5, '๐ฆ ุญุณุงู ุงูุดูุฎ ุฃูุฏ ุงุณุชูุงู ุงูุนููู ููุทูุจ #99', 'edit_order.php?id=99', 0, '2025-08-04 09:30:36'),
(1093, 1, '๐ฆ ุญุณุงู ุงูุดูุฎ ุฃูุฏ ุงุณุชูุงู ุงูุนููู ููุทูุจ #101', 'edit_order.php?id=101', 0, '2025-08-04 09:30:49'),
(1094, 6, '๐ฆ ุญุณุงู ุงูุดูุฎ ุฃูุฏ ุงุณุชูุงู ุงูุนููู ููุทูุจ #101', 'edit_order.php?id=101', 0, '2025-08-04 09:30:49'),
(1095, 5, '๐ฆ ุญุณุงู ุงูุดูุฎ ุฃูุฏ ุงุณุชูุงู ุงูุนููู ููุทูุจ #101', 'edit_order.php?id=101', 0, '2025-08-04 09:30:49'),
(1096, 1, '๐ฆ ุญุณุงู ุงูุดูุฎ ุฃูุฏ ุงุณุชูุงู ุงูุนููู ููุทูุจ #105', 'edit_order.php?id=105', 0, '2025-08-04 09:31:01'),
(1097, 6, '๐ฆ ุญุณุงู ุงูุดูุฎ ุฃูุฏ ุงุณุชูุงู ุงูุนููู ููุทูุจ #105', 'edit_order.php?id=105', 0, '2025-08-04 09:31:01'),
(1098, 5, '๐ฆ ุญุณุงู ุงูุดูุฎ ุฃูุฏ ุงุณุชูุงู ุงูุนููู ููุทูุจ #105', 'edit_order.php?id=105', 0, '2025-08-04 09:31:01'),
(1099, 1, 'โ ุญุณุงู ุงูุดูุฎ ุฃููู ุชูููุฐ ุงูุทูุจ #116 ูุฃุตุจุญ ุฌุงูุฒุงู ููุชุณููู', 'edit_order.php?id=116', 0, '2025-08-04 09:31:37'),
(1100, 6, 'โ ุญุณุงู ุงูุดูุฎ ุฃููู ุชูููุฐ ุงูุทูุจ #116 ูุฃุตุจุญ ุฌุงูุฒุงู ููุชุณููู', 'edit_order.php?id=116', 0, '2025-08-04 09:31:37'),
(1101, 2, 'โ ุญุณุงู ุงูุดูุฎ ุฃููู ุชูููุฐ ุงูุทูุจ #116 ูุฃุตุจุญ ุฌุงูุฒุงู ููุชุณููู', 'edit_order.php?id=116', 0, '2025-08-04 09:31:37'),
(1102, 1, '๐ฆ ุญุณุงู ุงูุดูุฎ ุฃูุฏ ุงุณุชูุงู ุงูุนููู ููุทูุจ #116', 'edit_order.php?id=116', 0, '2025-08-04 09:31:53'),
(1103, 6, '๐ฆ ุญุณุงู ุงูุดูุฎ ุฃูุฏ ุงุณุชูุงู ุงูุนููู ููุทูุจ #116', 'edit_order.php?id=116', 0, '2025-08-04 09:31:53'),
(1104, 5, '๐ฆ ุญุณุงู ุงูุดูุฎ ุฃูุฏ ุงุณุชูุงู ุงูุนููู ููุทูุจ #116', 'edit_order.php?id=116', 0, '2025-08-04 09:31:53'),
(1105, 1, 'โ ุญุณุงู ุงูุดูุฎ ุฃููู ุชูููุฐ ุงูุทูุจ #134 ูุฃุตุจุญ ุฌุงูุฒุงู ููุชุณููู', 'edit_order.php?id=134', 0, '2025-08-04 09:32:33'),
(1106, 6, 'โ ุญุณุงู ุงูุดูุฎ ุฃููู ุชูููุฐ ุงูุทูุจ #134 ูุฃุตุจุญ ุฌุงูุฒุงู ููุชุณููู', 'edit_order.php?id=134', 0, '2025-08-04 09:32:33'),
(1107, 2, 'โ ุญุณุงู ุงูุดูุฎ ุฃููู ุชูููุฐ ุงูุทูุจ #134 ูุฃุตุจุญ ุฌุงูุฒุงู ููุชุณููู', 'edit_order.php?id=134', 0, '2025-08-04 09:32:33'),
(1111, 1, '๐ฆ ุญุณุงู ุงูุดูุฎ ุฃูุฏ ุงุณุชูุงู ุงูุนููู ููุทูุจ #98', 'edit_order.php?id=98', 0, '2025-08-04 14:02:17'),
(1112, 6, '๐ฆ ุญุณุงู ุงูุดูุฎ ุฃูุฏ ุงุณุชูุงู ุงูุนููู ููุทูุจ #98', 'edit_order.php?id=98', 0, '2025-08-04 14:02:17'),
(1113, 5, '๐ฆ ุญุณุงู ุงูุดูุฎ ุฃูุฏ ุงุณุชูุงู ุงูุนููู ููุทูุจ #98', 'edit_order.php?id=98', 0, '2025-08-04 14:02:17'),
(1114, 1, '๐ฆ ุญุณุงู ุงูุดูุฎ ุฃูุฏ ุงุณุชูุงู ุงูุนููู ููุทูุจ #117', 'edit_order.php?id=117', 0, '2025-08-04 14:02:56'),
(1115, 6, '๐ฆ ุญุณุงู ุงูุดูุฎ ุฃูุฏ ุงุณุชูุงู ุงูุนููู ููุทูุจ #117', 'edit_order.php?id=117', 0, '2025-08-04 14:02:56'),
(1116, 5, '๐ฆ ุญุณุงู ุงูุดูุฎ ุฃูุฏ ุงุณุชูุงู ุงูุนููู ููุทูุจ #117', 'edit_order.php?id=117', 0, '2025-08-04 14:02:56'),
(1117, 1, 'โ ุญุณุงู ุงูุดูุฎ ุฃููู ุชูููุฐ ุงูุทูุจ #120 ูุฃุตุจุญ ุฌุงูุฒุงู ููุชุณููู', 'edit_order.php?id=120', 0, '2025-08-04 14:07:03'),
(1118, 6, 'โ ุญุณุงู ุงูุดูุฎ ุฃููู ุชูููุฐ ุงูุทูุจ #120 ูุฃุตุจุญ ุฌุงูุฒุงู ููุชุณููู', 'edit_order.php?id=120', 0, '2025-08-04 14:07:03'),
(1119, 2, 'โ ุญุณุงู ุงูุดูุฎ ุฃููู ุชูููุฐ ุงูุทูุจ #120 ูุฃุตุจุญ ุฌุงูุฒุงู ููุชุณููู', 'edit_order.php?id=120', 0, '2025-08-04 14:07:03'),
(1120, 1, '๐ฆ ุญุณุงู ุงูุดูุฎ ุฃูุฏ ุงุณุชูุงู ุงูุนููู ููุทูุจ #120', 'edit_order.php?id=120', 0, '2025-08-04 14:07:13'),
(1121, 6, '๐ฆ ุญุณุงู ุงูุดูุฎ ุฃูุฏ ุงุณุชูุงู ุงูุนููู ููุทูุจ #120', 'edit_order.php?id=120', 0, '2025-08-04 14:07:13'),
(1122, 5, '๐ฆ ุญุณุงู ุงูุดูุฎ ุฃูุฏ ุงุณุชูุงู ุงูุนููู ููุทูุจ #120', 'edit_order.php?id=120', 0, '2025-08-04 14:07:13'),
(1123, 1, 'โ ุญุณุงู ุงูุดูุฎ ุฃููู ุชูููุฐ ุงูุทูุจ #121 ูุฃุตุจุญ ุฌุงูุฒุงู ููุชุณููู', 'edit_order.php?id=121', 0, '2025-08-04 14:07:26'),
(1124, 6, 'โ ุญุณุงู ุงูุดูุฎ ุฃููู ุชูููุฐ ุงูุทูุจ #121 ูุฃุตุจุญ ุฌุงูุฒุงู ููุชุณููู', 'edit_order.php?id=121', 0, '2025-08-04 14:07:26'),
(1125, 2, 'โ ุญุณุงู ุงูุดูุฎ ุฃููู ุชูููุฐ ุงูุทูุจ #121 ูุฃุตุจุญ ุฌุงูุฒุงู ููุชุณููู', 'edit_order.php?id=121', 0, '2025-08-04 14:07:26'),
(1126, 1, '๐ฆ ุญุณุงู ุงูุดูุฎ ุฃูุฏ ุงุณุชูุงู ุงูุนููู ููุทูุจ #121', 'edit_order.php?id=121', 0, '2025-08-04 14:07:34'),
(1127, 6, '๐ฆ ุญุณุงู ุงูุดูุฎ ุฃูุฏ ุงุณุชูุงู ุงูุนููู ููุทูุจ #121', 'edit_order.php?id=121', 0, '2025-08-04 14:07:34'),
(1128, 5, '๐ฆ ุญุณุงู ุงูุดูุฎ ุฃูุฏ ุงุณุชูุงู ุงูุนููู ููุทูุจ #121', 'edit_order.php?id=121', 0, '2025-08-04 14:07:34'),
(1129, 1, 'โ ุญุณุงู ุงูุดูุฎ ุฃููู ุชูููุฐ ุงูุทูุจ #122 ูุฃุตุจุญ ุฌุงูุฒุงู ููุชุณููู', 'edit_order.php?id=122', 0, '2025-08-04 14:07:47'),
(1130, 6, 'โ ุญุณุงู ุงูุดูุฎ ุฃููู ุชูููุฐ ุงูุทูุจ #122 ูุฃุตุจุญ ุฌุงูุฒุงู ููุชุณููู', 'edit_order.php?id=122', 0, '2025-08-04 14:07:47'),
(1131, 2, 'โ ุญุณุงู ุงูุดูุฎ ุฃููู ุชูููุฐ ุงูุทูุจ #122 ูุฃุตุจุญ ุฌุงูุฒุงู ููุชุณููู', 'edit_order.php?id=122', 0, '2025-08-04 14:07:47'),
(1132, 1, '๐ฆ ุญุณุงู ุงูุดูุฎ ุฃูุฏ ุงุณุชูุงู ุงูุนููู ููุทูุจ #122', 'edit_order.php?id=122', 0, '2025-08-04 14:07:54'),
(1133, 6, '๐ฆ ุญุณุงู ุงูุดูุฎ ุฃูุฏ ุงุณุชูุงู ุงูุนููู ููุทูุจ #122', 'edit_order.php?id=122', 0, '2025-08-04 14:07:54'),
(1134, 5, '๐ฆ ุญุณุงู ุงูุดูุฎ ุฃูุฏ ุงุณุชูุงู ุงูุนููู ููุทูุจ #122', 'edit_order.php?id=122', 0, '2025-08-04 14:07:54'),
(1135, 1, 'โ ุญุณุงู ุงูุดูุฎ ุฃููู ุชูููุฐ ุงูุทูุจ #123 ูุฃุตุจุญ ุฌุงูุฒุงู ููุชุณููู', 'edit_order.php?id=123', 0, '2025-08-04 14:08:07'),
(1136, 6, 'โ ุญุณุงู ุงูุดูุฎ ุฃููู ุชูููุฐ ุงูุทูุจ #123 ูุฃุตุจุญ ุฌุงูุฒุงู ููุชุณููู', 'edit_order.php?id=123', 0, '2025-08-04 14:08:07'),
(1137, 2, 'โ ุญุณุงู ุงูุดูุฎ ุฃููู ุชูููุฐ ุงูุทูุจ #123 ูุฃุตุจุญ ุฌุงูุฒุงู ููุชุณููู', 'edit_order.php?id=123', 0, '2025-08-04 14:08:07'),
(1138, 1, '๐ฆ ุญุณุงู ุงูุดูุฎ ุฃูุฏ ุงุณุชูุงู ุงูุนููู ููุทูุจ #123', 'edit_order.php?id=123', 0, '2025-08-04 14:08:16'),
(1139, 6, '๐ฆ ุญุณุงู ุงูุดูุฎ ุฃูุฏ ุงุณุชูุงู ุงูุนููู ููุทูุจ #123', 'edit_order.php?id=123', 0, '2025-08-04 14:08:16'),
(1140, 5, '๐ฆ ุญุณุงู ุงูุดูุฎ ุฃูุฏ ุงุณุชูุงู ุงูุนููู ููุทูุจ #123', 'edit_order.php?id=123', 0, '2025-08-04 14:08:16'),
(1141, 1, 'โ ุญุณุงู ุงูุดูุฎ ุฃููู ุชูููุฐ ุงูุทูุจ #124 ูุฃุตุจุญ ุฌุงูุฒุงู ููุชุณููู', 'edit_order.php?id=124', 0, '2025-08-04 14:08:27'),
(1142, 6, 'โ ุญุณุงู ุงูุดูุฎ ุฃููู ุชูููุฐ ุงูุทูุจ #124 ูุฃุตุจุญ ุฌุงูุฒุงู ููุชุณููู', 'edit_order.php?id=124', 0, '2025-08-04 14:08:27'),
(1143, 2, 'โ ุญุณุงู ุงูุดูุฎ ุฃููู ุชูููุฐ ุงูุทูุจ #124 ูุฃุตุจุญ ุฌุงูุฒุงู ููุชุณููู', 'edit_order.php?id=124', 0, '2025-08-04 14:08:27'),
(1144, 1, 'โ ุญุณุงู ุงูุดูุฎ ุฃููู ุชูููุฐ ุงูุทูุจ #125 ูุฃุตุจุญ ุฌุงูุฒุงู ููุชุณููู', 'edit_order.php?id=125', 0, '2025-08-04 14:08:48'),
(1145, 6, 'โ ุญุณุงู ุงูุดูุฎ ุฃููู ุชูููุฐ ุงูุทูุจ #125 ูุฃุตุจุญ ุฌุงูุฒุงู ููุชุณููู', 'edit_order.php?id=125', 0, '2025-08-04 14:08:48'),
(1146, 2, 'โ ุญุณุงู ุงูุดูุฎ ุฃููู ุชูููุฐ ุงูุทูุจ #125 ูุฃุตุจุญ ุฌุงูุฒุงู ููุชุณููู', 'edit_order.php?id=125', 0, '2025-08-04 14:08:48'),
(1147, 1, '๐ฆ ุญุณุงู ุงูุดูุฎ ุฃูุฏ ุงุณุชูุงู ุงูุนููู ููุทูุจ #125', 'edit_order.php?id=125', 0, '2025-08-04 14:09:00'),
(1148, 6, '๐ฆ ุญุณุงู ุงูุดูุฎ ุฃูุฏ ุงุณุชูุงู ุงูุนููู ููุทูุจ #125', 'edit_order.php?id=125', 0, '2025-08-04 14:09:00'),
(1149, 5, '๐ฆ ุญุณุงู ุงูุดูุฎ ุฃูุฏ ุงุณุชูุงู ุงูุนููู ููุทูุจ #125', 'edit_order.php?id=125', 0, '2025-08-04 14:09:00'),
(1150, 1, 'โ ุญุณุงู ุงูุดูุฎ ุฃููู ุชูููุฐ ุงูุทูุจ #126 ูุฃุตุจุญ ุฌุงูุฒุงู ููุชุณููู', 'edit_order.php?id=126', 0, '2025-08-04 14:09:09'),
(1151, 6, 'โ ุญุณุงู ุงูุดูุฎ ุฃููู ุชูููุฐ ุงูุทูุจ #126 ูุฃุตุจุญ ุฌุงูุฒุงู ููุชุณููู', 'edit_order.php?id=126', 0, '2025-08-04 14:09:09'),
(1152, 2, 'โ ุญุณุงู ุงูุดูุฎ ุฃููู ุชูููุฐ ุงูุทูุจ #126 ูุฃุตุจุญ ุฌุงูุฒุงู ููุชุณููู', 'edit_order.php?id=126', 0, '2025-08-04 14:09:09'),
(1153, 1, '๐ฆ ุญุณุงู ุงูุดูุฎ ุฃูุฏ ุงุณุชูุงู ุงูุนููู ููุทูุจ #126', 'edit_order.php?id=126', 0, '2025-08-04 14:09:15'),
(1154, 6, '๐ฆ ุญุณุงู ุงูุดูุฎ ุฃูุฏ ุงุณุชูุงู ุงูุนููู ููุทูุจ #126', 'edit_order.php?id=126', 0, '2025-08-04 14:09:15'),
(1155, 5, '๐ฆ ุญุณุงู ุงูุดูุฎ ุฃูุฏ ุงุณุชูุงู ุงูุนููู ููุทูุจ #126', 'edit_order.php?id=126', 0, '2025-08-04 14:09:15'),
(1156, 1, 'โ ุญุณุงู ุงูุดูุฎ ุฃููู ุชูููุฐ ุงูุทูุจ #127 ูุฃุตุจุญ ุฌุงูุฒุงู ููุชุณููู', 'edit_order.php?id=127', 0, '2025-08-04 14:09:32'),
(1157, 6, 'โ ุญุณุงู ุงูุดูุฎ ุฃููู ุชูููุฐ ุงูุทูุจ #127 ูุฃุตุจุญ ุฌุงูุฒุงู ููุชุณููู', 'edit_order.php?id=127', 0, '2025-08-04 14:09:32'),
(1158, 2, 'โ ุญุณุงู ุงูุดูุฎ ุฃููู ุชูููุฐ ุงูุทูุจ #127 ูุฃุตุจุญ ุฌุงูุฒุงู ููุชุณููู', 'edit_order.php?id=127', 0, '2025-08-04 14:09:32'),
(1159, 1, 'โ ุญุณุงู ุงูุดูุฎ ุฃููู ุชูููุฐ ุงูุทูุจ #128 ูุฃุตุจุญ ุฌุงูุฒุงู ููุชุณููู', 'edit_order.php?id=128', 0, '2025-08-04 14:09:47'),
(1160, 6, 'โ ุญุณุงู ุงูุดูุฎ ุฃููู ุชูููุฐ ุงูุทูุจ #128 ูุฃุตุจุญ ุฌุงูุฒุงู ููุชุณููู', 'edit_order.php?id=128', 0, '2025-08-04 14:09:47'),
(1161, 2, 'โ ุญุณุงู ุงูุดูุฎ ุฃููู ุชูููุฐ ุงูุทูุจ #128 ูุฃุตุจุญ ุฌุงูุฒุงู ููุชุณููู', 'edit_order.php?id=128', 0, '2025-08-04 14:09:47'),
(1162, 1, '๐ฆ ุญุณุงู ุงูุดูุฎ ุฃูุฏ ุงุณุชูุงู ุงูุนููู ููุทูุจ #128', 'edit_order.php?id=128', 0, '2025-08-04 14:09:57'),
(1163, 6, '๐ฆ ุญุณุงู ุงูุดูุฎ ุฃูุฏ ุงุณุชูุงู ุงูุนููู ููุทูุจ #128', 'edit_order.php?id=128', 0, '2025-08-04 14:09:57'),
(1164, 5, '๐ฆ ุญุณุงู ุงูุดูุฎ ุฃูุฏ ุงุณุชูุงู ุงูุนููู ููุทูุจ #128', 'edit_order.php?id=128', 0, '2025-08-04 14:09:57'),
(1165, 1, 'โ ุญุณุงู ุงูุดูุฎ ุฃููู ุชูููุฐ ุงูุทูุจ #129 ูุฃุตุจุญ ุฌุงูุฒุงู ููุชุณููู', 'edit_order.php?id=129', 0, '2025-08-04 14:10:18'),
(1166, 6, 'โ ุญุณุงู ุงูุดูุฎ ุฃููู ุชูููุฐ ุงูุทูุจ #129 ูุฃุตุจุญ ุฌุงูุฒุงู ููุชุณููู', 'edit_order.php?id=129', 0, '2025-08-04 14:10:18'),
(1167, 2, 'โ ุญุณุงู ุงูุดูุฎ ุฃููู ุชูููุฐ ุงูุทูุจ #129 ูุฃุตุจุญ ุฌุงูุฒุงู ููุชุณููู', 'edit_order.php?id=129', 0, '2025-08-04 14:10:18'),
(1168, 1, '๐ฆ ุญุณุงู ุงูุดูุฎ ุฃูุฏ ุงุณุชูุงู ุงูุนููู ููุทูุจ #129', 'edit_order.php?id=129', 0, '2025-08-04 14:10:31'),
(1169, 6, '๐ฆ ุญุณุงู ุงูุดูุฎ ุฃูุฏ ุงุณุชูุงู ุงูุนููู ููุทูุจ #129', 'edit_order.php?id=129', 0, '2025-08-04 14:10:31'),
(1170, 5, '๐ฆ ุญุณุงู ุงูุดูุฎ ุฃูุฏ ุงุณุชูุงู ุงูุนููู ููุทูุจ #129', 'edit_order.php?id=129', 0, '2025-08-04 14:10:31'),
(1171, 1, 'โ ุญุณุงู ุงูุดูุฎ ุฃููู ุชูููุฐ ุงูุทูุจ #130 ูุฃุตุจุญ ุฌุงูุฒุงู ููุชุณููู', 'edit_order.php?id=130', 0, '2025-08-04 14:10:47'),
(1172, 6, 'โ ุญุณุงู ุงูุดูุฎ ุฃููู ุชูููุฐ ุงูุทูุจ #130 ูุฃุตุจุญ ุฌุงูุฒุงู ููุชุณููู', 'edit_order.php?id=130', 0, '2025-08-04 14:10:47'),
(1173, 2, 'โ ุญุณุงู ุงูุดูุฎ ุฃููู ุชูููุฐ ุงูุทูุจ #130 ูุฃุตุจุญ ุฌุงูุฒุงู ููุชุณููู', 'edit_order.php?id=130', 0, '2025-08-04 14:10:47'),
(1174, 1, '๐ฆ ุญุณุงู ุงูุดูุฎ ุฃูุฏ ุงุณุชูุงู ุงูุนููู ููุทูุจ #130', 'edit_order.php?id=130', 0, '2025-08-04 14:11:07'),
(1175, 6, '๐ฆ ุญุณุงู ุงูุดูุฎ ุฃูุฏ ุงุณุชูุงู ุงูุนููู ููุทูุจ #130', 'edit_order.php?id=130', 0, '2025-08-04 14:11:07'),
(1176, 5, '๐ฆ ุญุณุงู ุงูุดูุฎ ุฃูุฏ ุงุณุชูุงู ุงูุนููู ููุทูุจ #130', 'edit_order.php?id=130', 0, '2025-08-04 14:11:07'),
(1177, 1, 'โ ุญุณุงู ุงูุดูุฎ ุฃููู ุชูููุฐ ุงูุทูุจ #131 ูุฃุตุจุญ ุฌุงูุฒุงู ููุชุณููู', 'edit_order.php?id=131', 0, '2025-08-04 14:11:16'),
(1178, 6, 'โ ุญุณุงู ุงูุดูุฎ ุฃููู ุชูููุฐ ุงูุทูุจ #131 ูุฃุตุจุญ ุฌุงูุฒุงู ููุชุณููู', 'edit_order.php?id=131', 0, '2025-08-04 14:11:16'),
(1179, 2, 'โ ุญุณุงู ุงูุดูุฎ ุฃููู ุชูููุฐ ุงูุทูุจ #131 ูุฃุตุจุญ ุฌุงูุฒุงู ููุชุณููู', 'edit_order.php?id=131', 0, '2025-08-04 14:11:16'),
(1180, 1, '๐ฆ ุญุณุงู ุงูุดูุฎ ุฃูุฏ ุงุณุชูุงู ุงูุนููู ููุทูุจ #131', 'edit_order.php?id=131', 0, '2025-08-04 14:11:29'),
(1181, 6, '๐ฆ ุญุณุงู ุงูุดูุฎ ุฃูุฏ ุงุณุชูุงู ุงูุนููู ููุทูุจ #131', 'edit_order.php?id=131', 0, '2025-08-04 14:11:29'),
(1182, 5, '๐ฆ ุญุณุงู ุงูุดูุฎ ุฃูุฏ ุงุณุชูุงู ุงูุนููู ููุทูุจ #131', 'edit_order.php?id=131', 0, '2025-08-04 14:11:29'),
(1183, 1, 'โ ุญุณุงู ุงูุดูุฎ ุฃููู ุชูููุฐ ุงูุทูุจ #132 ูุฃุตุจุญ ุฌุงูุฒุงู ููุชุณููู', 'edit_order.php?id=132', 0, '2025-08-04 14:11:42'),
(1184, 6, 'โ ุญุณุงู ุงูุดูุฎ ุฃููู ุชูููุฐ ุงูุทูุจ #132 ูุฃุตุจุญ ุฌุงูุฒุงู ููุชุณููู', 'edit_order.php?id=132', 0, '2025-08-04 14:11:42'),
(1185, 2, 'โ ุญุณุงู ุงูุดูุฎ ุฃููู ุชูููุฐ ุงูุทูุจ #132 ูุฃุตุจุญ ุฌุงูุฒุงู ููุชุณููู', 'edit_order.php?id=132', 0, '2025-08-04 14:11:42'),
(1186, 1, '๐ฆ ุญุณุงู ุงูุดูุฎ ุฃูุฏ ุงุณุชูุงู ุงูุนููู ููุทูุจ #132', 'edit_order.php?id=132', 0, '2025-08-04 14:11:48'),
(1187, 6, '๐ฆ ุญุณุงู ุงูุดูุฎ ุฃูุฏ ุงุณุชูุงู ุงูุนููู ููุทูุจ #132', 'edit_order.php?id=132', 0, '2025-08-04 14:11:48'),
(1188, 5, '๐ฆ ุญุณุงู ุงูุดูุฎ ุฃูุฏ ุงุณุชูุงู ุงูุนููู ููุทูุจ #132', 'edit_order.php?id=132', 0, '2025-08-04 14:11:48'),
(1189, 1, 'โ ุญุณุงู ุงูุดูุฎ ุฃููู ุชูููุฐ ุงูุทูุจ #135 ูุฃุตุจุญ ุฌุงูุฒุงู ููุชุณููู', 'edit_order.php?id=135', 0, '2025-08-04 14:12:17'),
(1190, 6, 'โ ุญุณุงู ุงูุดูุฎ ุฃููู ุชูููุฐ ุงูุทูุจ #135 ูุฃุตุจุญ ุฌุงูุฒุงู ููุชุณููู', 'edit_order.php?id=135', 0, '2025-08-04 14:12:17'),
(1191, 2, 'โ ุญุณุงู ุงูุดูุฎ ุฃููู ุชูููุฐ ุงูุทูุจ #135 ูุฃุตุจุญ ุฌุงูุฒุงู ููุชุณููู', 'edit_order.php?id=135', 0, '2025-08-04 14:12:17'),
(1192, 1, '๐ฆ ุญุณุงู ุงูุดูุฎ ุฃูุฏ ุงุณุชูุงู ุงูุนููู ููุทูุจ #135', 'edit_order.php?id=135', 0, '2025-08-04 14:13:46'),
(1193, 6, '๐ฆ ุญุณุงู ุงูุดูุฎ ุฃูุฏ ุงุณุชูุงู ุงูุนููู ููุทูุจ #135', 'edit_order.php?id=135', 0, '2025-08-04 14:13:46'),
(1194, 5, '๐ฆ ุญุณุงู ุงูุดูุฎ ุฃูุฏ ุงุณุชูุงู ุงูุนููู ููุทูุจ #135', 'edit_order.php?id=135', 0, '2025-08-04 14:13:46'),
(1195, 1, 'โ ุญุณุงู ุงูุดูุฎ ุฃููู ุชูููุฐ ุงูุทูุจ #137 ูุฃุตุจุญ ุฌุงูุฒุงู ููุชุณููู', 'edit_order.php?id=137', 0, '2025-08-04 14:14:07'),
(1196, 6, 'โ ุญุณุงู ุงูุดูุฎ ุฃููู ุชูููุฐ ุงูุทูุจ #137 ูุฃุตุจุญ ุฌุงูุฒุงู ููุชุณููู', 'edit_order.php?id=137', 0, '2025-08-04 14:14:07'),
(1197, 2, 'โ ุญุณุงู ุงูุดูุฎ ุฃููู ุชูููุฐ ุงูุทูุจ #137 ูุฃุตุจุญ ุฌุงูุฒุงู ููุชุณููู', 'edit_order.php?id=137', 0, '2025-08-04 14:14:07'),
(1198, 1, 'โ ุญุณุงู ุงูุดูุฎ ุฃููู ุชูููุฐ ุงูุทูุจ #139 ูุฃุตุจุญ ุฌุงูุฒุงู ููุชุณููู', 'edit_order.php?id=139', 0, '2025-08-04 14:14:24'),
(1199, 6, 'โ ุญุณุงู ุงูุดูุฎ ุฃููู ุชูููุฐ ุงูุทูุจ #139 ูุฃุตุจุญ ุฌุงูุฒุงู ููุชุณููู', 'edit_order.php?id=139', 0, '2025-08-04 14:14:24'),
(1200, 2, 'โ ุญุณุงู ุงูุดูุฎ ุฃููู ุชูููุฐ ุงูุทูุจ #139 ูุฃุตุจุญ ุฌุงูุฒุงู ููุชุณููู', 'edit_order.php?id=139', 0, '2025-08-04 14:14:24'),
(1201, 1, 'โ ุญุณุงู ุงูุดูุฎ ุฃููู ุชูููุฐ ุงูุทูุจ #140 ูุฃุตุจุญ ุฌุงูุฒุงู ููุชุณููู', 'edit_order.php?id=140', 0, '2025-08-04 14:16:04'),
(1202, 6, 'โ ุญุณุงู ุงูุดูุฎ ุฃููู ุชูููุฐ ุงูุทูุจ #140 ูุฃุตุจุญ ุฌุงูุฒุงู ููุชุณููู', 'edit_order.php?id=140', 0, '2025-08-04 14:16:04'),
(1203, 2, 'โ ุญุณุงู ุงูุดูุฎ ุฃููู ุชูููุฐ ุงูุทูุจ #140 ูุฃุตุจุญ ุฌุงูุฒุงู ููุชุณููู', 'edit_order.php?id=140', 0, '2025-08-04 14:16:04'),
(1204, 1, 'โ ุญุณุงู ุงูุดูุฎ ุฃููู ุชูููุฐ ุงูุทูุจ #141 ูุฃุตุจุญ ุฌุงูุฒุงู ููุชุณููู', 'edit_order.php?id=141', 0, '2025-08-04 14:16:42'),
(1205, 6, 'โ ุญุณุงู ุงูุดูุฎ ุฃููู ุชูููุฐ ุงูุทูุจ #141 ูุฃุตุจุญ ุฌุงูุฒุงู ููุชุณููู', 'edit_order.php?id=141', 0, '2025-08-04 14:16:42'),
(1206, 2, 'โ ุญุณุงู ุงูุดูุฎ ุฃููู ุชูููุฐ ุงูุทูุจ #141 ูุฃุตุจุญ ุฌุงูุฒุงู ููุชุณููู', 'edit_order.php?id=141', 0, '2025-08-04 14:16:42'),
(1207, 1, 'โ ุญุณุงู ุงูุดูุฎ ุฃููู ุชูููุฐ ุงูุทูุจ #138 ูุฃุตุจุญ ุฌุงูุฒุงู ููุชุณููู', 'edit_order.php?id=138', 0, '2025-08-04 14:19:36'),
(1208, 6, 'โ ุญุณุงู ุงูุดูุฎ ุฃููู ุชูููุฐ ุงูุทูุจ #138 ูุฃุตุจุญ ุฌุงูุฒุงู ููุชุณููู', 'edit_order.php?id=138', 0, '2025-08-04 14:19:36'),
(1209, 2, 'โ ุญุณุงู ุงูุดูุฎ ุฃููู ุชูููุฐ ุงูุทูุจ #138 ูุฃุตุจุญ ุฌุงูุฒุงู ููุชุณููู', 'edit_order.php?id=138', 0, '2025-08-04 14:19:36'),
(1210, 1, 'โ ุญุณุงู ุงูุดูุฎ ุฃููู ุชูููุฐ ุงูุทูุจ #143 ูุฃุตุจุญ ุฌุงูุฒุงู ููุชุณููู', 'edit_order.php?id=143', 0, '2025-08-04 14:20:03'),
(1211, 6, 'โ ุญุณุงู ุงูุดูุฎ ุฃููู ุชูููุฐ ุงูุทูุจ #143 ูุฃุตุจุญ ุฌุงูุฒุงู ููุชุณููู', 'edit_order.php?id=143', 0, '2025-08-04 14:20:03'),
(1212, 2, 'โ ุญุณุงู ุงูุดูุฎ ุฃููู ุชูููุฐ ุงูุทูุจ #143 ูุฃุตุจุญ ุฌุงูุฒุงู ููุชุณููู', 'edit_order.php?id=143', 0, '2025-08-04 14:20:03'),
(1213, 1, 'โ ุญุณุงู ุงูุดูุฎ ุฃููู ุชูููุฐ ุงูุทูุจ #142 ูุฃุตุจุญ ุฌุงูุฒุงู ููุชุณููู', 'edit_order.php?id=142', 0, '2025-08-04 14:36:44'),
(1214, 6, 'โ ุญุณุงู ุงูุดูุฎ ุฃููู ุชูููุฐ ุงูุทูุจ #142 ูุฃุตุจุญ ุฌุงูุฒุงู ููุชุณููู', 'edit_order.php?id=142', 0, '2025-08-04 14:36:44'),
(1215, 2, 'โ ุญุณุงู ุงูุดูุฎ ุฃููู ุชูููุฐ ุงูุทูุจ #142 ูุฃุตุจุญ ุฌุงูุฒุงู ููุชุณููู', 'edit_order.php?id=142', 0, '2025-08-04 14:36:44'),
(1216, 1, 'โ ุญุณุงู ุงูุดูุฎ ุฃููู ุชูููุฐ ุงูุทูุจ #133 ูุฃุตุจุญ ุฌุงูุฒุงู ููุชุณููู', 'edit_order.php?id=133', 0, '2025-08-04 14:36:52'),
(1217, 6, 'โ ุญุณุงู ุงูุดูุฎ ุฃููู ุชูููุฐ ุงูุทูุจ #133 ูุฃุตุจุญ ุฌุงูุฒุงู ููุชุณููู', 'edit_order.php?id=133', 0, '2025-08-04 14:36:52'),
(1218, 2, 'โ ุญุณุงู ุงูุดูุฎ ุฃููู ุชูููุฐ ุงูุทูุจ #133 ูุฃุตุจุญ ุฌุงูุฒุงู ููุชุณููู', 'edit_order.php?id=133', 0, '2025-08-04 14:36:52'),
(1219, 1, 'โ ุญุณุงู ุงูุดูุฎ ุฃููู ุชูููุฐ ุงูุทูุจ #118 ูุฃุตุจุญ ุฌุงูุฒุงู ููุชุณููู', 'edit_order.php?id=118', 0, '2025-08-04 14:47:44'),
(1220, 6, 'โ ุญุณุงู ุงูุดูุฎ ุฃููู ุชูููุฐ ุงูุทูุจ #118 ูุฃุตุจุญ ุฌุงูุฒุงู ููุชุณููู', 'edit_order.php?id=118', 0, '2025-08-04 14:47:44'),
(1221, 2, 'โ ุญุณุงู ุงูุดูุฎ ุฃููู ุชูููุฐ ุงูุทูุจ #118 ูุฃุตุจุญ ุฌุงูุฒุงู ููุชุณููู', 'edit_order.php?id=118', 0, '2025-08-04 14:47:44'),
(1222, 1, 'โ ุญุณุงู ุงูุดูุฎ ุฃููู ุชูููุฐ ุงูุทูุจ #119 ูุฃุตุจุญ ุฌุงูุฒุงู ููุชุณููู', 'edit_order.php?id=119', 0, '2025-08-04 14:47:51'),
(1223, 6, 'โ ุญุณุงู ุงูุดูุฎ ุฃููู ุชูููุฐ ุงูุทูุจ #119 ูุฃุตุจุญ ุฌุงูุฒุงู ููุชุณููู', 'edit_order.php?id=119', 0, '2025-08-04 14:47:51'),
(1224, 2, 'โ ุญุณุงู ุงูุดูุฎ ุฃููู ุชูููุฐ ุงูุทูุจ #119 ูุฃุตุจุญ ุฌุงูุฒุงู ููุชุณููู', 'edit_order.php?id=119', 0, '2025-08-04 14:47:51'),
(1225, 1, 'โ ุญุณุงู ุงูุดูุฎ ุฃููู ุชูููุฐ ุงูุทูุจ #111 ูุฃุตุจุญ ุฌุงูุฒุงู ููุชุณููู', 'edit_order.php?id=111', 0, '2025-08-04 14:47:57'),
(1226, 6, 'โ ุญุณุงู ุงูุดูุฎ ุฃููู ุชูููุฐ ุงูุทูุจ #111 ูุฃุตุจุญ ุฌุงูุฒุงู ููุชุณููู', 'edit_order.php?id=111', 0, '2025-08-04 14:47:57'),
(1227, 2, 'โ ุญุณุงู ุงูุดูุฎ ุฃููู ุชูููุฐ ุงูุทูุจ #111 ูุฃุตุจุญ ุฌุงูุฒุงู ููุชุณููู', 'edit_order.php?id=111', 0, '2025-08-04 14:47:57'),
(1228, 1, 'ุชู ุฅุบูุงู ุงูุทูุจ #117 ุชููุงุฆูุงู ูุงูุชูุงูู.', 'edit_order.php?id=117', 0, '2025-08-04 15:03:21'),
(1229, 6, 'ุชู ุฅุบูุงู ุงูุทูุจ #117 ุชููุงุฆูุงู ูุงูุชูุงูู.', 'edit_order.php?id=117', 0, '2025-08-04 15:03:21'),
(1230, 1, 'ุชู ุชุฃููุฏ ุงูุชุณููุฉ ุงููุงููุฉ ููุทูุจ #117.', 'edit_order.php?id=117', 0, '2025-08-04 15:03:21'),
(1231, 1, 'ุชู ุฅุบูุงู ุงูุทูุจ #93 ุชููุงุฆูุงู ูุงูุชูุงูู.', 'edit_order.php?id=93', 0, '2025-08-04 15:06:00'),
(1232, 6, 'ุชู ุฅุบูุงู ุงูุทูุจ #93 ุชููุงุฆูุงู ูุงูุชูุงูู.', 'edit_order.php?id=93', 0, '2025-08-04 15:06:00'),
(1233, 1, 'ุชู ุชุฃููุฏ ุงูุชุณููุฉ ุงููุงููุฉ ููุทูุจ #93.', 'edit_order.php?id=93', 0, '2025-08-04 15:06:00'),
(1234, 1, '๐จ ุงููุตูู ุชูููู ุนุจุฏ ุงูุญููู ุฃุฑุณู ุงูุทูุจ #136 ุฅูู ูุฑุญูุฉ ุงูุชูููุฐ', 'edit_order.php?id=136', 0, '2025-08-04 16:34:14'),
(1235, 6, '๐จ ุงููุตูู ุชูููู ุนุจุฏ ุงูุญููู ุฃุฑุณู ุงูุทูุจ #136 ุฅูู ูุฑุญูุฉ ุงูุชูููุฐ', 'edit_order.php?id=136', 0, '2025-08-04 16:34:14'),
(1236, 4, '๐จ ุงููุตูู ุชูููู ุนุจุฏ ุงูุญููู ุฃุฑุณู ุงูุทูุจ #136 ุฅูู ูุฑุญูุฉ ุงูุชูููุฐ', 'edit_order.php?id=136', 0, '2025-08-04 16:34:14'),
(1237, 1, '๐จ ุงููุตูู ุชูููู ุนุจุฏ ุงูุญููู ุฃุฑุณู ุงูุทูุจ #145 ุฅูู ูุฑุญูุฉ ุงูุชูููุฐ', 'edit_order.php?id=145', 0, '2025-08-04 16:36:51'),
(1238, 6, '๐จ ุงููุตูู ุชูููู ุนุจุฏ ุงูุญููู ุฃุฑุณู ุงูุทูุจ #145 ุฅูู ูุฑุญูุฉ ุงูุชูููุฐ', 'edit_order.php?id=145', 0, '2025-08-04 16:36:51'),
(1239, 4, '๐จ ุงููุตูู ุชูููู ุนุจุฏ ุงูุญููู ุฃุฑุณู ุงูุทูุจ #145 ุฅูู ูุฑุญูุฉ ุงูุชูููุฐ', 'edit_order.php?id=145', 0, '2025-08-04 16:36:51'),
(1240, 1, '๐จ ุงููุตูู ุชูููู ุนุจุฏ ุงูุญููู ุฃุฑุณู ุงูุทูุจ #144 ุฅูู ูุฑุญูุฉ ุงูุชูููุฐ', 'edit_order.php?id=144', 0, '2025-08-04 16:36:54'),
(1241, 6, '๐จ ุงููุตูู ุชูููู ุนุจุฏ ุงูุญููู ุฃุฑุณู ุงูุทูุจ #144 ุฅูู ูุฑุญูุฉ ุงูุชูููุฐ', 'edit_order.php?id=144', 0, '2025-08-04 16:36:54'),
(1242, 4, '๐จ ุงููุตูู ุชูููู ุนุจุฏ ุงูุญููู ุฃุฑุณู ุงูุทูุจ #144 ุฅูู ูุฑุญูุฉ ุงูุชูููุฐ', 'edit_order.php?id=144', 0, '2025-08-04 16:36:54'),
(1243, 1, '๐จ ุงููุตูู ุชูููู ุนุจุฏ ุงูุญููู ุฃุฑุณู ุงูุทูุจ #147 ุฅูู ูุฑุญูุฉ ุงูุชูููุฐ', 'edit_order.php?id=147', 0, '2025-08-04 16:43:35'),
(1244, 6, '๐จ ุงููุตูู ุชูููู ุนุจุฏ ุงูุญููู ุฃุฑุณู ุงูุทูุจ #147 ุฅูู ูุฑุญูุฉ ุงูุชูููุฐ', 'edit_order.php?id=147', 0, '2025-08-04 16:43:35'),
(1245, 4, '๐จ ุงููุตูู ุชูููู ุนุจุฏ ุงูุญููู ุฃุฑุณู ุงูุทูุจ #147 ุฅูู ูุฑุญูุฉ ุงูุชูููุฐ', 'edit_order.php?id=147', 0, '2025-08-04 16:43:35'),
(1246, 1, '๐ฆ admin ุฃูุฏ ุงุณุชูุงู ุงูุนููู ููุทูุจ #140', 'edit_order.php?id=140', 0, '2025-08-04 16:49:05'),
(1247, 5, '๐ฆ admin ุฃูุฏ ุงุณุชูุงู ุงูุนููู ููุทูุจ #140', 'edit_order.php?id=140', 0, '2025-08-04 16:49:05'),
(1248, 1, 'ุชู ุฅุบูุงู ุงูุทูุจ #131 ุชููุงุฆูุงู ูุงูุชูุงูู.', 'edit_order.php?id=131', 0, '2025-08-04 16:49:14'),
(1249, 6, 'ุชู ุฅุบูุงู ุงูุทูุจ #131 ุชููุงุฆูุงู ูุงูุชูุงูู.', 'edit_order.php?id=131', 0, '2025-08-04 16:49:14'),
(1250, 1, 'ุชู ุชุฃููุฏ ุงูุชุณููุฉ ุงููุงููุฉ ููุทูุจ #131.', 'edit_order.php?id=131', 0, '2025-08-04 16:49:14'),
(1251, 1, 'ุชู ุฅุบูุงู ุงูุทูุจ #130 ุชููุงุฆูุงู ูุงูุชูุงูู.', 'edit_order.php?id=130', 0, '2025-08-04 16:49:40'),
(1252, 6, 'ุชู ุฅุบูุงู ุงูุทูุจ #130 ุชููุงุฆูุงู ูุงูุชูุงูู.', 'edit_order.php?id=130', 0, '2025-08-04 16:49:40'),
(1253, 1, 'ุชู ุชุฃููุฏ ุงูุชุณููุฉ ุงููุงููุฉ ููุทูุจ #130.', 'edit_order.php?id=130', 0, '2025-08-04 16:49:40'),
(1254, 1, '๐จ ุงููุตูู ุชูููู ุนุจุฏ ุงูุญููู ุฃุฑุณู ุงูุทูุจ #148 ุฅูู ูุฑุญูุฉ ุงูุชูููุฐ', 'edit_order.php?id=148', 0, '2025-08-04 16:54:02'),
(1255, 6, '๐จ ุงููุตูู ุชูููู ุนุจุฏ ุงูุญููู ุฃุฑุณู ุงูุทูุจ #148 ุฅูู ูุฑุญูุฉ ุงูุชูููุฐ', 'edit_order.php?id=148', 0, '2025-08-04 16:54:02'),
(1256, 4, '๐จ ุงููุตูู ุชูููู ุนุจุฏ ุงูุญููู ุฃุฑุณู ุงูุทูุจ #148 ุฅูู ูุฑุญูุฉ ุงูุชูููุฐ', 'edit_order.php?id=148', 0, '2025-08-04 16:54:02'),
(1257, 1, '๐จ ุงููุตูู ุชูููู ุนุจุฏ ุงูุญููู ุฃุฑุณู ุงูุทูุจ #149 ุฅูู ูุฑุญูุฉ ุงูุชูููุฐ', 'edit_order.php?id=149', 0, '2025-08-04 16:54:13'),
(1258, 6, '๐จ ุงููุตูู ุชูููู ุนุจุฏ ุงูุญููู ุฃุฑุณู ุงูุทูุจ #149 ุฅูู ูุฑุญูุฉ ุงูุชูููุฐ', 'edit_order.php?id=149', 0, '2025-08-04 16:54:13'),
(1259, 4, '๐จ ุงููุตูู ุชูููู ุนุจุฏ ุงูุญููู ุฃุฑุณู ุงูุทูุจ #149 ุฅูู ูุฑุญูุฉ ุงูุชูููุฐ', 'edit_order.php?id=149', 0, '2025-08-04 16:54:13'),
(1260, 1, '๐จ ุงููุตูู ุชูููู ุนุจุฏ ุงูุญููู ุฃุฑุณู ุงูุทูุจ #150 ุฅูู ูุฑุญูุฉ ุงูุชูููุฐ', 'edit_order.php?id=150', 0, '2025-08-04 16:58:09'),
(1261, 6, '๐จ ุงููุตูู ุชูููู ุนุจุฏ ุงูุญููู ุฃุฑุณู ุงูุทูุจ #150 ุฅูู ูุฑุญูุฉ ุงูุชูููุฐ', 'edit_order.php?id=150', 0, '2025-08-04 16:58:09'),
(1262, 4, '๐จ ุงููุตูู ุชูููู ุนุจุฏ ุงูุญููู ุฃุฑุณู ุงูุทูุจ #150 ุฅูู ูุฑุญูุฉ ุงูุชูููุฐ', 'edit_order.php?id=150', 0, '2025-08-04 16:58:09'),
(1263, 1, '๐จ ุงููุตูู ุชูููู ุนุจุฏ ุงูุญููู ุฃุฑุณู ุงูุทูุจ #146 ุฅูู ูุฑุญูุฉ ุงูุชูููุฐ', 'edit_order.php?id=146', 0, '2025-08-04 18:05:20'),
(1264, 6, '๐จ ุงููุตูู ุชูููู ุนุจุฏ ุงูุญููู ุฃุฑุณู ุงูุทูุจ #146 ุฅูู ูุฑุญูุฉ ุงูุชูููุฐ', 'edit_order.php?id=146', 0, '2025-08-04 18:05:20'),
(1265, 4, '๐จ ุงููุตูู ุชูููู ุนุจุฏ ุงูุญููู ุฃุฑุณู ุงูุทูุจ #146 ุฅูู ูุฑุญูุฉ ุงูุชูููุฐ', 'edit_order.php?id=146', 0, '2025-08-04 18:05:20'),
(1266, 1, 'ุชู ุฅุบูุงู ุงูุทูุจ #99 ุชููุงุฆูุงู ูุงูุชูุงูู.', 'edit_order.php?id=99', 0, '2025-08-04 18:28:45'),
(1267, 6, 'ุชู ุฅุบูุงู ุงูุทูุจ #99 ุชููุงุฆูุงู ูุงูุชูุงูู.', 'edit_order.php?id=99', 0, '2025-08-04 18:28:45'),
(1268, 1, 'ุชู ุชุฃููุฏ ุงูุชุณููุฉ ุงููุงููุฉ ููุทูุจ #99.', 'edit_order.php?id=99', 0, '2025-08-04 18:28:45'),
(1269, 1, 'ุชู ุฅุบูุงู ุงูุทูุจ #67 ุชููุงุฆูุงู ูุงูุชูุงูู.', 'edit_order.php?id=67', 0, '2025-08-04 18:32:52'),
(1270, 6, 'ุชู ุฅุบูุงู ุงูุทูุจ #67 ุชููุงุฆูุงู ูุงูุชูุงูู.', 'edit_order.php?id=67', 0, '2025-08-04 18:32:52'),
(1271, 1, 'ุชู ุชุฃููุฏ ุงูุชุณููุฉ ุงููุงููุฉ ููุทูุจ #67.', 'edit_order.php?id=67', 0, '2025-08-04 18:32:52'),
(1272, 1, '๐จ ุงููุตูู ุชูููู ุนุจุฏ ุงูุญููู ุฃุฑุณู ุงูุทูุจ #151 ุฅูู ูุฑุญูุฉ ุงูุชูููุฐ', 'edit_order.php?id=151', 0, '2025-08-04 18:38:59'),
(1273, 6, '๐จ ุงููุตูู ุชูููู ุนุจุฏ ุงูุญููู ุฃุฑุณู ุงูุทูุจ #151 ุฅูู ูุฑุญูุฉ ุงูุชูููุฐ', 'edit_order.php?id=151', 0, '2025-08-04 18:38:59'),
(1274, 4, '๐จ ุงููุตูู ุชูููู ุนุจุฏ ุงูุญููู ุฃุฑุณู ุงูุทูุจ #151 ุฅูู ูุฑุญูุฉ ุงูุชูููุฐ', 'edit_order.php?id=151', 0, '2025-08-04 18:38:59'),
(1275, 1, '๐จ ุงููุตูู ุชูููู ุนุจุฏ ุงูุญููู ุฃุฑุณู ุงูุทูุจ #152 ุฅูู ูุฑุญูุฉ ุงูุชูููุฐ', 'edit_order.php?id=152', 0, '2025-08-04 18:39:52'),
(1276, 6, '๐จ ุงููุตูู ุชูููู ุนุจุฏ ุงูุญููู ุฃุฑุณู ุงูุทูุจ #152 ุฅูู ูุฑุญูุฉ ุงูุชูููุฐ', 'edit_order.php?id=152', 0, '2025-08-04 18:39:52'),
(1277, 4, '๐จ ุงููุตูู ุชูููู ุนุจุฏ ุงูุญููู ุฃุฑุณู ุงูุทูุจ #152 ุฅูู ูุฑุญูุฉ ุงูุชูููุฐ', 'edit_order.php?id=152', 0, '2025-08-04 18:39:52'),
(1278, 1, 'ุชู ุฅุบูุงู ุงูุทูุจ #78 ุชููุงุฆูุงู ูุงูุชูุงูู.', 'edit_order.php?id=78', 0, '2025-08-04 18:40:50'),
(1279, 6, 'ุชู ุฅุบูุงู ุงูุทูุจ #78 ุชููุงุฆูุงู ูุงูุชูุงูู.', 'edit_order.php?id=78', 0, '2025-08-04 18:40:50'),
(1280, 1, 'ุชู ุชุฃููุฏ ุงูุชุณููุฉ ุงููุงููุฉ ููุทูุจ #78.', 'edit_order.php?id=78', 0, '2025-08-04 18:40:50'),
(1281, 1, 'ุชู ุฅุบูุงู ุงูุทูุจ #94 ุชููุงุฆูุงู ูุงูุชูุงูู.', 'edit_order.php?id=94', 0, '2025-08-04 18:43:16'),
(1282, 6, 'ุชู ุฅุบูุงู ุงูุทูุจ #94 ุชููุงุฆูุงู ูุงูุชูุงูู.', 'edit_order.php?id=94', 0, '2025-08-04 18:43:16'),
(1283, 1, 'ุชู ุชุฃููุฏ ุงูุชุณููุฉ ุงููุงููุฉ ููุทูุจ #94.', 'edit_order.php?id=94', 0, '2025-08-04 18:43:16'),
(1284, 1, 'โ ุญุณุงู ุงูุดูุฎ ุฃููู ุชูููุฐ ุงูุทูุจ #144 ูุฃุตุจุญ ุฌุงูุฒุงู ููุชุณููู', 'edit_order.php?id=144', 0, '2025-08-04 18:47:07'),
(1285, 6, 'โ ุญุณุงู ุงูุดูุฎ ุฃููู ุชูููุฐ ุงูุทูุจ #144 ูุฃุตุจุญ ุฌุงูุฒุงู ููุชุณููู', 'edit_order.php?id=144', 0, '2025-08-04 18:47:07'),
(1286, 2, 'โ ุญุณุงู ุงูุดูุฎ ุฃููู ุชูููุฐ ุงูุทูุจ #144 ูุฃุตุจุญ ุฌุงูุฒุงู ููุชุณููู', 'edit_order.php?id=144', 0, '2025-08-04 18:47:07'),
(1287, 1, '๐จ ุงููุตูู ุชูููู ุนุจุฏ ุงูุญููู ุฃุฑุณู ุงูุทูุจ #153 ุฅูู ูุฑุญูุฉ ุงูุชูููุฐ', 'edit_order.php?id=153', 0, '2025-08-05 07:07:52'),
(1288, 6, '๐จ ุงููุตูู ุชูููู ุนุจุฏ ุงูุญููู ุฃุฑุณู ุงูุทูุจ #153 ุฅูู ูุฑุญูุฉ ุงูุชูููุฐ', 'edit_order.php?id=153', 0, '2025-08-05 07:07:52'),
(1289, 4, '๐จ ุงููุตูู ุชูููู ุนุจุฏ ุงูุญููู ุฃุฑุณู ุงูุทูุจ #153 ุฅูู ูุฑุญูุฉ ุงูุชูููุฐ', 'edit_order.php?id=153', 0, '2025-08-05 07:07:52'),
(1290, 1, '๐จ ุงููุตูู ุนูุฑ ุงุญูุฏ  ุฃุฑุณู ุงูุทูุจ #155 ุฅูู ูุฑุญูุฉ ุงูุชูููุฐ', 'edit_order.php?id=155', 0, '2025-08-05 07:18:03'),
(1291, 6, '๐จ ุงููุตูู ุนูุฑ ุงุญูุฏ  ุฃุฑุณู ุงูุทูุจ #155 ุฅูู ูุฑุญูุฉ ุงูุชูููุฐ', 'edit_order.php?id=155', 0, '2025-08-05 07:18:03'),
(1292, 4, '๐จ ุงููุตูู ุนูุฑ ุงุญูุฏ  ุฃุฑุณู ุงูุทูุจ #155 ุฅูู ูุฑุญูุฉ ุงูุชูููุฐ', 'edit_order.php?id=155', 0, '2025-08-05 07:18:03'),
(1293, 1, '๐จ ุงููุตูู ุชูููู ุนุจุฏ ุงูุญููู ุฃุฑุณู ุงูุทูุจ #156 ุฅูู ูุฑุญูุฉ ุงูุชูููุฐ', 'edit_order.php?id=156', 0, '2025-08-05 08:11:48'),
(1294, 6, '๐จ ุงููุตูู ุชูููู ุนุจุฏ ุงูุญููู ุฃุฑุณู ุงูุทูุจ #156 ุฅูู ูุฑุญูุฉ ุงูุชูููุฐ', 'edit_order.php?id=156', 0, '2025-08-05 08:11:48'),
(1295, 4, '๐จ ุงููุตูู ุชูููู ุนุจุฏ ุงูุญููู ุฃุฑุณู ุงูุทูุจ #156 ุฅูู ูุฑุญูุฉ ุงูุชูููุฐ', 'edit_order.php?id=156', 0, '2025-08-05 08:11:48'),
(1296, 1, '๐จ ุงููุตูู ุนูุฑ ุงุญูุฏ  ุฃุฑุณู ุงูุทูุจ #157 ุฅูู ูุฑุญูุฉ ุงูุชูููุฐ', 'edit_order.php?id=157', 0, '2025-08-05 09:05:42'),
(1297, 6, '๐จ ุงููุตูู ุนูุฑ ุงุญูุฏ  ุฃุฑุณู ุงูุทูุจ #157 ุฅูู ูุฑุญูุฉ ุงูุชูููุฐ', 'edit_order.php?id=157', 0, '2025-08-05 09:05:42'),
(1298, 4, '๐จ ุงููุตูู ุนูุฑ ุงุญูุฏ  ุฃุฑุณู ุงูุทูุจ #157 ุฅูู ูุฑุญูุฉ ุงูุชูููุฐ', 'edit_order.php?id=157', 0, '2025-08-05 09:05:42'),
(1299, 1, '๐จ ุงููุตูู ุนูุฑ ุงุญูุฏ  ุฃุฑุณู ุงูุทูุจ #158 ุฅูู ูุฑุญูุฉ ุงูุชูููุฐ', 'edit_order.php?id=158', 0, '2025-08-05 09:10:31'),
(1300, 6, '๐จ ุงููุตูู ุนูุฑ ุงุญูุฏ  ุฃุฑุณู ุงูุทูุจ #158 ุฅูู ูุฑุญูุฉ ุงูุชูููุฐ', 'edit_order.php?id=158', 0, '2025-08-05 09:10:31'),
(1301, 4, '๐จ ุงููุตูู ุนูุฑ ุงุญูุฏ  ุฃุฑุณู ุงูุทูุจ #158 ุฅูู ูุฑุญูุฉ ุงูุชูููุฐ', 'edit_order.php?id=158', 0, '2025-08-05 09:10:31'),
(1302, 1, '๐จ ุงููุตูู ุนูุฑ ุงุญูุฏ  ุฃุฑุณู ุงูุทูุจ #159 ุฅูู ูุฑุญูุฉ ุงูุชูููุฐ', 'edit_order.php?id=159', 0, '2025-08-05 14:32:40'),
(1303, 6, '๐จ ุงููุตูู ุนูุฑ ุงุญูุฏ  ุฃุฑุณู ุงูุทูุจ #159 ุฅูู ูุฑุญูุฉ ุงูุชูููุฐ', 'edit_order.php?id=159', 0, '2025-08-05 14:32:40'),
(1304, 4, '๐จ ุงููุตูู ุนูุฑ ุงุญูุฏ  ุฃุฑุณู ุงูุทูุจ #159 ุฅูู ูุฑุญูุฉ ุงูุชูููุฐ', 'edit_order.php?id=159', 0, '2025-08-05 14:32:40'),
(1305, 1, '๐จ ุงููุตูู ุนูุฑ ุงุญูุฏ  ุฃุฑุณู ุงูุทูุจ #160 ุฅูู ูุฑุญูุฉ ุงูุชูููุฐ', 'edit_order.php?id=160', 0, '2025-08-05 15:09:29'),
(1306, 6, '๐จ ุงููุตูู ุนูุฑ ุงุญูุฏ  ุฃุฑุณู ุงูุทูุจ #160 ุฅูู ูุฑุญูุฉ ุงูุชูููุฐ', 'edit_order.php?id=160', 0, '2025-08-05 15:09:29'),
(1307, 4, '๐จ ุงููุตูู ุนูุฑ ุงุญูุฏ  ุฃุฑุณู ุงูุทูุจ #160 ุฅูู ูุฑุญูุฉ ุงูุชูููุฐ', 'edit_order.php?id=160', 0, '2025-08-05 15:09:29'),
(1308, 1, '๐จ ุงููุตูู ุชูููู ุนุจุฏ ุงูุญููู ุฃุฑุณู ุงูุทูุจ #161 ุฅูู ูุฑุญูุฉ ุงูุชูููุฐ', 'edit_order.php?id=161', 0, '2025-08-05 15:17:49'),
(1309, 6, '๐จ ุงููุตูู ุชูููู ุนุจุฏ ุงูุญููู ุฃุฑุณู ุงูุทูุจ #161 ุฅูู ูุฑุญูุฉ ุงูุชูููุฐ', 'edit_order.php?id=161', 0, '2025-08-05 15:17:49'),
(1310, 4, '๐จ ุงููุตูู ุชูููู ุนุจุฏ ุงูุญููู ุฃุฑุณู ุงูุทูุจ #161 ุฅูู ูุฑุญูุฉ ุงูุชูููุฐ', 'edit_order.php?id=161', 0, '2025-08-05 15:17:49'),
(1311, 1, '๐จ ุงููุตูู ุชูููู ุนุจุฏ ุงูุญููู ุฃุฑุณู ุงูุทูุจ #162 ุฅูู ูุฑุญูุฉ ุงูุชูููุฐ', 'edit_order.php?id=162', 0, '2025-08-05 15:20:17'),
(1312, 6, '๐จ ุงููุตูู ุชูููู ุนุจุฏ ุงูุญููู ุฃุฑุณู ุงูุทูุจ #162 ุฅูู ูุฑุญูุฉ ุงูุชูููุฐ', 'edit_order.php?id=162', 0, '2025-08-05 15:20:17'),
(1313, 4, '๐จ ุงููุตูู ุชูููู ุนุจุฏ ุงูุญููู ุฃุฑุณู ุงูุทูุจ #162 ุฅูู ูุฑุญูุฉ ุงูุชูููุฐ', 'edit_order.php?id=162', 0, '2025-08-05 15:20:18'),
(1314, 1, '๐จ ุงููุตูู ุชูููู ุนุจุฏ ุงูุญููู ุฃุฑุณู ุงูุทูุจ #163 ุฅูู ูุฑุญูุฉ ุงูุชูููุฐ', 'edit_order.php?id=163', 0, '2025-08-05 15:22:15'),
(1315, 6, '๐จ ุงููุตูู ุชูููู ุนุจุฏ ุงูุญููู ุฃุฑุณู ุงูุทูุจ #163 ุฅูู ูุฑุญูุฉ ุงูุชูููุฐ', 'edit_order.php?id=163', 0, '2025-08-05 15:22:15'),
(1316, 4, '๐จ ุงููุตูู ุชูููู ุนุจุฏ ุงูุญููู ุฃุฑุณู ุงูุทูุจ #163 ุฅูู ูุฑุญูุฉ ุงูุชูููุฐ', 'edit_order.php?id=163', 0, '2025-08-05 15:22:15'),
(1317, 1, '๐จ ุงููุตูู ุชูููู ุนุจุฏ ุงูุญููู ุฃุฑุณู ุงูุทูุจ #164 ุฅูู ูุฑุญูุฉ ุงูุชูููุฐ', 'edit_order.php?id=164', 0, '2025-08-05 15:24:28'),
(1318, 6, '๐จ ุงููุตูู ุชูููู ุนุจุฏ ุงูุญููู ุฃุฑุณู ุงูุทูุจ #164 ุฅูู ูุฑุญูุฉ ุงูุชูููุฐ', 'edit_order.php?id=164', 0, '2025-08-05 15:24:28'),
(1319, 4, '๐จ ุงููุตูู ุชูููู ุนุจุฏ ุงูุญููู ุฃุฑุณู ุงูุทูุจ #164 ุฅูู ูุฑุญูุฉ ุงูุชูููุฐ', 'edit_order.php?id=164', 0, '2025-08-05 15:24:28'),
(1320, 1, '๐จ ุงููุตูู ุชูููู ุนุจุฏ ุงูุญููู ุฃุฑุณู ุงูุทูุจ #165 ุฅูู ูุฑุญูุฉ ุงูุชูููุฐ', 'edit_order.php?id=165', 0, '2025-08-05 15:24:32'),
(1321, 6, '๐จ ุงููุตูู ุชูููู ุนุจุฏ ุงูุญููู ุฃุฑุณู ุงูุทูุจ #165 ุฅูู ูุฑุญูุฉ ุงูุชูููุฐ', 'edit_order.php?id=165', 0, '2025-08-05 15:24:32'),
(1322, 4, '๐จ ุงููุตูู ุชูููู ุนุจุฏ ุงูุญููู ุฃุฑุณู ุงูุทูุจ #165 ุฅูู ูุฑุญูุฉ ุงูุชูููุฐ', 'edit_order.php?id=165', 0, '2025-08-05 15:24:32'),
(1323, 1, '๐จ ุงููุตูู ุชูููู ุนุจุฏ ุงูุญููู ุฃุฑุณู ุงูุทูุจ #166 ุฅูู ูุฑุญูุฉ ุงูุชูููุฐ', 'edit_order.php?id=166', 0, '2025-08-05 15:25:51'),
(1324, 6, '๐จ ุงููุตูู ุชูููู ุนุจุฏ ุงูุญููู ุฃุฑุณู ุงูุทูุจ #166 ุฅูู ูุฑุญูุฉ ุงูุชูููุฐ', 'edit_order.php?id=166', 0, '2025-08-05 15:25:51'),
(1325, 4, '๐จ ุงููุตูู ุชูููู ุนุจุฏ ุงูุญููู ุฃุฑุณู ุงูุทูุจ #166 ุฅูู ูุฑุญูุฉ ุงูุชูููุฐ', 'edit_order.php?id=166', 0, '2025-08-05 15:25:51'),
(1326, 1, '๐จ ุงููุตูู ุนูุฑ ุงุญูุฏ  ุฃุฑุณู ุงูุทูุจ #167 ุฅูู ูุฑุญูุฉ ุงูุชูููุฐ', 'edit_order.php?id=167', 0, '2025-08-05 16:55:31'),
(1327, 6, '๐จ ุงููุตูู ุนูุฑ ุงุญูุฏ  ุฃุฑุณู ุงูุทูุจ #167 ุฅูู ูุฑุญูุฉ ุงูุชูููุฐ', 'edit_order.php?id=167', 0, '2025-08-05 16:55:31'),
(1328, 4, '๐จ ุงููุตูู ุนูุฑ ุงุญูุฏ  ุฃุฑุณู ุงูุทูุจ #167 ุฅูู ูุฑุญูุฉ ุงูุชูููุฐ', 'edit_order.php?id=167', 0, '2025-08-05 16:55:31'),
(1329, 1, '๐จ ุงููุตูู ุนูุฑ ุงุญูุฏ  ุฃุฑุณู ุงูุทูุจ #168 ุฅูู ูุฑุญูุฉ ุงูุชูููุฐ', 'edit_order.php?id=168', 0, '2025-08-05 16:55:37'),
(1330, 6, '๐จ ุงููุตูู ุนูุฑ ุงุญูุฏ  ุฃุฑุณู ุงูุทูุจ #168 ุฅูู ูุฑุญูุฉ ุงูุชูููุฐ', 'edit_order.php?id=168', 0, '2025-08-05 16:55:37'),
(1331, 4, '๐จ ุงููุตูู ุนูุฑ ุงุญูุฏ  ุฃุฑุณู ุงูุทูุจ #168 ุฅูู ูุฑุญูุฉ ุงูุชูููุฐ', 'edit_order.php?id=168', 0, '2025-08-05 16:55:37'),
(1332, 1, '๐จ ุงููุตูู ุนูุฑ ุงุญูุฏ  ุฃุฑุณู ุงูุทูุจ #169 ุฅูู ูุฑุญูุฉ ุงูุชูููุฐ', 'edit_order.php?id=169', 0, '2025-08-05 17:34:07'),
(1333, 6, '๐จ ุงููุตูู ุนูุฑ ุงุญูุฏ  ุฃุฑุณู ุงูุทูุจ #169 ุฅูู ูุฑุญูุฉ ุงูุชูููุฐ', 'edit_order.php?id=169', 0, '2025-08-05 17:34:07'),
(1334, 4, '๐จ ุงููุตูู ุนูุฑ ุงุญูุฏ  ุฃุฑุณู ุงูุทูุจ #169 ุฅูู ูุฑุญูุฉ ุงูุชูููุฐ', 'edit_order.php?id=169', 0, '2025-08-05 17:34:07'),
(1335, 1, 'ุชู ุฅุบูุงู ุงูุทูุจ #123 ุชููุงุฆูุงู ูุงูุชูุงูู.', 'edit_order.php?id=123', 0, '2025-08-05 21:28:09'),
(1336, 6, 'ุชู ุฅุบูุงู ุงูุทูุจ #123 ุชููุงุฆูุงู ูุงูุชูุงูู.', 'edit_order.php?id=123', 0, '2025-08-05 21:28:09'),
(1337, 1, 'ุชู ุชุฃููุฏ ุงูุชุณููุฉ ุงููุงููุฉ ููุทูุจ #123.', 'edit_order.php?id=123', 0, '2025-08-05 21:28:09'),
(1338, 1, 'ุชู ุฅุบูุงู ุงูุทูุจ #125 ุชููุงุฆูุงู ูุงูุชูุงูู.', 'edit_order.php?id=125', 0, '2025-08-05 21:28:39'),
(1339, 6, 'ุชู ุฅุบูุงู ุงูุทูุจ #125 ุชููุงุฆูุงู ูุงูุชูุงูู.', 'edit_order.php?id=125', 0, '2025-08-05 21:28:39'),
(1340, 1, 'ุชู ุชุฃููุฏ ุงูุชุณููุฉ ุงููุงููุฉ ููุทูุจ #125.', 'edit_order.php?id=125', 0, '2025-08-05 21:28:39'),
(1341, 1, 'ุชู ุฅุบูุงู ุงูุทูุจ #126 ุชููุงุฆูุงู ูุงูุชูุงูู.', 'edit_order.php?id=126', 0, '2025-08-05 21:28:54'),
(1342, 6, 'ุชู ุฅุบูุงู ุงูุทูุจ #126 ุชููุงุฆูุงู ูุงูุชูุงูู.', 'edit_order.php?id=126', 0, '2025-08-05 21:28:54'),
(1343, 1, 'ุชู ุชุฃููุฏ ุงูุชุณููุฉ ุงููุงููุฉ ููุทูุจ #126.', 'edit_order.php?id=126', 0, '2025-08-05 21:28:54'),
(1344, 1, 'ุชู ุฅุบูุงู ุงูุทูุจ #128 ุชููุงุฆูุงู ูุงูุชูุงูู.', 'edit_order.php?id=128', 0, '2025-08-05 21:29:12'),
(1345, 6, 'ุชู ุฅุบูุงู ุงูุทูุจ #128 ุชููุงุฆูุงู ูุงูุชูุงูู.', 'edit_order.php?id=128', 0, '2025-08-05 21:29:12'),
(1346, 1, 'ุชู ุชุฃููุฏ ุงูุชุณููุฉ ุงููุงููุฉ ููุทูุจ #128.', 'edit_order.php?id=128', 0, '2025-08-05 21:29:12'),
(1347, 1, 'ุชู ุฅุบูุงู ุงูุทูุจ #129 ุชููุงุฆูุงู ูุงูุชูุงูู.', 'edit_order.php?id=129', 0, '2025-08-05 21:29:27'),
(1348, 6, 'ุชู ุฅุบูุงู ุงูุทูุจ #129 ุชููุงุฆูุงู ูุงูุชูุงูู.', 'edit_order.php?id=129', 0, '2025-08-05 21:29:27'),
(1349, 1, 'ุชู ุชุฃููุฏ ุงูุชุณููุฉ ุงููุงููุฉ ููุทูุจ #129.', 'edit_order.php?id=129', 0, '2025-08-05 21:29:27'),
(1350, 1, 'ุชู ุฅุบูุงู ุงูุทูุจ #132 ุชููุงุฆูุงู ูุงูุชูุงูู.', 'edit_order.php?id=132', 0, '2025-08-05 21:29:42'),
(1351, 6, 'ุชู ุฅุบูุงู ุงูุทูุจ #132 ุชููุงุฆูุงู ูุงูุชูุงูู.', 'edit_order.php?id=132', 0, '2025-08-05 21:29:42'),
(1352, 1, 'ุชู ุชุฃููุฏ ุงูุชุณููุฉ ุงููุงููุฉ ููุทูุจ #132.', 'edit_order.php?id=132', 0, '2025-08-05 21:29:42'),
(1353, 1, '๐ฆ admin ุฃูุฏ ุงุณุชูุงู ุงูุนููู ููุทูุจ #133', 'edit_order.php?id=133', 0, '2025-08-05 21:30:28'),
(1354, 5, '๐ฆ admin ุฃูุฏ ุงุณุชูุงู ุงูุนููู ููุทูุจ #133', 'edit_order.php?id=133', 0, '2025-08-05 21:30:28'),
(1355, 1, 'ุชู ุฅุบูุงู ุงูุทูุจ #133 ุชููุงุฆูุงู ูุงูุชูุงูู.', 'edit_order.php?id=133', 0, '2025-08-05 21:30:36'),
(1356, 6, 'ุชู ุฅุบูุงู ุงูุทูุจ #133 ุชููุงุฆูุงู ูุงูุชูุงูู.', 'edit_order.php?id=133', 0, '2025-08-05 21:30:36'),
(1357, 1, 'ุชู ุชุฃููุฏ ุงูุชุณููุฉ ุงููุงููุฉ ููุทูุจ #133.', 'edit_order.php?id=133', 0, '2025-08-05 21:30:36'),
(1358, 1, 'ุชู ุฅุบูุงู ุงูุทูุจ #135 ุชููุงุฆูุงู ูุงูุชูุงูู.', 'edit_order.php?id=135', 0, '2025-08-05 21:35:06'),
(1359, 6, 'ุชู ุฅุบูุงู ุงูุทูุจ #135 ุชููุงุฆูุงู ูุงูุชูุงูู.', 'edit_order.php?id=135', 0, '2025-08-05 21:35:06'),
(1360, 1, 'ุชู ุชุฃููุฏ ุงูุชุณููุฉ ุงููุงููุฉ ููุทูุจ #135.', 'edit_order.php?id=135', 0, '2025-08-05 21:35:06'),
(1361, 1, 'โ admin ุฃููู ุชูููุฐ ุงูุทูุจ #136 ูุฃุตุจุญ ุฌุงูุฒุงู ููุชุณููู', 'edit_order.php?id=136', 0, '2025-08-05 21:35:43'),
(1362, 2, 'โ admin ุฃููู ุชูููุฐ ุงูุทูุจ #136 ูุฃุตุจุญ ุฌุงูุฒุงู ููุชุณููู', 'edit_order.php?id=136', 0, '2025-08-05 21:35:43'),
(1363, 1, '๐ฆ admin ุฃูุฏ ุงุณุชูุงู ุงูุนููู ููุทูุจ #136', 'edit_order.php?id=136', 0, '2025-08-05 21:35:55'),
(1364, 5, '๐ฆ admin ุฃูุฏ ุงุณุชูุงู ุงูุนููู ููุทูุจ #136', 'edit_order.php?id=136', 0, '2025-08-05 21:35:55'),
(1365, 1, 'ุชู ุฅุบูุงู ุงูุทูุจ #136 ุชููุงุฆูุงู ูุงูุชูุงูู.', 'edit_order.php?id=136', 0, '2025-08-05 21:36:00'),
(1366, 6, 'ุชู ุฅุบูุงู ุงูุทูุจ #136 ุชููุงุฆูุงู ูุงูุชูุงูู.', 'edit_order.php?id=136', 0, '2025-08-05 21:36:00'),
(1367, 1, 'ุชู ุชุฃููุฏ ุงูุชุณููุฉ ุงููุงููุฉ ููุทูุจ #136.', 'edit_order.php?id=136', 0, '2025-08-05 21:36:00'),
(1368, 1, '๐จ ุงููุตูู admin ุฃุฑุณู ุงูุทูุจ #154 ุฅูู ูุฑุญูุฉ ุงูุชูููุฐ', 'edit_order.php?id=154', 0, '2025-08-05 22:11:47'),
(1369, 4, '๐จ ุงููุตูู admin ุฃุฑุณู ุงูุทูุจ #154 ุฅูู ูุฑุญูุฉ ุงูุชูููุฐ', 'edit_order.php?id=154', 0, '2025-08-05 22:11:47'),
(1370, 1, '๐จ ุงููุตูู ุชูููู ุนุจุฏ ุงูุญููู ุฃุฑุณู ุงูุทูุจ #170 ุฅูู ูุฑุญูุฉ ุงูุชูููุฐ', 'edit_order.php?id=170', 0, '2025-08-06 13:45:17'),
(1371, 6, '๐จ ุงููุตูู ุชูููู ุนุจุฏ ุงูุญููู ุฃุฑุณู ุงูุทูุจ #170 ุฅูู ูุฑุญูุฉ ุงูุชูููุฐ', 'edit_order.php?id=170', 0, '2025-08-06 13:45:17'),
(1372, 4, '๐จ ุงููุตูู ุชูููู ุนุจุฏ ุงูุญููู ุฃุฑุณู ุงูุทูุจ #170 ุฅูู ูุฑุญูุฉ ุงูุชูููุฐ', 'edit_order.php?id=170', 0, '2025-08-06 13:45:17'),
(1373, 1, '๐จ ุงููุตูู ุชูููู ุนุจุฏ ุงูุญููู ุฃุฑุณู ุงูุทูุจ #171 ุฅูู ูุฑุญูุฉ ุงูุชูููุฐ', 'edit_order.php?id=171', 0, '2025-08-06 14:15:49'),
(1374, 6, '๐จ ุงููุตูู ุชูููู ุนุจุฏ ุงูุญููู ุฃุฑุณู ุงูุทูุจ #171 ุฅูู ูุฑุญูุฉ ุงูุชูููุฐ', 'edit_order.php?id=171', 0, '2025-08-06 14:15:49'),
(1375, 4, '๐จ ุงููุตูู ุชูููู ุนุจุฏ ุงูุญููู ุฃุฑุณู ุงูุทูุจ #171 ุฅูู ูุฑุญูุฉ ุงูุชูููุฐ', 'edit_order.php?id=171', 0, '2025-08-06 14:15:49'),
(1376, 1, '๐จ ุงููุตูู ุชูููู ุนุจุฏ ุงูุญููู ุฃุฑุณู ุงูุทูุจ #173 ุฅูู ูุฑุญูุฉ ุงูุชูููุฐ', 'edit_order.php?id=173', 0, '2025-08-06 14:15:55'),
(1377, 6, '๐จ ุงููุตูู ุชูููู ุนุจุฏ ุงูุญููู ุฃุฑุณู ุงูุทูุจ #173 ุฅูู ูุฑุญูุฉ ุงูุชูููุฐ', 'edit_order.php?id=173', 0, '2025-08-06 14:15:55'),
(1378, 4, '๐จ ุงููุตูู ุชูููู ุนุจุฏ ุงูุญููู ุฃุฑุณู ุงูุทูุจ #173 ุฅูู ูุฑุญูุฉ ุงูุชูููุฐ', 'edit_order.php?id=173', 0, '2025-08-06 14:15:55'),
(1379, 1, '๐จ ุงููุตูู ุนูุฑ ุงุญูุฏ  ุฃุฑุณู ุงูุทูุจ #174 ุฅูู ูุฑุญูุฉ ุงูุชูููุฐ', 'edit_order.php?id=174', 0, '2025-08-06 14:18:39'),
(1380, 6, '๐จ ุงููุตูู ุนูุฑ ุงุญูุฏ  ุฃุฑุณู ุงูุทูุจ #174 ุฅูู ูุฑุญูุฉ ุงูุชูููุฐ', 'edit_order.php?id=174', 0, '2025-08-06 14:18:39'),
(1381, 4, '๐จ ุงููุตูู ุนูุฑ ุงุญูุฏ  ุฃุฑุณู ุงูุทูุจ #174 ุฅูู ูุฑุญูุฉ ุงูุชูููุฐ', 'edit_order.php?id=174', 0, '2025-08-06 14:18:39'),
(1382, 1, '๐จ ุงููุตูู ุนูุฑ ุงุญูุฏ  ุฃุฑุณู ุงูุทูุจ #175 ุฅูู ูุฑุญูุฉ ุงูุชูููุฐ', 'edit_order.php?id=175', 0, '2025-08-06 14:18:44'),
(1383, 6, '๐จ ุงููุตูู ุนูุฑ ุงุญูุฏ  ุฃุฑุณู ุงูุทูุจ #175 ุฅูู ูุฑุญูุฉ ุงูุชูููุฐ', 'edit_order.php?id=175', 0, '2025-08-06 14:18:44'),
(1384, 4, '๐จ ุงููุตูู ุนูุฑ ุงุญูุฏ  ุฃุฑุณู ุงูุทูุจ #175 ุฅูู ูุฑุญูุฉ ุงูุชูููุฐ', 'edit_order.php?id=175', 0, '2025-08-06 14:18:44'),
(1385, 1, '๐จ ุงููุตูู ุนูุฑ ุงุญูุฏ  ุฃุฑุณู ุงูุทูุจ #176 ุฅูู ูุฑุญูุฉ ุงูุชูููุฐ', 'edit_order.php?id=176', 0, '2025-08-06 14:47:35'),
(1386, 6, '๐จ ุงููุตูู ุนูุฑ ุงุญูุฏ  ุฃุฑุณู ุงูุทูุจ #176 ุฅูู ูุฑุญูุฉ ุงูุชูููุฐ', 'edit_order.php?id=176', 0, '2025-08-06 14:47:35'),
(1387, 4, '๐จ ุงููุตูู ุนูุฑ ุงุญูุฏ  ุฃุฑุณู ุงูุทูุจ #176 ุฅูู ูุฑุญูุฉ ุงูุชูููุฐ', 'edit_order.php?id=176', 0, '2025-08-06 14:47:35'),
(1388, 1, '๐จ ุงููุตูู ุชูููู ุนุจุฏ ุงูุญููู ุฃุฑุณู ุงูุทูุจ #172 ุฅูู ูุฑุญูุฉ ุงูุชูููุฐ', 'edit_order.php?id=172', 0, '2025-08-06 17:42:22'),
(1389, 6, '๐จ ุงููุตูู ุชูููู ุนุจุฏ ุงูุญููู ุฃุฑุณู ุงูุทูุจ #172 ุฅูู ูุฑุญูุฉ ุงูุชูููุฐ', 'edit_order.php?id=172', 0, '2025-08-06 17:42:22'),
(1390, 4, '๐จ ุงููุตูู ุชูููู ุนุจุฏ ุงูุญููู ุฃุฑุณู ุงูุทูุจ #172 ุฅูู ูุฑุญูุฉ ุงูุชูููุฐ', 'edit_order.php?id=172', 0, '2025-08-06 17:42:22'),
(1391, 1, '๐จ ุงููุตูู ุชูููู ุนุจุฏ ุงูุญููู ุฃุฑุณู ุงูุทูุจ #178 ุฅูู ูุฑุญูุฉ ุงูุชูููุฐ', 'edit_order.php?id=178', 0, '2025-08-06 17:42:27'),
(1392, 6, '๐จ ุงููุตูู ุชูููู ุนุจุฏ ุงูุญููู ุฃุฑุณู ุงูุทูุจ #178 ุฅูู ูุฑุญูุฉ ุงูุชูููุฐ', 'edit_order.php?id=178', 0, '2025-08-06 17:42:27'),
(1393, 4, '๐จ ุงููุตูู ุชูููู ุนุจุฏ ุงูุญููู ุฃุฑุณู ุงูุทูุจ #178 ุฅูู ูุฑุญูุฉ ุงูุชูููุฐ', 'edit_order.php?id=178', 0, '2025-08-06 17:42:27'),
(1394, 1, 'โ ุญุณุงู ุงูุดูุฎ ุฃููู ุชูููุฐ ุงูุทูุจ #154 ูุฃุตุจุญ ุฌุงูุฒุงู ููุชุณููู', 'edit_order.php?id=154', 0, '2025-08-06 19:09:45'),
(1395, 6, 'โ ุญุณุงู ุงูุดูุฎ ุฃููู ุชูููุฐ ุงูุทูุจ #154 ูุฃุตุจุญ ุฌุงูุฒุงู ููุชุณููู', 'edit_order.php?id=154', 0, '2025-08-06 19:09:45'),
(1396, 1, '๐ฆ ุญุณุงู ุงูุดูุฎ ุฃูุฏ ุงุณุชูุงู ุงูุนููู ููุทูุจ #154', 'edit_order.php?id=154', 0, '2025-08-06 19:10:05'),
(1397, 6, '๐ฆ ุญุณุงู ุงูุดูุฎ ุฃูุฏ ุงุณุชูุงู ุงูุนููู ููุทูุจ #154', 'edit_order.php?id=154', 0, '2025-08-06 19:10:05'),
(1398, 5, '๐ฆ ุญุณุงู ุงูุดูุฎ ุฃูุฏ ุงุณุชูุงู ุงูุนููู ููุทูุจ #154', 'edit_order.php?id=154', 0, '2025-08-06 19:10:05'),
(1399, 1, 'โ ุญุณุงู ุงูุดูุฎ ุฃููู ุชูููุฐ ุงูุทูุจ #178 ูุฃุตุจุญ ุฌุงูุฒุงู ููุชุณููู', 'edit_order.php?id=178', 0, '2025-08-06 19:11:30'),
(1400, 6, 'โ ุญุณุงู ุงูุดูุฎ ุฃููู ุชูููุฐ ุงูุทูุจ #178 ูุฃุตุจุญ ุฌุงูุฒุงู ููุชุณููู', 'edit_order.php?id=178', 0, '2025-08-06 19:11:30'),
(1401, 2, 'โ ุญุณุงู ุงูุดูุฎ ุฃููู ุชูููุฐ ุงูุทูุจ #178 ูุฃุตุจุญ ุฌุงูุฒุงู ููุชุณููู', 'edit_order.php?id=178', 0, '2025-08-06 19:11:30'),
(1402, 1, '๐ฆ ุญุณุงู ุงูุดูุฎ ุฃูุฏ ุงุณุชูุงู ุงูุนููู ููุทูุจ #178', 'edit_order.php?id=178', 0, '2025-08-06 19:11:44'),
(1403, 6, '๐ฆ ุญุณุงู ุงูุดูุฎ ุฃูุฏ ุงุณุชูุงู ุงูุนููู ููุทูุจ #178', 'edit_order.php?id=178', 0, '2025-08-06 19:11:44'),
(1404, 5, '๐ฆ ุญุณุงู ุงูุดูุฎ ุฃูุฏ ุงุณุชูุงู ุงูุนููู ููุทูุจ #178', 'edit_order.php?id=178', 0, '2025-08-06 19:11:44'),
(1405, 1, 'โ ุญุณุงู ุงูุดูุฎ ุฃููู ุชูููุฐ ุงูุทูุจ #176 ูุฃุตุจุญ ุฌุงูุฒุงู ููุชุณููู', 'edit_order.php?id=176', 0, '2025-08-06 19:12:16'),
(1406, 6, 'โ ุญุณุงู ุงูุดูุฎ ุฃููู ุชูููุฐ ุงูุทูุจ #176 ูุฃุตุจุญ ุฌุงูุฒุงู ููุชุณููู', 'edit_order.php?id=176', 0, '2025-08-06 19:12:16'),
(1407, 3, 'โ ุญุณุงู ุงูุดูุฎ ุฃููู ุชูููุฐ ุงูุทูุจ #176 ูุฃุตุจุญ ุฌุงูุฒุงู ููุชุณููู', 'edit_order.php?id=176', 0, '2025-08-06 19:12:16'),
(1408, 1, '๐ฆ ุญุณุงู ุงูุดูุฎ ุฃูุฏ ุงุณุชูุงู ุงูุนููู ููุทูุจ #176', 'edit_order.php?id=176', 0, '2025-08-06 19:12:28'),
(1409, 6, '๐ฆ ุญุณุงู ุงูุดูุฎ ุฃูุฏ ุงุณุชูุงู ุงูุนููู ููุทูุจ #176', 'edit_order.php?id=176', 0, '2025-08-06 19:12:28'),
(1410, 5, '๐ฆ ุญุณุงู ุงูุดูุฎ ุฃูุฏ ุงุณุชูุงู ุงูุนููู ููุทูุจ #176', 'edit_order.php?id=176', 0, '2025-08-06 19:12:28'),
(1411, 1, 'โ ุญุณุงู ุงูุดูุฎ ุฃููู ุชูููุฐ ุงูุทูุจ #175 ูุฃุตุจุญ ุฌุงูุฒุงู ููุชุณููู', 'edit_order.php?id=175', 0, '2025-08-06 19:12:40'),
(1412, 6, 'โ ุญุณุงู ุงูุดูุฎ ุฃููู ุชูููุฐ ุงูุทูุจ #175 ูุฃุตุจุญ ุฌุงูุฒุงู ููุชุณููู', 'edit_order.php?id=175', 0, '2025-08-06 19:12:40'),
(1413, 3, 'โ ุญุณุงู ุงูุดูุฎ ุฃููู ุชูููุฐ ุงูุทูุจ #175 ูุฃุตุจุญ ุฌุงูุฒุงู ููุชุณููู', 'edit_order.php?id=175', 0, '2025-08-06 19:12:40'),
(1414, 1, '๐ฆ ุญุณุงู ุงูุดูุฎ ุฃูุฏ ุงุณุชูุงู ุงูุนููู ููุทูุจ #175', 'edit_order.php?id=175', 0, '2025-08-06 19:12:48'),
(1415, 6, '๐ฆ ุญุณุงู ุงูุดูุฎ ุฃูุฏ ุงุณุชูุงู ุงูุนููู ููุทูุจ #175', 'edit_order.php?id=175', 0, '2025-08-06 19:12:48'),
(1416, 5, '๐ฆ ุญุณุงู ุงูุดูุฎ ุฃูุฏ ุงุณุชูุงู ุงูุนููู ููุทูุจ #175', 'edit_order.php?id=175', 0, '2025-08-06 19:12:48'),
(1417, 1, 'โ ุญุณุงู ุงูุดูุฎ ุฃููู ุชูููุฐ ุงูุทูุจ #173 ูุฃุตุจุญ ุฌุงูุฒุงู ููุชุณููู', 'edit_order.php?id=173', 0, '2025-08-06 19:12:57'),
(1418, 6, 'โ ุญุณุงู ุงูุดูุฎ ุฃููู ุชูููุฐ ุงูุทูุจ #173 ูุฃุตุจุญ ุฌุงูุฒุงู ููุชุณููู', 'edit_order.php?id=173', 0, '2025-08-06 19:12:57'),
(1419, 2, 'โ ุญุณุงู ุงูุดูุฎ ุฃููู ุชูููุฐ ุงูุทูุจ #173 ูุฃุตุจุญ ุฌุงูุฒุงู ููุชุณููู', 'edit_order.php?id=173', 0, '2025-08-06 19:12:57'),
(1420, 1, '๐ฆ ุญุณุงู ุงูุดูุฎ ุฃูุฏ ุงุณุชูุงู ุงูุนููู ููุทูุจ #173', 'edit_order.php?id=173', 0, '2025-08-06 19:13:01'),
(1421, 6, '๐ฆ ุญุณุงู ุงูุดูุฎ ุฃูุฏ ุงุณุชูุงู ุงูุนููู ููุทูุจ #173', 'edit_order.php?id=173', 0, '2025-08-06 19:13:01'),
(1422, 5, '๐ฆ ุญุณุงู ุงูุดูุฎ ุฃูุฏ ุงุณุชูุงู ุงูุนููู ููุทูุจ #173', 'edit_order.php?id=173', 0, '2025-08-06 19:13:01'),
(1423, 1, 'โ ุญุณุงู ุงูุดูุฎ ุฃููู ุชูููุฐ ุงูุทูุจ #172 ูุฃุตุจุญ ุฌุงูุฒุงู ููุชุณููู', 'edit_order.php?id=172', 0, '2025-08-06 19:13:10');
INSERT INTO `notifications` (`notification_id`, `employee_id`, `message`, `link`, `is_read`, `created_at`) VALUES
(1424, 6, 'โ ุญุณุงู ุงูุดูุฎ ุฃููู ุชูููุฐ ุงูุทูุจ #172 ูุฃุตุจุญ ุฌุงูุฒุงู ููุชุณููู', 'edit_order.php?id=172', 0, '2025-08-06 19:13:10'),
(1425, 2, 'โ ุญุณุงู ุงูุดูุฎ ุฃููู ุชูููุฐ ุงูุทูุจ #172 ูุฃุตุจุญ ุฌุงูุฒุงู ููุชุณููู', 'edit_order.php?id=172', 0, '2025-08-06 19:13:10'),
(1426, 1, '๐ฆ ุญุณุงู ุงูุดูุฎ ุฃูุฏ ุงุณุชูุงู ุงูุนููู ููุทูุจ #172', 'edit_order.php?id=172', 0, '2025-08-06 19:13:17'),
(1427, 6, '๐ฆ ุญุณุงู ุงูุดูุฎ ุฃูุฏ ุงุณุชูุงู ุงูุนููู ููุทูุจ #172', 'edit_order.php?id=172', 0, '2025-08-06 19:13:17'),
(1428, 5, '๐ฆ ุญุณุงู ุงูุดูุฎ ุฃูุฏ ุงุณุชูุงู ุงูุนููู ููุทูุจ #172', 'edit_order.php?id=172', 0, '2025-08-06 19:13:17'),
(1429, 1, 'โ ุญุณุงู ุงูุดูุฎ ุฃููู ุชูููุฐ ุงูุทูุจ #171 ูุฃุตุจุญ ุฌุงูุฒุงู ููุชุณููู', 'edit_order.php?id=171', 0, '2025-08-06 19:14:41'),
(1430, 6, 'โ ุญุณุงู ุงูุดูุฎ ุฃููู ุชูููุฐ ุงูุทูุจ #171 ูุฃุตุจุญ ุฌุงูุฒุงู ููุชุณููู', 'edit_order.php?id=171', 0, '2025-08-06 19:14:41'),
(1431, 2, 'โ ุญุณุงู ุงูุดูุฎ ุฃููู ุชูููุฐ ุงูุทูุจ #171 ูุฃุตุจุญ ุฌุงูุฒุงู ููุชุณููู', 'edit_order.php?id=171', 0, '2025-08-06 19:14:41'),
(1432, 1, '๐ฆ ุญุณุงู ุงูุดูุฎ ุฃูุฏ ุงุณุชูุงู ุงูุนููู ููุทูุจ #171', 'edit_order.php?id=171', 0, '2025-08-06 19:14:46'),
(1433, 6, '๐ฆ ุญุณุงู ุงูุดูุฎ ุฃูุฏ ุงุณุชูุงู ุงูุนููู ููุทูุจ #171', 'edit_order.php?id=171', 0, '2025-08-06 19:14:46'),
(1434, 5, '๐ฆ ุญุณุงู ุงูุดูุฎ ุฃูุฏ ุงุณุชูุงู ุงูุนููู ููุทูุจ #171', 'edit_order.php?id=171', 0, '2025-08-06 19:14:46'),
(1435, 1, 'โ ุญุณุงู ุงูุดูุฎ ุฃููู ุชูููุฐ ุงูุทูุจ #170 ูุฃุตุจุญ ุฌุงูุฒุงู ููุชุณููู', 'edit_order.php?id=170', 0, '2025-08-06 19:14:53'),
(1436, 6, 'โ ุญุณุงู ุงูุดูุฎ ุฃููู ุชูููุฐ ุงูุทูุจ #170 ูุฃุตุจุญ ุฌุงูุฒุงู ููุชุณููู', 'edit_order.php?id=170', 0, '2025-08-06 19:14:53'),
(1437, 2, 'โ ุญุณุงู ุงูุดูุฎ ุฃููู ุชูููุฐ ุงูุทูุจ #170 ูุฃุตุจุญ ุฌุงูุฒุงู ููุชุณููู', 'edit_order.php?id=170', 0, '2025-08-06 19:14:53'),
(1438, 1, '๐ฆ ุญุณุงู ุงูุดูุฎ ุฃูุฏ ุงุณุชูุงู ุงูุนููู ููุทูุจ #170', 'edit_order.php?id=170', 0, '2025-08-06 19:14:58'),
(1439, 6, '๐ฆ ุญุณุงู ุงูุดูุฎ ุฃูุฏ ุงุณุชูุงู ุงูุนููู ููุทูุจ #170', 'edit_order.php?id=170', 0, '2025-08-06 19:14:58'),
(1440, 5, '๐ฆ ุญุณุงู ุงูุดูุฎ ุฃูุฏ ุงุณุชูุงู ุงูุนููู ููุทูุจ #170', 'edit_order.php?id=170', 0, '2025-08-06 19:14:58'),
(1441, 1, 'ุชู ุฅุบูุงู ุงูุทูุจ #134 ุชููุงุฆูุงู ูุงูุชูุงูู.', 'edit_order.php?id=134', 0, '2025-08-06 19:15:17'),
(1442, 6, 'ุชู ุฅุบูุงู ุงูุทูุจ #134 ุชููุงุฆูุงู ูุงูุชูุงูู.', 'edit_order.php?id=134', 0, '2025-08-06 19:15:17'),
(1443, 1, '๐ฆ ุญุณุงู ุงูุดูุฎ ุฃูุฏ ุงุณุชูุงู ุงูุนููู ููุทูุจ #134', 'edit_order.php?id=134', 0, '2025-08-06 19:15:17'),
(1444, 6, '๐ฆ ุญุณุงู ุงูุดูุฎ ุฃูุฏ ุงุณุชูุงู ุงูุนููู ููุทูุจ #134', 'edit_order.php?id=134', 0, '2025-08-06 19:15:17'),
(1445, 5, '๐ฆ ุญุณุงู ุงูุดูุฎ ุฃูุฏ ุงุณุชูุงู ุงูุนููู ููุทูุจ #134', 'edit_order.php?id=134', 0, '2025-08-06 19:15:17'),
(1446, 1, 'โ ุญุณุงู ุงูุดูุฎ ุฃููู ุชูููุฐ ุงูุทูุจ #145 ูุฃุตุจุญ ุฌุงูุฒุงู ููุชุณููู', 'edit_order.php?id=145', 0, '2025-08-06 19:15:40'),
(1447, 6, 'โ ุญุณุงู ุงูุดูุฎ ุฃููู ุชูููุฐ ุงูุทูุจ #145 ูุฃุตุจุญ ุฌุงูุฒุงู ููุชุณููู', 'edit_order.php?id=145', 0, '2025-08-06 19:15:40'),
(1448, 2, 'โ ุญุณุงู ุงูุดูุฎ ุฃููู ุชูููุฐ ุงูุทูุจ #145 ูุฃุตุจุญ ุฌุงูุฒุงู ููุชุณููู', 'edit_order.php?id=145', 0, '2025-08-06 19:15:40'),
(1449, 1, '๐ฆ ุญุณุงู ุงูุดูุฎ ุฃูุฏ ุงุณุชูุงู ุงูุนููู ููุทูุจ #145', 'edit_order.php?id=145', 0, '2025-08-06 19:15:45'),
(1450, 6, '๐ฆ ุญุณุงู ุงูุดูุฎ ุฃูุฏ ุงุณุชูุงู ุงูุนููู ููุทูุจ #145', 'edit_order.php?id=145', 0, '2025-08-06 19:15:45'),
(1451, 5, '๐ฆ ุญุณุงู ุงูุดูุฎ ุฃูุฏ ุงุณุชูุงู ุงูุนููู ููุทูุจ #145', 'edit_order.php?id=145', 0, '2025-08-06 19:15:45'),
(1452, 1, '๐ฆ ุญุณุงู ุงูุดูุฎ ุฃูุฏ ุงุณุชูุงู ุงูุนููู ููุทูุจ #138', 'edit_order.php?id=138', 0, '2025-08-06 19:15:49'),
(1453, 6, '๐ฆ ุญุณุงู ุงูุดูุฎ ุฃูุฏ ุงุณุชูุงู ุงูุนููู ููุทูุจ #138', 'edit_order.php?id=138', 0, '2025-08-06 19:15:49'),
(1454, 5, '๐ฆ ุญุณุงู ุงูุดูุฎ ุฃูุฏ ุงุณุชูุงู ุงูุนููู ููุทูุจ #138', 'edit_order.php?id=138', 0, '2025-08-06 19:15:49'),
(1455, 1, '๐ฆ ุญุณุงู ุงูุดูุฎ ุฃูุฏ ุงุณุชูุงู ุงูุนููู ููุทูุจ #143', 'edit_order.php?id=143', 0, '2025-08-06 19:15:53'),
(1456, 6, '๐ฆ ุญุณุงู ุงูุดูุฎ ุฃูุฏ ุงุณุชูุงู ุงูุนููู ููุทูุจ #143', 'edit_order.php?id=143', 0, '2025-08-06 19:15:53'),
(1457, 5, '๐ฆ ุญุณุงู ุงูุดูุฎ ุฃูุฏ ุงุณุชูุงู ุงูุนููู ููุทูุจ #143', 'edit_order.php?id=143', 0, '2025-08-06 19:15:53'),
(1458, 1, '๐ฆ ุญุณุงู ุงูุดูุฎ ุฃูุฏ ุงุณุชูุงู ุงูุนููู ููุทูุจ #144', 'edit_order.php?id=144', 0, '2025-08-06 19:15:55'),
(1459, 6, '๐ฆ ุญุณุงู ุงูุดูุฎ ุฃูุฏ ุงุณุชูุงู ุงูุนููู ููุทูุจ #144', 'edit_order.php?id=144', 0, '2025-08-06 19:15:55'),
(1460, 5, '๐ฆ ุญุณุงู ุงูุดูุฎ ุฃูุฏ ุงุณุชูุงู ุงูุนููู ููุทูุจ #144', 'edit_order.php?id=144', 0, '2025-08-06 19:15:55'),
(1461, 1, '๐ฆ ุญุณุงู ุงูุดูุฎ ุฃูุฏ ุงุณุชูุงู ุงูุนููู ููุทูุจ #142', 'edit_order.php?id=142', 0, '2025-08-06 19:15:58'),
(1462, 6, '๐ฆ ุญุณุงู ุงูุดูุฎ ุฃูุฏ ุงุณุชูุงู ุงูุนููู ููุทูุจ #142', 'edit_order.php?id=142', 0, '2025-08-06 19:15:58'),
(1463, 5, '๐ฆ ุญุณุงู ุงูุดูุฎ ุฃูุฏ ุงุณุชูุงู ุงูุนููู ููุทูุจ #142', 'edit_order.php?id=142', 0, '2025-08-06 19:15:58'),
(1464, 1, '๐ฆ ุญุณุงู ุงูุดูุฎ ุฃูุฏ ุงุณุชูุงู ุงูุนููู ููุทูุจ #141', 'edit_order.php?id=141', 0, '2025-08-06 19:16:00'),
(1465, 6, '๐ฆ ุญุณุงู ุงูุดูุฎ ุฃูุฏ ุงุณุชูุงู ุงูุนููู ููุทูุจ #141', 'edit_order.php?id=141', 0, '2025-08-06 19:16:00'),
(1466, 5, '๐ฆ ุญุณุงู ุงูุดูุฎ ุฃูุฏ ุงุณุชูุงู ุงูุนููู ููุทูุจ #141', 'edit_order.php?id=141', 0, '2025-08-06 19:16:00'),
(1467, 1, '๐ฆ ุญุณุงู ุงูุดูุฎ ุฃูุฏ ุงุณุชูุงู ุงูุนููู ููุทูุจ #139', 'edit_order.php?id=139', 0, '2025-08-06 19:16:02'),
(1468, 6, '๐ฆ ุญุณุงู ุงูุดูุฎ ุฃูุฏ ุงุณุชูุงู ุงูุนููู ููุทูุจ #139', 'edit_order.php?id=139', 0, '2025-08-06 19:16:02'),
(1469, 5, '๐ฆ ุญุณุงู ุงูุดูุฎ ุฃูุฏ ุงุณุชูุงู ุงูุนููู ููุทูุจ #139', 'edit_order.php?id=139', 0, '2025-08-06 19:16:02'),
(1470, 1, '๐ฆ ุญุณุงู ุงูุดูุฎ ุฃูุฏ ุงุณุชูุงู ุงูุนููู ููุทูุจ #124', 'edit_order.php?id=124', 0, '2025-08-06 19:16:06'),
(1471, 6, '๐ฆ ุญุณุงู ุงูุดูุฎ ุฃูุฏ ุงุณุชูุงู ุงูุนููู ููุทูุจ #124', 'edit_order.php?id=124', 0, '2025-08-06 19:16:06'),
(1472, 5, '๐ฆ ุญุณุงู ุงูุดูุฎ ุฃูุฏ ุงุณุชูุงู ุงูุนููู ููุทูุจ #124', 'edit_order.php?id=124', 0, '2025-08-06 19:16:06'),
(1473, 1, '๐ฆ ุญุณุงู ุงูุดูุฎ ุฃูุฏ ุงุณุชูุงู ุงูุนููู ููุทูุจ #127', 'edit_order.php?id=127', 0, '2025-08-06 19:16:08'),
(1474, 6, '๐ฆ ุญุณุงู ุงูุดูุฎ ุฃูุฏ ุงุณุชูุงู ุงูุนููู ููุทูุจ #127', 'edit_order.php?id=127', 0, '2025-08-06 19:16:08'),
(1475, 5, '๐ฆ ุญุณุงู ุงูุดูุฎ ุฃูุฏ ุงุณุชูุงู ุงูุนููู ููุทูุจ #127', 'edit_order.php?id=127', 0, '2025-08-06 19:16:08'),
(1476, 1, '๐ฆ ุญุณุงู ุงูุดูุฎ ุฃูุฏ ุงุณุชูุงู ุงูุนููู ููุทูุจ #137', 'edit_order.php?id=137', 0, '2025-08-06 19:16:10'),
(1477, 6, '๐ฆ ุญุณุงู ุงูุดูุฎ ุฃูุฏ ุงุณุชูุงู ุงูุนููู ููุทูุจ #137', 'edit_order.php?id=137', 0, '2025-08-06 19:16:10'),
(1478, 5, '๐ฆ ุญุณุงู ุงูุดูุฎ ุฃูุฏ ุงุณุชูุงู ุงูุนููู ููุทูุจ #137', 'edit_order.php?id=137', 0, '2025-08-06 19:16:10'),
(1479, 1, '๐ฆ ุญุณุงู ุงูุดูุฎ ุฃูุฏ ุงุณุชูุงู ุงูุนููู ููุทูุจ #55', 'edit_order.php?id=55', 0, '2025-08-06 19:16:15'),
(1480, 6, '๐ฆ ุญุณุงู ุงูุดูุฎ ุฃูุฏ ุงุณุชูุงู ุงูุนููู ููุทูุจ #55', 'edit_order.php?id=55', 0, '2025-08-06 19:16:15'),
(1481, 5, '๐ฆ ุญุณุงู ุงูุดูุฎ ุฃูุฏ ุงุณุชูุงู ุงูุนููู ููุทูุจ #55', 'edit_order.php?id=55', 0, '2025-08-06 19:16:15'),
(1482, 1, '๐ฆ ุญุณุงู ุงูุดูุฎ ุฃูุฏ ุงุณุชูุงู ุงูุนููู ููุทูุจ #119', 'edit_order.php?id=119', 0, '2025-08-06 19:16:19'),
(1483, 6, '๐ฆ ุญุณุงู ุงูุดูุฎ ุฃูุฏ ุงุณุชูุงู ุงูุนููู ููุทูุจ #119', 'edit_order.php?id=119', 0, '2025-08-06 19:16:19'),
(1484, 5, '๐ฆ ุญุณุงู ุงูุดูุฎ ุฃูุฏ ุงุณุชูุงู ุงูุนููู ููุทูุจ #119', 'edit_order.php?id=119', 0, '2025-08-06 19:16:19'),
(1485, 1, '๐ฆ ุญุณุงู ุงูุดูุฎ ุฃูุฏ ุงุณุชูุงู ุงูุนููู ููุทูุจ #118', 'edit_order.php?id=118', 0, '2025-08-06 19:16:21'),
(1486, 6, '๐ฆ ุญุณุงู ุงูุดูุฎ ุฃูุฏ ุงุณุชูุงู ุงูุนููู ููุทูุจ #118', 'edit_order.php?id=118', 0, '2025-08-06 19:16:21'),
(1487, 5, '๐ฆ ุญุณุงู ุงูุดูุฎ ุฃูุฏ ุงุณุชูุงู ุงูุนููู ููุทูุจ #118', 'edit_order.php?id=118', 0, '2025-08-06 19:16:21'),
(1494, 1, '๐ฆ ุญุณุงู ุงูุดูุฎ ุฃูุฏ ุงุณุชูุงู ุงูุนููู ููุทูุจ #91', 'edit_order.php?id=91', 0, '2025-08-06 19:16:36'),
(1495, 6, '๐ฆ ุญุณุงู ุงูุดูุฎ ุฃูุฏ ุงุณุชูุงู ุงูุนููู ููุทูุจ #91', 'edit_order.php?id=91', 0, '2025-08-06 19:16:36'),
(1496, 5, '๐ฆ ุญุณุงู ุงูุดูุฎ ุฃูุฏ ุงุณุชูุงู ุงูุนููู ููุทูุจ #91', 'edit_order.php?id=91', 0, '2025-08-06 19:16:36'),
(1497, 1, '๐ฆ ุญุณุงู ุงูุดูุฎ ุฃูุฏ ุงุณุชูุงู ุงูุนููู ููุทูุจ #111', 'edit_order.php?id=111', 0, '2025-08-06 19:16:40'),
(1498, 6, '๐ฆ ุญุณุงู ุงูุดูุฎ ุฃูุฏ ุงุณุชูุงู ุงูุนููู ููุทูุจ #111', 'edit_order.php?id=111', 0, '2025-08-06 19:16:40'),
(1499, 5, '๐ฆ ุญุณุงู ุงูุดูุฎ ุฃูุฏ ุงุณุชูุงู ุงูุนููู ููุทูุจ #111', 'edit_order.php?id=111', 0, '2025-08-06 19:16:40'),
(1500, 1, 'ุชู ุฅุบูุงู ุงูุทูุจ #42 ุชููุงุฆูุงู ูุงูุชูุงูู.', 'edit_order.php?id=42', 0, '2025-08-06 19:16:44'),
(1501, 6, 'ุชู ุฅุบูุงู ุงูุทูุจ #42 ุชููุงุฆูุงู ูุงูุชูุงูู.', 'edit_order.php?id=42', 0, '2025-08-06 19:16:44'),
(1502, 1, '๐ฆ ุญุณุงู ุงูุดูุฎ ุฃูุฏ ุงุณุชูุงู ุงูุนููู ููุทูุจ #42', 'edit_order.php?id=42', 0, '2025-08-06 19:16:44'),
(1503, 6, '๐ฆ ุญุณุงู ุงูุดูุฎ ุฃูุฏ ุงุณุชูุงู ุงูุนููู ููุทูุจ #42', 'edit_order.php?id=42', 0, '2025-08-06 19:16:44'),
(1504, 5, '๐ฆ ุญุณุงู ุงูุดูุฎ ุฃูุฏ ุงุณุชูุงู ุงูุนููู ููุทูุจ #42', 'edit_order.php?id=42', 0, '2025-08-06 19:16:44'),
(1505, 1, 'โ ุญุณุงู ุงูุดูุฎ ุฃููู ุชูููุฐ ุงูุทูุจ #147 ูุฃุตุจุญ ุฌุงูุฒุงู ููุชุณููู', 'edit_order.php?id=147', 0, '2025-08-06 19:16:54'),
(1506, 6, 'โ ุญุณุงู ุงูุดูุฎ ุฃููู ุชูููุฐ ุงูุทูุจ #147 ูุฃุตุจุญ ุฌุงูุฒุงู ููุชุณููู', 'edit_order.php?id=147', 0, '2025-08-06 19:16:54'),
(1507, 2, 'โ ุญุณุงู ุงูุดูุฎ ุฃููู ุชูููุฐ ุงูุทูุจ #147 ูุฃุตุจุญ ุฌุงูุฒุงู ููุชุณููู', 'edit_order.php?id=147', 0, '2025-08-06 19:16:54'),
(1508, 1, '๐ฆ ุญุณุงู ุงูุดูุฎ ุฃูุฏ ุงุณุชูุงู ุงูุนููู ููุทูุจ #147', 'edit_order.php?id=147', 0, '2025-08-06 19:16:59'),
(1509, 6, '๐ฆ ุญุณุงู ุงูุดูุฎ ุฃูุฏ ุงุณุชูุงู ุงูุนููู ููุทูุจ #147', 'edit_order.php?id=147', 0, '2025-08-06 19:16:59'),
(1510, 5, '๐ฆ ุญุณุงู ุงูุดูุฎ ุฃูุฏ ุงุณุชูุงู ุงูุนููู ููุทูุจ #147', 'edit_order.php?id=147', 0, '2025-08-06 19:16:59'),
(1511, 1, 'โ ุญุณุงู ุงูุดูุฎ ุฃููู ุชูููุฐ ุงูุทูุจ #149 ูุฃุตุจุญ ุฌุงูุฒุงู ููุชุณููู', 'edit_order.php?id=149', 0, '2025-08-06 19:17:05'),
(1512, 6, 'โ ุญุณุงู ุงูุดูุฎ ุฃููู ุชูููุฐ ุงูุทูุจ #149 ูุฃุตุจุญ ุฌุงูุฒุงู ููุชุณููู', 'edit_order.php?id=149', 0, '2025-08-06 19:17:05'),
(1513, 2, 'โ ุญุณุงู ุงูุดูุฎ ุฃููู ุชูููุฐ ุงูุทูุจ #149 ูุฃุตุจุญ ุฌุงูุฒุงู ููุชุณููู', 'edit_order.php?id=149', 0, '2025-08-06 19:17:05'),
(1514, 1, 'โ ุญุณุงู ุงูุดูุฎ ุฃููู ุชูููุฐ ุงูุทูุจ #152 ูุฃุตุจุญ ุฌุงูุฒุงู ููุชุณููู', 'edit_order.php?id=152', 0, '2025-08-06 19:17:11'),
(1515, 6, 'โ ุญุณุงู ุงูุดูุฎ ุฃููู ุชูููุฐ ุงูุทูุจ #152 ูุฃุตุจุญ ุฌุงูุฒุงู ููุชุณููู', 'edit_order.php?id=152', 0, '2025-08-06 19:17:11'),
(1516, 2, 'โ ุญุณุงู ุงูุดูุฎ ุฃููู ุชูููุฐ ุงูุทูุจ #152 ูุฃุตุจุญ ุฌุงูุฒุงู ููุชุณููู', 'edit_order.php?id=152', 0, '2025-08-06 19:17:11'),
(1517, 1, 'โ ุญุณุงู ุงูุดูุฎ ุฃููู ุชูููุฐ ุงูุทูุจ #151 ูุฃุตุจุญ ุฌุงูุฒุงู ููุชุณููู', 'edit_order.php?id=151', 0, '2025-08-06 19:17:19'),
(1518, 6, 'โ ุญุณุงู ุงูุดูุฎ ุฃููู ุชูููุฐ ุงูุทูุจ #151 ูุฃุตุจุญ ุฌุงูุฒุงู ููุชุณููู', 'edit_order.php?id=151', 0, '2025-08-06 19:17:19'),
(1519, 2, 'โ ุญุณุงู ุงูุดูุฎ ุฃููู ุชูููุฐ ุงูุทูุจ #151 ูุฃุตุจุญ ุฌุงูุฒุงู ููุชุณููู', 'edit_order.php?id=151', 0, '2025-08-06 19:17:19'),
(1520, 1, 'โ ุญุณุงู ุงูุดูุฎ ุฃููู ุชูููุฐ ุงูุทูุจ #150 ูุฃุตุจุญ ุฌุงูุฒุงู ููุชุณููู', 'edit_order.php?id=150', 0, '2025-08-06 19:17:24'),
(1521, 6, 'โ ุญุณุงู ุงูุดูุฎ ุฃููู ุชูููุฐ ุงูุทูุจ #150 ูุฃุตุจุญ ุฌุงูุฒุงู ููุชุณููู', 'edit_order.php?id=150', 0, '2025-08-06 19:17:24'),
(1522, 2, 'โ ุญุณุงู ุงูุดูุฎ ุฃููู ุชูููุฐ ุงูุทูุจ #150 ูุฃุตุจุญ ุฌุงูุฒุงู ููุชุณููู', 'edit_order.php?id=150', 0, '2025-08-06 19:17:24'),
(1523, 1, 'โ ุญุณุงู ุงูุดูุฎ ุฃููู ุชูููุฐ ุงูุทูุจ #148 ูุฃุตุจุญ ุฌุงูุฒุงู ููุชุณููู', 'edit_order.php?id=148', 0, '2025-08-06 19:17:30'),
(1524, 6, 'โ ุญุณุงู ุงูุดูุฎ ุฃููู ุชูููุฐ ุงูุทูุจ #148 ูุฃุตุจุญ ุฌุงูุฒุงู ููุชุณููู', 'edit_order.php?id=148', 0, '2025-08-06 19:17:30'),
(1525, 2, 'โ ุญุณุงู ุงูุดูุฎ ุฃููู ุชูููุฐ ุงูุทูุจ #148 ูุฃุตุจุญ ุฌุงูุฒุงู ููุชุณููู', 'edit_order.php?id=148', 0, '2025-08-06 19:17:30'),
(1526, 1, 'โ ุญุณุงู ุงูุดูุฎ ุฃููู ุชูููุฐ ุงูุทูุจ #146 ูุฃุตุจุญ ุฌุงูุฒุงู ููุชุณููู', 'edit_order.php?id=146', 0, '2025-08-06 19:17:38'),
(1527, 6, 'โ ุญุณุงู ุงูุดูุฎ ุฃููู ุชูููุฐ ุงูุทูุจ #146 ูุฃุตุจุญ ุฌุงูุฒุงู ููุชุณููู', 'edit_order.php?id=146', 0, '2025-08-06 19:17:38'),
(1528, 2, 'โ ุญุณุงู ุงูุดูุฎ ุฃููู ุชูููุฐ ุงูุทูุจ #146 ูุฃุตุจุญ ุฌุงูุฒุงู ููุชุณููู', 'edit_order.php?id=146', 0, '2025-08-06 19:17:38'),
(1529, 1, 'โ ุญุณุงู ุงูุดูุฎ ุฃููู ุชูููุฐ ุงูุทูุจ #157 ูุฃุตุจุญ ุฌุงูุฒุงู ููุชุณููู', 'edit_order.php?id=157', 0, '2025-08-06 19:17:45'),
(1530, 6, 'โ ุญุณุงู ุงูุดูุฎ ุฃููู ุชูููุฐ ุงูุทูุจ #157 ูุฃุตุจุญ ุฌุงูุฒุงู ููุชุณููู', 'edit_order.php?id=157', 0, '2025-08-06 19:17:45'),
(1531, 3, 'โ ุญุณุงู ุงูุดูุฎ ุฃููู ุชูููุฐ ุงูุทูุจ #157 ูุฃุตุจุญ ุฌุงูุฒุงู ููุชุณููู', 'edit_order.php?id=157', 0, '2025-08-06 19:17:45'),
(1532, 1, 'โ ุญุณุงู ุงูุดูุฎ ุฃููู ุชูููุฐ ุงูุทูุจ #158 ูุฃุตุจุญ ุฌุงูุฒุงู ููุชุณููู', 'edit_order.php?id=158', 0, '2025-08-06 19:17:50'),
(1533, 6, 'โ ุญุณุงู ุงูุดูุฎ ุฃููู ุชูููุฐ ุงูุทูุจ #158 ูุฃุตุจุญ ุฌุงูุฒุงู ููุชุณููู', 'edit_order.php?id=158', 0, '2025-08-06 19:17:50'),
(1534, 3, 'โ ุญุณุงู ุงูุดูุฎ ุฃููู ุชูููุฐ ุงูุทูุจ #158 ูุฃุตุจุญ ุฌุงูุฒุงู ููุชุณููู', 'edit_order.php?id=158', 0, '2025-08-06 19:17:50'),
(1535, 1, 'โ ุญุณุงู ุงูุดูุฎ ุฃููู ุชูููุฐ ุงูุทูุจ #159 ูุฃุตุจุญ ุฌุงูุฒุงู ููุชุณููู', 'edit_order.php?id=159', 0, '2025-08-06 19:17:57'),
(1536, 6, 'โ ุญุณุงู ุงูุดูุฎ ุฃููู ุชูููุฐ ุงูุทูุจ #159 ูุฃุตุจุญ ุฌุงูุฒุงู ููุชุณููู', 'edit_order.php?id=159', 0, '2025-08-06 19:17:57'),
(1537, 3, 'โ ุญุณุงู ุงูุดูุฎ ุฃููู ุชูููุฐ ุงูุทูุจ #159 ูุฃุตุจุญ ุฌุงูุฒุงู ููุชุณููู', 'edit_order.php?id=159', 0, '2025-08-06 19:17:57'),
(1538, 1, 'ุชู ุฅุบูุงู ุงูุทูุจ #175 ุชููุงุฆูุงู ูุงูุชูุงูู.', 'edit_order.php?id=175', 0, '2025-08-06 19:30:44'),
(1539, 6, 'ุชู ุฅุบูุงู ุงูุทูุจ #175 ุชููุงุฆูุงู ูุงูุชูุงูู.', 'edit_order.php?id=175', 0, '2025-08-06 19:30:44'),
(1540, 1, 'ุชู ุชุฃููุฏ ุงูุชุณููุฉ ุงููุงููุฉ ููุทูุจ #175.', 'edit_order.php?id=175', 0, '2025-08-06 19:30:44'),
(1541, 1, 'ุชู ุฅุบูุงู ุงูุทูุจ #176 ุชููุงุฆูุงู ูุงูุชูุงูู.', 'edit_order.php?id=176', 0, '2025-08-06 19:31:47'),
(1542, 6, 'ุชู ุฅุบูุงู ุงูุทูุจ #176 ุชููุงุฆูุงู ูุงูุชูุงูู.', 'edit_order.php?id=176', 0, '2025-08-06 19:31:47'),
(1543, 1, 'ุชู ุชุฃููุฏ ุงูุชุณููุฉ ุงููุงููุฉ ููุทูุจ #176.', 'edit_order.php?id=176', 0, '2025-08-06 19:31:47'),
(1544, 1, '๐จ ุงููุตูู ุนูุฑ ุงุญูุฏ  ุฃุฑุณู ุงูุทูุจ #177 ุฅูู ูุฑุญูุฉ ุงูุชูููุฐ', 'edit_order.php?id=177', 0, '2025-08-07 06:57:07'),
(1545, 6, '๐จ ุงููุตูู ุนูุฑ ุงุญูุฏ  ุฃุฑุณู ุงูุทูุจ #177 ุฅูู ูุฑุญูุฉ ุงูุชูููุฐ', 'edit_order.php?id=177', 0, '2025-08-07 06:57:07'),
(1546, 4, '๐จ ุงููุตูู ุนูุฑ ุงุญูุฏ  ุฃุฑุณู ุงูุทูุจ #177 ุฅูู ูุฑุญูุฉ ุงูุชูููุฐ', 'edit_order.php?id=177', 0, '2025-08-07 06:57:07'),
(1547, 1, '๐จ ุงููุตูู ุนูุฑ ุงุญูุฏ  ุฃุฑุณู ุงูุทูุจ #179 ุฅูู ูุฑุญูุฉ ุงูุชูููุฐ', 'edit_order.php?id=179', 0, '2025-08-07 07:01:43'),
(1548, 6, '๐จ ุงููุตูู ุนูุฑ ุงุญูุฏ  ุฃุฑุณู ุงูุทูุจ #179 ุฅูู ูุฑุญูุฉ ุงูุชูููุฐ', 'edit_order.php?id=179', 0, '2025-08-07 07:01:43'),
(1549, 4, '๐จ ุงููุตูู ุนูุฑ ุงุญูุฏ  ุฃุฑุณู ุงูุทูุจ #179 ุฅูู ูุฑุญูุฉ ุงูุชูููุฐ', 'edit_order.php?id=179', 0, '2025-08-07 07:01:43'),
(1550, 1, '๐จ ุงููุตูู ุชูููู ุนุจุฏ ุงูุญููู ุฃุฑุณู ุงูุทูุจ #180 ุฅูู ูุฑุญูุฉ ุงูุชูููุฐ', 'edit_order.php?id=180', 0, '2025-08-07 07:35:52'),
(1551, 6, '๐จ ุงููุตูู ุชูููู ุนุจุฏ ุงูุญููู ุฃุฑุณู ุงูุทูุจ #180 ุฅูู ูุฑุญูุฉ ุงูุชูููุฐ', 'edit_order.php?id=180', 0, '2025-08-07 07:35:52'),
(1552, 4, '๐จ ุงููุตูู ุชูููู ุนุจุฏ ุงูุญููู ุฃุฑุณู ุงูุทูุจ #180 ุฅูู ูุฑุญูุฉ ุงูุชูููุฐ', 'edit_order.php?id=180', 0, '2025-08-07 07:35:52'),
(1553, 1, '๐จ ุงููุตูู ุชูููู ุนุจุฏ ุงูุญููู ุฃุฑุณู ุงูุทูุจ #181 ุฅูู ูุฑุญูุฉ ุงูุชูููุฐ', 'edit_order.php?id=181', 0, '2025-08-07 07:35:59'),
(1554, 6, '๐จ ุงููุตูู ุชูููู ุนุจุฏ ุงูุญููู ุฃุฑุณู ุงูุทูุจ #181 ุฅูู ูุฑุญูุฉ ุงูุชูููุฐ', 'edit_order.php?id=181', 0, '2025-08-07 07:35:59'),
(1555, 4, '๐จ ุงููุตูู ุชูููู ุนุจุฏ ุงูุญููู ุฃุฑุณู ุงูุทูุจ #181 ุฅูู ูุฑุญูุฉ ุงูุชูููุฐ', 'edit_order.php?id=181', 0, '2025-08-07 07:35:59'),
(1556, 1, '๐จ ุงููุตูู ุนูุฑ ุงุญูุฏ  ุฃุฑุณู ุงูุทูุจ #182 ุฅูู ูุฑุญูุฉ ุงูุชูููุฐ', 'edit_order.php?id=182', 0, '2025-08-07 08:14:17'),
(1557, 6, '๐จ ุงููุตูู ุนูุฑ ุงุญูุฏ  ุฃุฑุณู ุงูุทูุจ #182 ุฅูู ูุฑุญูุฉ ุงูุชูููุฐ', 'edit_order.php?id=182', 0, '2025-08-07 08:14:17'),
(1558, 4, '๐จ ุงููุตูู ุนูุฑ ุงุญูุฏ  ุฃุฑุณู ุงูุทูุจ #182 ุฅูู ูุฑุญูุฉ ุงูุชูููุฐ', 'edit_order.php?id=182', 0, '2025-08-07 08:14:17'),
(1559, 1, '๐จ ุงููุตูู ุชูููู ุนุจุฏ ุงูุญููู ุฃุฑุณู ุงูุทูุจ #183 ุฅูู ูุฑุญูุฉ ุงูุชูููุฐ', 'edit_order.php?id=183', 0, '2025-08-07 08:21:47'),
(1560, 6, '๐จ ุงููุตูู ุชูููู ุนุจุฏ ุงูุญููู ุฃุฑุณู ุงูุทูุจ #183 ุฅูู ูุฑุญูุฉ ุงูุชูููุฐ', 'edit_order.php?id=183', 0, '2025-08-07 08:21:47'),
(1561, 4, '๐จ ุงููุตูู ุชูููู ุนุจุฏ ุงูุญููู ุฃุฑุณู ุงูุทูุจ #183 ุฅูู ูุฑุญูุฉ ุงูุชูููุฐ', 'edit_order.php?id=183', 0, '2025-08-07 08:21:47'),
(1562, 1, '๐จ ุงููุตูู ุชูููู ุนุจุฏ ุงูุญููู ุฃุฑุณู ุงูุทูุจ #184 ุฅูู ูุฑุญูุฉ ุงูุชูููุฐ', 'edit_order.php?id=184', 0, '2025-08-07 08:21:52'),
(1563, 6, '๐จ ุงููุตูู ุชูููู ุนุจุฏ ุงูุญููู ุฃุฑุณู ุงูุทูุจ #184 ุฅูู ูุฑุญูุฉ ุงูุชูููุฐ', 'edit_order.php?id=184', 0, '2025-08-07 08:21:52'),
(1564, 4, '๐จ ุงููุตูู ุชูููู ุนุจุฏ ุงูุญููู ุฃุฑุณู ุงูุทูุจ #184 ุฅูู ูุฑุญูุฉ ุงูุชูููุฐ', 'edit_order.php?id=184', 0, '2025-08-07 08:21:52'),
(1565, 1, '๐ฆ ุญุณุงู ุงูุดูุฎ ุฃูุฏ ุงุณุชูุงู ุงูุนููู ููุทูุจ #146', 'edit_order.php?id=146', 0, '2025-08-07 14:59:40'),
(1566, 6, '๐ฆ ุญุณุงู ุงูุดูุฎ ุฃูุฏ ุงุณุชูุงู ุงูุนููู ููุทูุจ #146', 'edit_order.php?id=146', 0, '2025-08-07 14:59:40'),
(1567, 5, '๐ฆ ุญุณุงู ุงูุดูุฎ ุฃูุฏ ุงุณุชูุงู ุงูุนููู ููุทูุจ #146', 'edit_order.php?id=146', 0, '2025-08-07 14:59:40'),
(1568, 1, '๐ฆ ุญุณุงู ุงูุดูุฎ ุฃูุฏ ุงุณุชูุงู ุงูุนููู ููุทูุจ #148', 'edit_order.php?id=148', 0, '2025-08-07 14:59:44'),
(1569, 6, '๐ฆ ุญุณุงู ุงูุดูุฎ ุฃูุฏ ุงุณุชูุงู ุงูุนููู ููุทูุจ #148', 'edit_order.php?id=148', 0, '2025-08-07 14:59:44'),
(1570, 5, '๐ฆ ุญุณุงู ุงูุดูุฎ ุฃูุฏ ุงุณุชูุงู ุงูุนููู ููุทูุจ #148', 'edit_order.php?id=148', 0, '2025-08-07 14:59:44'),
(1571, 1, '๐ฆ ุญุณุงู ุงูุดูุฎ ุฃูุฏ ุงุณุชูุงู ุงูุนููู ููุทูุจ #149', 'edit_order.php?id=149', 0, '2025-08-07 14:59:46'),
(1572, 6, '๐ฆ ุญุณุงู ุงูุดูุฎ ุฃูุฏ ุงุณุชูุงู ุงูุนููู ููุทูุจ #149', 'edit_order.php?id=149', 0, '2025-08-07 14:59:46'),
(1573, 5, '๐ฆ ุญุณุงู ุงูุดูุฎ ุฃูุฏ ุงุณุชูุงู ุงูุนููู ููุทูุจ #149', 'edit_order.php?id=149', 0, '2025-08-07 14:59:46'),
(1574, 1, '๐ฆ ุญุณุงู ุงูุดูุฎ ุฃูุฏ ุงุณุชูุงู ุงูุนููู ููุทูุจ #152', 'edit_order.php?id=152', 0, '2025-08-07 14:59:48'),
(1575, 6, '๐ฆ ุญุณุงู ุงูุดูุฎ ุฃูุฏ ุงุณุชูุงู ุงูุนููู ููุทูุจ #152', 'edit_order.php?id=152', 0, '2025-08-07 14:59:48'),
(1576, 5, '๐ฆ ุญุณุงู ุงูุดูุฎ ุฃูุฏ ุงุณุชูุงู ุงูุนููู ููุทูุจ #152', 'edit_order.php?id=152', 0, '2025-08-07 14:59:48'),
(1577, 1, '๐ฆ ุญุณุงู ุงูุดูุฎ ุฃูุฏ ุงุณุชูุงู ุงูุนููู ููุทูุจ #151', 'edit_order.php?id=151', 0, '2025-08-07 14:59:50'),
(1578, 6, '๐ฆ ุญุณุงู ุงูุดูุฎ ุฃูุฏ ุงุณุชูุงู ุงูุนููู ููุทูุจ #151', 'edit_order.php?id=151', 0, '2025-08-07 14:59:50'),
(1579, 5, '๐ฆ ุญุณุงู ุงูุดูุฎ ุฃูุฏ ุงุณุชูุงู ุงูุนููู ููุทูุจ #151', 'edit_order.php?id=151', 0, '2025-08-07 14:59:50'),
(1580, 1, '๐ฆ ุญุณุงู ุงูุดูุฎ ุฃูุฏ ุงุณุชูุงู ุงูุนููู ููุทูุจ #150', 'edit_order.php?id=150', 0, '2025-08-07 14:59:52'),
(1581, 6, '๐ฆ ุญุณุงู ุงูุดูุฎ ุฃูุฏ ุงุณุชูุงู ุงูุนููู ููุทูุจ #150', 'edit_order.php?id=150', 0, '2025-08-07 14:59:52'),
(1582, 5, '๐ฆ ุญุณุงู ุงูุดูุฎ ุฃูุฏ ุงุณุชูุงู ุงูุนููู ููุทูุจ #150', 'edit_order.php?id=150', 0, '2025-08-07 14:59:52'),
(1583, 1, 'โ ุญุณุงู ุงูุดูุฎ ุฃููู ุชูููุฐ ุงูุทูุจ #153 ูุฃุตุจุญ ุฌุงูุฒุงู ููุชุณููู', 'edit_order.php?id=153', 0, '2025-08-07 14:59:57'),
(1584, 6, 'โ ุญุณุงู ุงูุดูุฎ ุฃููู ุชูููุฐ ุงูุทูุจ #153 ูุฃุตุจุญ ุฌุงูุฒุงู ููุชุณููู', 'edit_order.php?id=153', 0, '2025-08-07 14:59:57'),
(1585, 2, 'โ ุญุณุงู ุงูุดูุฎ ุฃููู ุชูููุฐ ุงูุทูุจ #153 ูุฃุตุจุญ ุฌุงูุฒุงู ููุชุณููู', 'edit_order.php?id=153', 0, '2025-08-07 14:59:57'),
(1586, 1, 'โ ุญุณุงู ุงูุดูุฎ ุฃููู ุชูููุฐ ุงูุทูุจ #155 ูุฃุตุจุญ ุฌุงูุฒุงู ููุชุณููู', 'edit_order.php?id=155', 0, '2025-08-07 15:00:11'),
(1587, 6, 'โ ุญุณุงู ุงูุดูุฎ ุฃููู ุชูููุฐ ุงูุทูุจ #155 ูุฃุตุจุญ ุฌุงูุฒุงู ููุชุณููู', 'edit_order.php?id=155', 0, '2025-08-07 15:00:11'),
(1588, 3, 'โ ุญุณุงู ุงูุดูุฎ ุฃููู ุชูููุฐ ุงูุทูุจ #155 ูุฃุตุจุญ ุฌุงูุฒุงู ููุชุณููู', 'edit_order.php?id=155', 0, '2025-08-07 15:00:11'),
(1589, 1, 'โ ุญุณุงู ุงูุดูุฎ ุฃููู ุชูููุฐ ุงูุทูุจ #156 ูุฃุตุจุญ ุฌุงูุฒุงู ููุชุณููู', 'edit_order.php?id=156', 0, '2025-08-07 15:00:16'),
(1590, 6, 'โ ุญุณุงู ุงูุดูุฎ ุฃููู ุชูููุฐ ุงูุทูุจ #156 ูุฃุตุจุญ ุฌุงูุฒุงู ููุชุณููู', 'edit_order.php?id=156', 0, '2025-08-07 15:00:16'),
(1591, 2, 'โ ุญุณุงู ุงูุดูุฎ ุฃููู ุชูููุฐ ุงูุทูุจ #156 ูุฃุตุจุญ ุฌุงูุฒุงู ููุชุณููู', 'edit_order.php?id=156', 0, '2025-08-07 15:00:16'),
(1592, 1, 'โ ุญุณุงู ุงูุดูุฎ ุฃููู ุชูููุฐ ุงูุทูุจ #160 ูุฃุตุจุญ ุฌุงูุฒุงู ููุชุณููู', 'edit_order.php?id=160', 0, '2025-08-07 15:00:22'),
(1593, 6, 'โ ุญุณุงู ุงูุดูุฎ ุฃููู ุชูููุฐ ุงูุทูุจ #160 ูุฃุตุจุญ ุฌุงูุฒุงู ููุชุณููู', 'edit_order.php?id=160', 0, '2025-08-07 15:00:22'),
(1594, 3, 'โ ุญุณุงู ุงูุดูุฎ ุฃููู ุชูููุฐ ุงูุทูุจ #160 ูุฃุตุจุญ ุฌุงูุฒุงู ููุชุณููู', 'edit_order.php?id=160', 0, '2025-08-07 15:00:22'),
(1595, 1, 'โ ุญุณุงู ุงูุดูุฎ ุฃููู ุชูููุฐ ุงูุทูุจ #161 ูุฃุตุจุญ ุฌุงูุฒุงู ููุชุณููู', 'edit_order.php?id=161', 0, '2025-08-07 15:00:26'),
(1596, 6, 'โ ุญุณุงู ุงูุดูุฎ ุฃููู ุชูููุฐ ุงูุทูุจ #161 ูุฃุตุจุญ ุฌุงูุฒุงู ููุชุณููู', 'edit_order.php?id=161', 0, '2025-08-07 15:00:26'),
(1597, 2, 'โ ุญุณุงู ุงูุดูุฎ ุฃููู ุชูููุฐ ุงูุทูุจ #161 ูุฃุตุจุญ ุฌุงูุฒุงู ููุชุณููู', 'edit_order.php?id=161', 0, '2025-08-07 15:00:26'),
(1598, 1, 'โ ุญุณุงู ุงูุดูุฎ ุฃููู ุชูููุฐ ุงูุทูุจ #162 ูุฃุตุจุญ ุฌุงูุฒุงู ููุชุณููู', 'edit_order.php?id=162', 0, '2025-08-07 15:00:31'),
(1599, 6, 'โ ุญุณุงู ุงูุดูุฎ ุฃููู ุชูููุฐ ุงูุทูุจ #162 ูุฃุตุจุญ ุฌุงูุฒุงู ููุชุณููู', 'edit_order.php?id=162', 0, '2025-08-07 15:00:31'),
(1600, 2, 'โ ุญุณุงู ุงูุดูุฎ ุฃููู ุชูููุฐ ุงูุทูุจ #162 ูุฃุตุจุญ ุฌุงูุฒุงู ููุชุณููู', 'edit_order.php?id=162', 0, '2025-08-07 15:00:31'),
(1601, 1, 'โ ุญุณุงู ุงูุดูุฎ ุฃููู ุชูููุฐ ุงูุทูุจ #163 ูุฃุตุจุญ ุฌุงูุฒุงู ููุชุณููู', 'edit_order.php?id=163', 0, '2025-08-07 15:00:37'),
(1602, 6, 'โ ุญุณุงู ุงูุดูุฎ ุฃููู ุชูููุฐ ุงูุทูุจ #163 ูุฃุตุจุญ ุฌุงูุฒุงู ููุชุณููู', 'edit_order.php?id=163', 0, '2025-08-07 15:00:37'),
(1603, 2, 'โ ุญุณุงู ุงูุดูุฎ ุฃููู ุชูููุฐ ุงูุทูุจ #163 ูุฃุตุจุญ ุฌุงูุฒุงู ููุชุณููู', 'edit_order.php?id=163', 0, '2025-08-07 15:00:37'),
(1604, 1, 'โ ุญุณุงู ุงูุดูุฎ ุฃููู ุชูููุฐ ุงูุทูุจ #164 ูุฃุตุจุญ ุฌุงูุฒุงู ููุชุณููู', 'edit_order.php?id=164', 0, '2025-08-07 15:00:43'),
(1605, 6, 'โ ุญุณุงู ุงูุดูุฎ ุฃููู ุชูููุฐ ุงูุทูุจ #164 ูุฃุตุจุญ ุฌุงูุฒุงู ููุชุณููู', 'edit_order.php?id=164', 0, '2025-08-07 15:00:43'),
(1606, 2, 'โ ุญุณุงู ุงูุดูุฎ ุฃููู ุชูููุฐ ุงูุทูุจ #164 ูุฃุตุจุญ ุฌุงูุฒุงู ููุชุณููู', 'edit_order.php?id=164', 0, '2025-08-07 15:00:43'),
(1607, 1, 'โ ุญุณุงู ุงูุดูุฎ ุฃููู ุชูููุฐ ุงูุทูุจ #165 ูุฃุตุจุญ ุฌุงูุฒุงู ููุชุณููู', 'edit_order.php?id=165', 0, '2025-08-07 15:00:47'),
(1608, 6, 'โ ุญุณุงู ุงูุดูุฎ ุฃููู ุชูููุฐ ุงูุทูุจ #165 ูุฃุตุจุญ ุฌุงูุฒุงู ููุชุณููู', 'edit_order.php?id=165', 0, '2025-08-07 15:00:47'),
(1609, 2, 'โ ุญุณุงู ุงูุดูุฎ ุฃููู ุชูููุฐ ุงูุทูุจ #165 ูุฃุตุจุญ ุฌุงูุฒุงู ููุชุณููู', 'edit_order.php?id=165', 0, '2025-08-07 15:00:47'),
(1610, 1, 'โ ุญุณุงู ุงูุดูุฎ ุฃููู ุชูููุฐ ุงูุทูุจ #166 ูุฃุตุจุญ ุฌุงูุฒุงู ููุชุณููู', 'edit_order.php?id=166', 0, '2025-08-07 15:00:53'),
(1611, 6, 'โ ุญุณุงู ุงูุดูุฎ ุฃููู ุชูููุฐ ุงูุทูุจ #166 ูุฃุตุจุญ ุฌุงูุฒุงู ููุชุณููู', 'edit_order.php?id=166', 0, '2025-08-07 15:00:53'),
(1612, 2, 'โ ุญุณุงู ุงูุดูุฎ ุฃููู ุชูููุฐ ุงูุทูุจ #166 ูุฃุตุจุญ ุฌุงูุฒุงู ููุชุณููู', 'edit_order.php?id=166', 0, '2025-08-07 15:00:53'),
(1613, 1, 'โ ุญุณุงู ุงูุดูุฎ ุฃููู ุชูููุฐ ุงูุทูุจ #167 ูุฃุตุจุญ ุฌุงูุฒุงู ููุชุณููู', 'edit_order.php?id=167', 0, '2025-08-07 15:00:58'),
(1614, 6, 'โ ุญุณุงู ุงูุดูุฎ ุฃููู ุชูููุฐ ุงูุทูุจ #167 ูุฃุตุจุญ ุฌุงูุฒุงู ููุชุณููู', 'edit_order.php?id=167', 0, '2025-08-07 15:00:58'),
(1615, 3, 'โ ุญุณุงู ุงูุดูุฎ ุฃููู ุชูููุฐ ุงูุทูุจ #167 ูุฃุตุจุญ ุฌุงูุฒุงู ููุชุณููู', 'edit_order.php?id=167', 0, '2025-08-07 15:00:58'),
(1616, 1, 'โ ุญุณุงู ุงูุดูุฎ ุฃููู ุชูููุฐ ุงูุทูุจ #174 ูุฃุตุจุญ ุฌุงูุฒุงู ููุชุณููู', 'edit_order.php?id=174', 0, '2025-08-07 15:01:02'),
(1617, 6, 'โ ุญุณุงู ุงูุดูุฎ ุฃููู ุชูููุฐ ุงูุทูุจ #174 ูุฃุตุจุญ ุฌุงูุฒุงู ููุชุณููู', 'edit_order.php?id=174', 0, '2025-08-07 15:01:02'),
(1618, 3, 'โ ุญุณุงู ุงูุดูุฎ ุฃููู ุชูููุฐ ุงูุทูุจ #174 ูุฃุตุจุญ ุฌุงูุฒุงู ููุชุณููู', 'edit_order.php?id=174', 0, '2025-08-07 15:01:02'),
(1619, 1, 'โ ุญุณุงู ุงูุดูุฎ ุฃููู ุชูููุฐ ุงูุทูุจ #169 ูุฃุตุจุญ ุฌุงูุฒุงู ููุชุณููู', 'edit_order.php?id=169', 0, '2025-08-07 15:01:06'),
(1620, 6, 'โ ุญุณุงู ุงูุดูุฎ ุฃููู ุชูููุฐ ุงูุทูุจ #169 ูุฃุตุจุญ ุฌุงูุฒุงู ููุชุณููู', 'edit_order.php?id=169', 0, '2025-08-07 15:01:06'),
(1621, 3, 'โ ุญุณุงู ุงูุดูุฎ ุฃููู ุชูููุฐ ุงูุทูุจ #169 ูุฃุตุจุญ ุฌุงูุฒุงู ููุชุณููู', 'edit_order.php?id=169', 0, '2025-08-07 15:01:06'),
(1622, 1, 'โ ุญุณุงู ุงูุดูุฎ ุฃููู ุชูููุฐ ุงูุทูุจ #177 ูุฃุตุจุญ ุฌุงูุฒุงู ููุชุณููู', 'edit_order.php?id=177', 0, '2025-08-07 15:01:12'),
(1623, 6, 'โ ุญุณุงู ุงูุดูุฎ ุฃููู ุชูููุฐ ุงูุทูุจ #177 ูุฃุตุจุญ ุฌุงูุฒุงู ููุชุณููู', 'edit_order.php?id=177', 0, '2025-08-07 15:01:12'),
(1624, 3, 'โ ุญุณุงู ุงูุดูุฎ ุฃููู ุชูููุฐ ุงูุทูุจ #177 ูุฃุตุจุญ ุฌุงูุฒุงู ููุชุณููู', 'edit_order.php?id=177', 0, '2025-08-07 15:01:12'),
(1625, 1, 'โ ุญุณุงู ุงูุดูุฎ ุฃููู ุชูููุฐ ุงูุทูุจ #168 ูุฃุตุจุญ ุฌุงูุฒุงู ููุชุณููู', 'edit_order.php?id=168', 0, '2025-08-07 15:01:16'),
(1626, 6, 'โ ุญุณุงู ุงูุดูุฎ ุฃููู ุชูููุฐ ุงูุทูุจ #168 ูุฃุตุจุญ ุฌุงูุฒุงู ููุชุณููู', 'edit_order.php?id=168', 0, '2025-08-07 15:01:16'),
(1627, 3, 'โ ุญุณุงู ุงูุดูุฎ ุฃููู ุชูููุฐ ุงูุทูุจ #168 ูุฃุตุจุญ ุฌุงูุฒุงู ููุชุณููู', 'edit_order.php?id=168', 0, '2025-08-07 15:01:16'),
(1628, 1, 'โ ุญุณุงู ุงูุดูุฎ ุฃููู ุชูููุฐ ุงูุทูุจ #179 ูุฃุตุจุญ ุฌุงูุฒุงู ููุชุณููู', 'edit_order.php?id=179', 0, '2025-08-07 15:01:22'),
(1629, 6, 'โ ุญุณุงู ุงูุดูุฎ ุฃููู ุชูููุฐ ุงูุทูุจ #179 ูุฃุตุจุญ ุฌุงูุฒุงู ููุชุณููู', 'edit_order.php?id=179', 0, '2025-08-07 15:01:22'),
(1630, 3, 'โ ุญุณุงู ุงูุดูุฎ ุฃููู ุชูููุฐ ุงูุทูุจ #179 ูุฃุตุจุญ ุฌุงูุฒุงู ููุชุณููู', 'edit_order.php?id=179', 0, '2025-08-07 15:01:22'),
(1631, 1, 'โ ุญุณุงู ุงูุดูุฎ ุฃููู ุชูููุฐ ุงูุทูุจ #180 ูุฃุตุจุญ ุฌุงูุฒุงู ููุชุณููู', 'edit_order.php?id=180', 0, '2025-08-07 15:01:27'),
(1632, 6, 'โ ุญุณุงู ุงูุดูุฎ ุฃููู ุชูููุฐ ุงูุทูุจ #180 ูุฃุตุจุญ ุฌุงูุฒุงู ููุชุณููู', 'edit_order.php?id=180', 0, '2025-08-07 15:01:27'),
(1633, 2, 'โ ุญุณุงู ุงูุดูุฎ ุฃููู ุชูููุฐ ุงูุทูุจ #180 ูุฃุตุจุญ ุฌุงูุฒุงู ููุชุณููู', 'edit_order.php?id=180', 0, '2025-08-07 15:01:27'),
(1634, 1, 'โ ุญุณุงู ุงูุดูุฎ ุฃููู ุชูููุฐ ุงูุทูุจ #181 ูุฃุตุจุญ ุฌุงูุฒุงู ููุชุณููู', 'edit_order.php?id=181', 0, '2025-08-07 15:01:31'),
(1635, 6, 'โ ุญุณุงู ุงูุดูุฎ ุฃููู ุชูููุฐ ุงูุทูุจ #181 ูุฃุตุจุญ ุฌุงูุฒุงู ููุชุณููู', 'edit_order.php?id=181', 0, '2025-08-07 15:01:31'),
(1636, 2, 'โ ุญุณุงู ุงูุดูุฎ ุฃููู ุชูููุฐ ุงูุทูุจ #181 ูุฃุตุจุญ ุฌุงูุฒุงู ููุชุณููู', 'edit_order.php?id=181', 0, '2025-08-07 15:01:31'),
(1637, 1, 'โ ุญุณุงู ุงูุดูุฎ ุฃููู ุชูููุฐ ุงูุทูุจ #182 ูุฃุตุจุญ ุฌุงูุฒุงู ููุชุณููู', 'edit_order.php?id=182', 0, '2025-08-07 15:01:36'),
(1638, 6, 'โ ุญุณุงู ุงูุดูุฎ ุฃููู ุชูููุฐ ุงูุทูุจ #182 ูุฃุตุจุญ ุฌุงูุฒุงู ููุชุณููู', 'edit_order.php?id=182', 0, '2025-08-07 15:01:36'),
(1639, 3, 'โ ุญุณุงู ุงูุดูุฎ ุฃููู ุชูููุฐ ุงูุทูุจ #182 ูุฃุตุจุญ ุฌุงูุฒุงู ููุชุณููู', 'edit_order.php?id=182', 0, '2025-08-07 15:01:36'),
(1640, 1, 'โ ุญุณุงู ุงูุดูุฎ ุฃููู ุชูููุฐ ุงูุทูุจ #183 ูุฃุตุจุญ ุฌุงูุฒุงู ููุชุณููู', 'edit_order.php?id=183', 0, '2025-08-07 15:01:40'),
(1641, 6, 'โ ุญุณุงู ุงูุดูุฎ ุฃููู ุชูููุฐ ุงูุทูุจ #183 ูุฃุตุจุญ ุฌุงูุฒุงู ููุชุณููู', 'edit_order.php?id=183', 0, '2025-08-07 15:01:40'),
(1642, 2, 'โ ุญุณุงู ุงูุดูุฎ ุฃููู ุชูููุฐ ุงูุทูุจ #183 ูุฃุตุจุญ ุฌุงูุฒุงู ููุชุณููู', 'edit_order.php?id=183', 0, '2025-08-07 15:01:40'),
(1643, 1, 'โ ุญุณุงู ุงูุดูุฎ ุฃููู ุชูููุฐ ุงูุทูุจ #184 ูุฃุตุจุญ ุฌุงูุฒุงู ููุชุณููู', 'edit_order.php?id=184', 0, '2025-08-07 15:01:46'),
(1644, 6, 'โ ุญุณุงู ุงูุดูุฎ ุฃููู ุชูููุฐ ุงูุทูุจ #184 ูุฃุตุจุญ ุฌุงูุฒุงู ููุชุณููู', 'edit_order.php?id=184', 0, '2025-08-07 15:01:46'),
(1645, 2, 'โ ุญุณุงู ุงูุดูุฎ ุฃููู ุชูููุฐ ุงูุทูุจ #184 ูุฃุตุจุญ ุฌุงูุฒุงู ููุชุณููู', 'edit_order.php?id=184', 0, '2025-08-07 15:01:46'),
(1646, 1, '๐ฆ ุญุณุงู ุงูุดูุฎ ุฃูุฏ ุงุณุชูุงู ุงูุนููู ููุทูุจ #182', 'edit_order.php?id=182', 0, '2025-08-07 15:02:03'),
(1647, 6, '๐ฆ ุญุณุงู ุงูุดูุฎ ุฃูุฏ ุงุณุชูุงู ุงูุนููู ููุทูุจ #182', 'edit_order.php?id=182', 0, '2025-08-07 15:02:03'),
(1648, 5, '๐ฆ ุญุณุงู ุงูุดูุฎ ุฃูุฏ ุงุณุชูุงู ุงูุนููู ููุทูุจ #182', 'edit_order.php?id=182', 0, '2025-08-07 15:02:03'),
(1649, 1, '๐ฆ ุญุณุงู ุงูุดูุฎ ุฃูุฏ ุงุณุชูุงู ุงูุนููู ููุทูุจ #183', 'edit_order.php?id=183', 0, '2025-08-07 15:02:07'),
(1650, 6, '๐ฆ ุญุณุงู ุงูุดูุฎ ุฃูุฏ ุงุณุชูุงู ุงูุนููู ููุทูุจ #183', 'edit_order.php?id=183', 0, '2025-08-07 15:02:07'),
(1651, 5, '๐ฆ ุญุณุงู ุงูุดูุฎ ุฃูุฏ ุงุณุชูุงู ุงูุนููู ููุทูุจ #183', 'edit_order.php?id=183', 0, '2025-08-07 15:02:07'),
(1655, 1, '๐ฆ ุญุณุงู ุงูุดูุฎ ุฃูุฏ ุงุณุชูุงู ุงูุนููู ููุทูุจ #179', 'edit_order.php?id=179', 0, '2025-08-07 15:02:13'),
(1656, 6, '๐ฆ ุญุณุงู ุงูุดูุฎ ุฃูุฏ ุงุณุชูุงู ุงูุนููู ููุทูุจ #179', 'edit_order.php?id=179', 0, '2025-08-07 15:02:13'),
(1657, 5, '๐ฆ ุญุณุงู ุงูุดูุฎ ุฃูุฏ ุงุณุชูุงู ุงูุนููู ููุทูุจ #179', 'edit_order.php?id=179', 0, '2025-08-07 15:02:13'),
(1658, 1, '๐ฆ ุญุณุงู ุงูุดูุฎ ุฃูุฏ ุงุณุชูุงู ุงูุนููู ููุทูุจ #180', 'edit_order.php?id=180', 0, '2025-08-07 15:02:15'),
(1659, 6, '๐ฆ ุญุณุงู ุงูุดูุฎ ุฃูุฏ ุงุณุชูุงู ุงูุนููู ููุทูุจ #180', 'edit_order.php?id=180', 0, '2025-08-07 15:02:15'),
(1660, 5, '๐ฆ ุญุณุงู ุงูุดูุฎ ุฃูุฏ ุงุณุชูุงู ุงูุนููู ููุทูุจ #180', 'edit_order.php?id=180', 0, '2025-08-07 15:02:15'),
(1661, 1, '๐ฆ ุญุณุงู ุงูุดูุฎ ุฃูุฏ ุงุณุชูุงู ุงูุนููู ููุทูุจ #174', 'edit_order.php?id=174', 0, '2025-08-07 15:02:17'),
(1662, 6, '๐ฆ ุญุณุงู ุงูุดูุฎ ุฃูุฏ ุงุณุชูุงู ุงูุนููู ููุทูุจ #174', 'edit_order.php?id=174', 0, '2025-08-07 15:02:17'),
(1663, 5, '๐ฆ ุญุณุงู ุงูุดูุฎ ุฃูุฏ ุงุณุชูุงู ุงูุนููู ููุทูุจ #174', 'edit_order.php?id=174', 0, '2025-08-07 15:02:17'),
(1664, 1, '๐ฆ ุญุณุงู ุงูุดูุฎ ุฃูุฏ ุงุณุชูุงู ุงูุนููู ููุทูุจ #167', 'edit_order.php?id=167', 0, '2025-08-07 15:02:28'),
(1665, 6, '๐ฆ ุญุณุงู ุงูุดูุฎ ุฃูุฏ ุงุณุชูุงู ุงูุนููู ููุทูุจ #167', 'edit_order.php?id=167', 0, '2025-08-07 15:02:28'),
(1666, 5, '๐ฆ ุญุณุงู ุงูุดูุฎ ุฃูุฏ ุงุณุชูุงู ุงูุนููู ููุทูุจ #167', 'edit_order.php?id=167', 0, '2025-08-07 15:02:28'),
(1667, 1, '๐ฆ ุญุณุงู ุงูุดูุฎ ุฃูุฏ ุงุณุชูุงู ุงูุนููู ููุทูุจ #168', 'edit_order.php?id=168', 0, '2025-08-07 15:02:30'),
(1668, 6, '๐ฆ ุญุณุงู ุงูุดูุฎ ุฃูุฏ ุงุณุชูุงู ุงูุนููู ููุทูุจ #168', 'edit_order.php?id=168', 0, '2025-08-07 15:02:30'),
(1669, 5, '๐ฆ ุญุณุงู ุงูุดูุฎ ุฃูุฏ ุงุณุชูุงู ุงูุนููู ููุทูุจ #168', 'edit_order.php?id=168', 0, '2025-08-07 15:02:30'),
(1670, 1, '๐ฆ ุญุณุงู ุงูุดูุฎ ุฃูุฏ ุงุณุชูุงู ุงูุนููู ููุทูุจ #161', 'edit_order.php?id=161', 0, '2025-08-07 15:02:34'),
(1671, 6, '๐ฆ ุญุณุงู ุงูุดูุฎ ุฃูุฏ ุงุณุชูุงู ุงูุนููู ููุทูุจ #161', 'edit_order.php?id=161', 0, '2025-08-07 15:02:34'),
(1672, 5, '๐ฆ ุญุณุงู ุงูุดูุฎ ุฃูุฏ ุงุณุชูุงู ุงูุนููู ููุทูุจ #161', 'edit_order.php?id=161', 0, '2025-08-07 15:02:34'),
(1673, 1, '๐ฆ ุญุณุงู ุงูุดูุฎ ุฃูุฏ ุงุณุชูุงู ุงูุนููู ููุทูุจ #162', 'edit_order.php?id=162', 0, '2025-08-07 15:02:38'),
(1674, 6, '๐ฆ ุญุณุงู ุงูุดูุฎ ุฃูุฏ ุงุณุชูุงู ุงูุนููู ููุทูุจ #162', 'edit_order.php?id=162', 0, '2025-08-07 15:02:38'),
(1675, 5, '๐ฆ ุญุณุงู ุงูุดูุฎ ุฃูุฏ ุงุณุชูุงู ุงูุนููู ููุทูุจ #162', 'edit_order.php?id=162', 0, '2025-08-07 15:02:38'),
(1676, 1, '๐ฆ ุญุณุงู ุงูุดูุฎ ุฃูุฏ ุงุณุชูุงู ุงูุนููู ููุทูุจ #163', 'edit_order.php?id=163', 0, '2025-08-07 15:02:39'),
(1677, 6, '๐ฆ ุญุณุงู ุงูุดูุฎ ุฃูุฏ ุงุณุชูุงู ุงูุนููู ููุทูุจ #163', 'edit_order.php?id=163', 0, '2025-08-07 15:02:39'),
(1678, 5, '๐ฆ ุญุณุงู ุงูุดูุฎ ุฃูุฏ ุงุณุชูุงู ุงูุนููู ููุทูุจ #163', 'edit_order.php?id=163', 0, '2025-08-07 15:02:39'),
(1679, 1, '๐ฆ ุญุณุงู ุงูุดูุฎ ุฃูุฏ ุงุณุชูุงู ุงูุนููู ููุทูุจ #160', 'edit_order.php?id=160', 0, '2025-08-07 15:02:42'),
(1680, 6, '๐ฆ ุญุณุงู ุงูุดูุฎ ุฃูุฏ ุงุณุชูุงู ุงูุนููู ููุทูุจ #160', 'edit_order.php?id=160', 0, '2025-08-07 15:02:42'),
(1681, 5, '๐ฆ ุญุณุงู ุงูุดูุฎ ุฃูุฏ ุงุณุชูุงู ุงูุนููู ููุทูุจ #160', 'edit_order.php?id=160', 0, '2025-08-07 15:02:42'),
(1682, 1, '๐ฆ ุญุณุงู ุงูุดูุฎ ุฃูุฏ ุงุณุชูุงู ุงูุนููู ููุทูุจ #164', 'edit_order.php?id=164', 0, '2025-08-07 15:02:43'),
(1683, 6, '๐ฆ ุญุณุงู ุงูุดูุฎ ุฃูุฏ ุงุณุชูุงู ุงูุนููู ููุทูุจ #164', 'edit_order.php?id=164', 0, '2025-08-07 15:02:43'),
(1684, 5, '๐ฆ ุญุณุงู ุงูุดูุฎ ุฃูุฏ ุงุณุชูุงู ุงูุนููู ููุทูุจ #164', 'edit_order.php?id=164', 0, '2025-08-07 15:02:43'),
(1685, 1, '๐ฆ ุญุณุงู ุงูุดูุฎ ุฃูุฏ ุงุณุชูุงู ุงูุนููู ููุทูุจ #158', 'edit_order.php?id=158', 0, '2025-08-07 15:02:45'),
(1686, 6, '๐ฆ ุญุณุงู ุงูุดูุฎ ุฃูุฏ ุงุณุชูุงู ุงูุนููู ููุทูุจ #158', 'edit_order.php?id=158', 0, '2025-08-07 15:02:45'),
(1687, 5, '๐ฆ ุญุณุงู ุงูุดูุฎ ุฃูุฏ ุงุณุชูุงู ุงูุนููู ููุทูุจ #158', 'edit_order.php?id=158', 0, '2025-08-07 15:02:45'),
(1688, 1, '๐ฆ ุญุณุงู ุงูุดูุฎ ุฃูุฏ ุงุณุชูุงู ุงูุนููู ููุทูุจ #159', 'edit_order.php?id=159', 0, '2025-08-07 15:02:47'),
(1689, 6, '๐ฆ ุญุณุงู ุงูุดูุฎ ุฃูุฏ ุงุณุชูุงู ุงูุนููู ููุทูุจ #159', 'edit_order.php?id=159', 0, '2025-08-07 15:02:47'),
(1690, 5, '๐ฆ ุญุณุงู ุงูุดูุฎ ุฃูุฏ ุงุณุชูุงู ุงูุนููู ููุทูุจ #159', 'edit_order.php?id=159', 0, '2025-08-07 15:02:47'),
(1691, 1, '๐ฆ ุญุณุงู ุงูุดูุฎ ุฃูุฏ ุงุณุชูุงู ุงูุนููู ููุทูุจ #157', 'edit_order.php?id=157', 0, '2025-08-07 15:02:49'),
(1692, 6, '๐ฆ ุญุณุงู ุงูุดูุฎ ุฃูุฏ ุงุณุชูุงู ุงูุนููู ููุทูุจ #157', 'edit_order.php?id=157', 0, '2025-08-07 15:02:49'),
(1693, 5, '๐ฆ ุญุณุงู ุงูุดูุฎ ุฃูุฏ ุงุณุชูุงู ุงูุนููู ููุทูุจ #157', 'edit_order.php?id=157', 0, '2025-08-07 15:02:49'),
(1697, 1, '๐ฆ ุญุณุงู ุงูุดูุฎ ุฃูุฏ ุงุณุชูุงู ุงูุนููู ููุทูุจ #165', 'edit_order.php?id=165', 0, '2025-08-07 15:02:53'),
(1698, 6, '๐ฆ ุญุณุงู ุงูุดูุฎ ุฃูุฏ ุงุณุชูุงู ุงูุนููู ููุทูุจ #165', 'edit_order.php?id=165', 0, '2025-08-07 15:02:53'),
(1699, 5, '๐ฆ ุญุณุงู ุงูุดูุฎ ุฃูุฏ ุงุณุชูุงู ุงูุนููู ููุทูุจ #165', 'edit_order.php?id=165', 0, '2025-08-07 15:02:53'),
(1700, 1, '๐ฆ ุญุณุงู ุงูุดูุฎ ุฃูุฏ ุงุณุชูุงู ุงูุนููู ููุทูุจ #166', 'edit_order.php?id=166', 0, '2025-08-07 15:02:55'),
(1701, 6, '๐ฆ ุญุณุงู ุงูุดูุฎ ุฃูุฏ ุงุณุชูุงู ุงูุนููู ููุทูุจ #166', 'edit_order.php?id=166', 0, '2025-08-07 15:02:55'),
(1702, 5, '๐ฆ ุญุณุงู ุงูุดูุฎ ุฃูุฏ ุงุณุชูุงู ุงูุนููู ููุทูุจ #166', 'edit_order.php?id=166', 0, '2025-08-07 15:02:55'),
(1703, 1, '๐ฆ ุญุณุงู ุงูุดูุฎ ุฃูุฏ ุงุณุชูุงู ุงูุนููู ููุทูุจ #177', 'edit_order.php?id=177', 0, '2025-08-07 15:02:57'),
(1704, 6, '๐ฆ ุญุณุงู ุงูุดูุฎ ุฃูุฏ ุงุณุชูุงู ุงูุนููู ููุทูุจ #177', 'edit_order.php?id=177', 0, '2025-08-07 15:02:57'),
(1705, 5, '๐ฆ ุญุณุงู ุงูุดูุฎ ุฃูุฏ ุงุณุชูุงู ุงูุนููู ููุทูุจ #177', 'edit_order.php?id=177', 0, '2025-08-07 15:02:57'),
(1706, 1, '๐ฆ ุญุณุงู ุงูุดูุฎ ุฃูุฏ ุงุณุชูุงู ุงูุนููู ููุทูุจ #155', 'edit_order.php?id=155', 0, '2025-08-07 15:02:58'),
(1707, 6, '๐ฆ ุญุณุงู ุงูุดูุฎ ุฃูุฏ ุงุณุชูุงู ุงูุนููู ููุทูุจ #155', 'edit_order.php?id=155', 0, '2025-08-07 15:02:58'),
(1708, 5, '๐ฆ ุญุณุงู ุงูุดูุฎ ุฃูุฏ ุงุณุชูุงู ุงูุนููู ููุทูุจ #155', 'edit_order.php?id=155', 0, '2025-08-07 15:02:58'),
(1709, 1, '๐ฆ ุญุณุงู ุงูุดูุฎ ุฃูุฏ ุงุณุชูุงู ุงูุนููู ููุทูุจ #184', 'edit_order.php?id=184', 0, '2025-08-07 15:03:00'),
(1710, 6, '๐ฆ ุญุณุงู ุงูุดูุฎ ุฃูุฏ ุงุณุชูุงู ุงูุนููู ููุทูุจ #184', 'edit_order.php?id=184', 0, '2025-08-07 15:03:00'),
(1711, 5, '๐ฆ ุญุณุงู ุงูุดูุฎ ุฃูุฏ ุงุณุชูุงู ุงูุนููู ููุทูุจ #184', 'edit_order.php?id=184', 0, '2025-08-07 15:03:00'),
(1712, 1, '๐ฆ ุญุณุงู ุงูุดูุฎ ุฃูุฏ ุงุณุชูุงู ุงูุนููู ููุทูุจ #156', 'edit_order.php?id=156', 0, '2025-08-07 15:03:05'),
(1713, 6, '๐ฆ ุญุณุงู ุงูุดูุฎ ุฃูุฏ ุงุณุชูุงู ุงูุนููู ููุทูุจ #156', 'edit_order.php?id=156', 0, '2025-08-07 15:03:05'),
(1714, 5, '๐ฆ ุญุณุงู ุงูุดูุฎ ุฃูุฏ ุงุณุชูุงู ุงูุนููู ููุทูุจ #156', 'edit_order.php?id=156', 0, '2025-08-07 15:03:05'),
(1715, 1, '๐ฆ ุญุณุงู ุงูุดูุฎ ุฃูุฏ ุงุณุชูุงู ุงูุนููู ููุทูุจ #153', 'edit_order.php?id=153', 0, '2025-08-07 15:03:09'),
(1716, 6, '๐ฆ ุญุณุงู ุงูุดูุฎ ุฃูุฏ ุงุณุชูุงู ุงูุนููู ููุทูุจ #153', 'edit_order.php?id=153', 0, '2025-08-07 15:03:09'),
(1717, 5, '๐ฆ ุญุณุงู ุงูุดูุฎ ุฃูุฏ ุงุณุชูุงู ุงูุนููู ููุทูุจ #153', 'edit_order.php?id=153', 0, '2025-08-07 15:03:09'),
(1718, 1, '๐ฆ ุญุณุงู ุงูุดูุฎ ุฃูุฏ ุงุณุชูุงู ุงูุนููู ููุทูุจ #181', 'edit_order.php?id=181', 0, '2025-08-07 15:03:13'),
(1719, 6, '๐ฆ ุญุณุงู ุงูุดูุฎ ุฃูุฏ ุงุณุชูุงู ุงูุนููู ููุทูุจ #181', 'edit_order.php?id=181', 0, '2025-08-07 15:03:13'),
(1720, 5, '๐ฆ ุญุณุงู ุงูุดูุฎ ุฃูุฏ ุงุณุชูุงู ุงูุนููู ููุทูุจ #181', 'edit_order.php?id=181', 0, '2025-08-07 15:03:13'),
(1721, 1, '๐ฆ ุญุณุงู ุงูุดูุฎ ุฃูุฏ ุงุณุชูุงู ุงูุนููู ููุทูุจ #169', 'edit_order.php?id=169', 0, '2025-08-07 15:03:20'),
(1722, 6, '๐ฆ ุญุณุงู ุงูุดูุฎ ุฃูุฏ ุงุณุชูุงู ุงูุนููู ููุทูุจ #169', 'edit_order.php?id=169', 0, '2025-08-07 15:03:20'),
(1723, 5, '๐ฆ ุญุณุงู ุงูุดูุฎ ุฃูุฏ ุงุณุชูุงู ุงูุนููู ููุทูุจ #169', 'edit_order.php?id=169', 0, '2025-08-07 15:03:20'),
(1724, 1, '๐จ ุงููุตูู ุนูุฑ ุงุญูุฏ  ุฃุฑุณู ุงูุทูุจ #185 ุฅูู ูุฑุญูุฉ ุงูุชูููุฐ', 'edit_order.php?id=185', 0, '2025-08-07 15:05:58'),
(1725, 6, '๐จ ุงููุตูู ุนูุฑ ุงุญูุฏ  ุฃุฑุณู ุงูุทูุจ #185 ุฅูู ูุฑุญูุฉ ุงูุชูููุฐ', 'edit_order.php?id=185', 0, '2025-08-07 15:05:58'),
(1726, 4, '๐จ ุงููุตูู ุนูุฑ ุงุญูุฏ  ุฃุฑุณู ุงูุทูุจ #185 ุฅูู ูุฑุญูุฉ ุงูุชูููุฐ', 'edit_order.php?id=185', 0, '2025-08-07 15:05:58'),
(1727, 1, 'ุชู ุฅุบูุงู ุงูุทูุจ #79 ุชููุงุฆูุงู ูุงูุชูุงูู.', 'edit_order.php?id=79', 0, '2025-08-07 15:59:28'),
(1728, 6, 'ุชู ุฅุบูุงู ุงูุทูุจ #79 ุชููุงุฆูุงู ูุงูุชูุงูู.', 'edit_order.php?id=79', 0, '2025-08-07 15:59:28'),
(1729, 1, 'ุชู ุชุฃููุฏ ุงูุชุณููุฉ ุงููุงููุฉ ููุทูุจ #79.', 'edit_order.php?id=79', 0, '2025-08-07 15:59:28'),
(1730, 1, '๐จ ุงููุตูู ุนูุฑ ุงุญูุฏ  ุฃุฑุณู ุงูุทูุจ #186 ุฅูู ูุฑุญูุฉ ุงูุชูููุฐ', 'edit_order.php?id=186', 0, '2025-08-07 17:39:25'),
(1731, 6, '๐จ ุงููุตูู ุนูุฑ ุงุญูุฏ  ุฃุฑุณู ุงูุทูุจ #186 ุฅูู ูุฑุญูุฉ ุงูุชูููุฐ', 'edit_order.php?id=186', 0, '2025-08-07 17:39:25'),
(1732, 4, '๐จ ุงููุตูู ุนูุฑ ุงุญูุฏ  ุฃุฑุณู ุงูุทูุจ #186 ุฅูู ูุฑุญูุฉ ุงูุชูููุฐ', 'edit_order.php?id=186', 0, '2025-08-07 17:39:25'),
(1733, 1, '๐จ ุงููุตูู ุนูุฑ ุงุญูุฏ  ุฃุฑุณู ุงูุทูุจ #187 ุฅูู ูุฑุญูุฉ ุงูุชูููุฐ', 'edit_order.php?id=187', 0, '2025-08-07 17:41:56'),
(1734, 6, '๐จ ุงููุตูู ุนูุฑ ุงุญูุฏ  ุฃุฑุณู ุงูุทูุจ #187 ุฅูู ูุฑุญูุฉ ุงูุชูููุฐ', 'edit_order.php?id=187', 0, '2025-08-07 17:41:56'),
(1735, 4, '๐จ ุงููุตูู ุนูุฑ ุงุญูุฏ  ุฃุฑุณู ุงูุทูุจ #187 ุฅูู ูุฑุญูุฉ ุงูุชูููุฐ', 'edit_order.php?id=187', 0, '2025-08-07 17:41:56'),
(1736, 1, '๐จ ุงููุตูู ุนูุฑ ุงุญูุฏ  ุฃุฑุณู ุงูุทูุจ #188 ุฅูู ูุฑุญูุฉ ุงูุชูููุฐ', 'edit_order.php?id=188', 0, '2025-08-07 19:13:07'),
(1737, 6, '๐จ ุงููุตูู ุนูุฑ ุงุญูุฏ  ุฃุฑุณู ุงูุทูุจ #188 ุฅูู ูุฑุญูุฉ ุงูุชูููุฐ', 'edit_order.php?id=188', 0, '2025-08-07 19:13:07'),
(1738, 4, '๐จ ุงููุตูู ุนูุฑ ุงุญูุฏ  ุฃุฑุณู ุงูุทูุจ #188 ุฅูู ูุฑุญูุฉ ุงูุชูููุฐ', 'edit_order.php?id=188', 0, '2025-08-07 19:13:07'),
(1739, 1, 'ุชู ุฅุบูุงู ุงูุทูุจ #50 ุชููุงุฆูุงู ูุงูุชูุงูู.', 'edit_order.php?id=50', 0, '2025-08-07 21:05:24'),
(1740, 6, 'ุชู ุฅุบูุงู ุงูุทูุจ #50 ุชููุงุฆูุงู ูุงูุชูุงูู.', 'edit_order.php?id=50', 0, '2025-08-07 21:05:24'),
(1741, 1, 'ุชู ุชุฃููุฏ ุงูุชุณููุฉ ุงููุงููุฉ ููุทูุจ #50.', 'edit_order.php?id=50', 0, '2025-08-07 21:05:24'),
(1742, 1, '๐จ ุงููุตูู admin ุฃุฑุณู ุงูุทูุจ #92 ุฅูู ูุฑุญูุฉ ุงูุชูููุฐ', 'edit_order.php?id=92', 0, '2025-08-07 21:06:01'),
(1743, 4, '๐จ ุงููุตูู admin ุฃุฑุณู ุงูุทูุจ #92 ุฅูู ูุฑุญูุฉ ุงูุชูููุฐ', 'edit_order.php?id=92', 0, '2025-08-07 21:06:01'),
(1744, 1, 'โ admin ุฃููู ุชูููุฐ ุงูุทูุจ #92 ูุฃุตุจุญ ุฌุงูุฒุงู ููุชุณููู', 'edit_order.php?id=92', 0, '2025-08-07 21:06:07'),
(1745, 3, 'โ admin ุฃููู ุชูููุฐ ุงูุทูุจ #92 ูุฃุตุจุญ ุฌุงูุฒุงู ููุชุณููู', 'edit_order.php?id=92', 0, '2025-08-07 21:06:07'),
(1746, 1, 'ุชู ุชุฃููุฏ ุงูุชุณููุฉ ุงููุงููุฉ ููุทูุจ #92.', 'edit_order.php?id=92', 0, '2025-08-07 21:06:15'),
(1747, 1, 'ุชู ุฅุบูุงู ุงูุทูุจ #92 ุชููุงุฆูุงู ูุงูุชูุงูู.', 'edit_order.php?id=92', 0, '2025-08-07 21:06:38'),
(1748, 6, 'ุชู ุฅุบูุงู ุงูุทูุจ #92 ุชููุงุฆูุงู ูุงูุชูุงูู.', 'edit_order.php?id=92', 0, '2025-08-07 21:06:38'),
(1749, 1, '๐ฆ admin ุฃูุฏ ุงุณุชูุงู ุงูุนููู ููุทูุจ #92', 'edit_order.php?id=92', 0, '2025-08-07 21:06:38'),
(1750, 5, '๐ฆ admin ุฃูุฏ ุงุณุชูุงู ุงูุนููู ููุทูุจ #92', 'edit_order.php?id=92', 0, '2025-08-07 21:06:38'),
(1751, 1, 'ุชู ุฅุบูุงู ุงูุทูุจ #97 ุชููุงุฆูุงู ูุงูุชูุงูู.', 'edit_order.php?id=97', 0, '2025-08-07 21:07:05'),
(1752, 6, 'ุชู ุฅุบูุงู ุงูุทูุจ #97 ุชููุงุฆูุงู ูุงูุชูุงูู.', 'edit_order.php?id=97', 0, '2025-08-07 21:07:05'),
(1753, 1, 'ุชู ุชุฃููุฏ ุงูุชุณููุฉ ุงููุงููุฉ ููุทูุจ #97.', 'edit_order.php?id=97', 0, '2025-08-07 21:07:05'),
(1754, 1, 'ุชู ุฅุบูุงู ุงูุทูุจ #102 ุชููุงุฆูุงู ูุงูุชูุงูู.', 'edit_order.php?id=102', 0, '2025-08-07 21:07:19'),
(1755, 6, 'ุชู ุฅุบูุงู ุงูุทูุจ #102 ุชููุงุฆูุงู ูุงูุชูุงูู.', 'edit_order.php?id=102', 0, '2025-08-07 21:07:19'),
(1756, 1, 'ุชู ุชุฃููุฏ ุงูุชุณููุฉ ุงููุงููุฉ ููุทูุจ #102.', 'edit_order.php?id=102', 0, '2025-08-07 21:07:19'),
(1757, 1, 'ุชู ุฅุบูุงู ุงูุทูุจ #104 ุชููุงุฆูุงู ูุงูุชูุงูู.', 'edit_order.php?id=104', 0, '2025-08-07 21:07:26'),
(1758, 6, 'ุชู ุฅุบูุงู ุงูุทูุจ #104 ุชููุงุฆูุงู ูุงูุชูุงูู.', 'edit_order.php?id=104', 0, '2025-08-07 21:07:26'),
(1759, 1, 'ุชู ุชุฃููุฏ ุงูุชุณููุฉ ุงููุงููุฉ ููุทูุจ #104.', 'edit_order.php?id=104', 0, '2025-08-07 21:07:26'),
(1760, 1, 'ุชู ุฅุบูุงู ุงูุทูุจ #106 ุชููุงุฆูุงู ูุงูุชูุงูู.', 'edit_order.php?id=106', 0, '2025-08-07 21:07:43'),
(1761, 6, 'ุชู ุฅุบูุงู ุงูุทูุจ #106 ุชููุงุฆูุงู ูุงูุชูุงูู.', 'edit_order.php?id=106', 0, '2025-08-07 21:07:43'),
(1762, 1, 'ุชู ุชุฃููุฏ ุงูุชุณููุฉ ุงููุงููุฉ ููุทูุจ #106.', 'edit_order.php?id=106', 0, '2025-08-07 21:07:43'),
(1763, 1, 'ุชู ุฅุบูุงู ุงูุทูุจ #107 ุชููุงุฆูุงู ูุงูุชูุงูู.', 'edit_order.php?id=107', 0, '2025-08-07 21:07:55'),
(1764, 6, 'ุชู ุฅุบูุงู ุงูุทูุจ #107 ุชููุงุฆูุงู ูุงูุชูุงูู.', 'edit_order.php?id=107', 0, '2025-08-07 21:07:55'),
(1765, 1, 'ุชู ุชุฃููุฏ ุงูุชุณููุฉ ุงููุงููุฉ ููุทูุจ #107.', 'edit_order.php?id=107', 0, '2025-08-07 21:07:55'),
(1766, 1, 'ุชู ุฅุบูุงู ุงูุทูุจ #108 ุชููุงุฆูุงู ูุงูุชูุงูู.', 'edit_order.php?id=108', 0, '2025-08-07 21:08:10'),
(1767, 6, 'ุชู ุฅุบูุงู ุงูุทูุจ #108 ุชููุงุฆูุงู ูุงูุชูุงูู.', 'edit_order.php?id=108', 0, '2025-08-07 21:08:10'),
(1768, 1, 'ุชู ุชุฃููุฏ ุงูุชุณููุฉ ุงููุงููุฉ ููุทูุจ #108.', 'edit_order.php?id=108', 0, '2025-08-07 21:08:10'),
(1769, 1, 'ุชู ุฅุบูุงู ุงูุทูุจ #109 ุชููุงุฆูุงู ูุงูุชูุงูู.', 'edit_order.php?id=109', 0, '2025-08-07 21:08:27'),
(1770, 6, 'ุชู ุฅุบูุงู ุงูุทูุจ #109 ุชููุงุฆูุงู ูุงูุชูุงูู.', 'edit_order.php?id=109', 0, '2025-08-07 21:08:27'),
(1771, 1, 'ุชู ุชุฃููุฏ ุงูุชุณููุฉ ุงููุงููุฉ ููุทูุจ #109.', 'edit_order.php?id=109', 0, '2025-08-07 21:08:27'),
(1772, 1, 'ุชู ุฅุบูุงู ุงูุทูุจ #110 ุชููุงุฆูุงู ูุงูุชูุงูู.', 'edit_order.php?id=110', 0, '2025-08-07 21:08:49'),
(1773, 6, 'ุชู ุฅุบูุงู ุงูุทูุจ #110 ุชููุงุฆูุงู ูุงูุชูุงูู.', 'edit_order.php?id=110', 0, '2025-08-07 21:08:49'),
(1774, 1, 'ุชู ุชุฃููุฏ ุงูุชุณููุฉ ุงููุงููุฉ ููุทูุจ #110.', 'edit_order.php?id=110', 0, '2025-08-07 21:08:49'),
(1775, 1, 'ุชู ุฅุบูุงู ุงูุทูุจ #112 ุชููุงุฆูุงู ูุงูุชูุงูู.', 'edit_order.php?id=112', 0, '2025-08-07 21:09:25'),
(1776, 6, 'ุชู ุฅุบูุงู ุงูุทูุจ #112 ุชููุงุฆูุงู ูุงูุชูุงูู.', 'edit_order.php?id=112', 0, '2025-08-07 21:09:25'),
(1777, 1, 'ุชู ุชุฃููุฏ ุงูุชุณููุฉ ุงููุงููุฉ ููุทูุจ #112.', 'edit_order.php?id=112', 0, '2025-08-07 21:09:25'),
(1778, 1, 'ุชู ุฅุบูุงู ุงูุทูุจ #113 ุชููุงุฆูุงู ูุงูุชูุงูู.', 'edit_order.php?id=113', 0, '2025-08-07 21:09:34'),
(1779, 6, 'ุชู ุฅุบูุงู ุงูุทูุจ #113 ุชููุงุฆูุงู ูุงูุชูุงูู.', 'edit_order.php?id=113', 0, '2025-08-07 21:09:34'),
(1780, 1, 'ุชู ุชุฃููุฏ ุงูุชุณููุฉ ุงููุงููุฉ ููุทูุจ #113.', 'edit_order.php?id=113', 0, '2025-08-07 21:09:34'),
(1781, 1, 'ุชู ุฅุบูุงู ุงูุทูุจ #115 ุชููุงุฆูุงู ูุงูุชูุงูู.', 'edit_order.php?id=115', 0, '2025-08-07 21:09:48'),
(1782, 6, 'ุชู ุฅุบูุงู ุงูุทูุจ #115 ุชููุงุฆูุงู ูุงูุชูุงูู.', 'edit_order.php?id=115', 0, '2025-08-07 21:09:48'),
(1783, 1, 'ุชู ุชุฃููุฏ ุงูุชุณููุฉ ุงููุงููุฉ ููุทูุจ #115.', 'edit_order.php?id=115', 0, '2025-08-07 21:09:48'),
(1784, 1, 'ุชู ุฅุบูุงู ุงูุทูุจ #116 ุชููุงุฆูุงู ูุงูุชูุงูู.', 'edit_order.php?id=116', 0, '2025-08-07 21:10:04'),
(1785, 6, 'ุชู ุฅุบูุงู ุงูุทูุจ #116 ุชููุงุฆูุงู ูุงูุชูุงูู.', 'edit_order.php?id=116', 0, '2025-08-07 21:10:04'),
(1786, 1, 'ุชู ุชุฃููุฏ ุงูุชุณููุฉ ุงููุงููุฉ ููุทูุจ #116.', 'edit_order.php?id=116', 0, '2025-08-07 21:10:04'),
(1787, 1, 'ุชู ุฅุบูุงู ุงูุทูุจ #118 ุชููุงุฆูุงู ูุงูุชูุงูู.', 'edit_order.php?id=118', 0, '2025-08-07 21:10:23'),
(1788, 6, 'ุชู ุฅุบูุงู ุงูุทูุจ #118 ุชููุงุฆูุงู ูุงูุชูุงูู.', 'edit_order.php?id=118', 0, '2025-08-07 21:10:23'),
(1789, 1, 'ุชู ุชุฃููุฏ ุงูุชุณููุฉ ุงููุงููุฉ ููุทูุจ #118.', 'edit_order.php?id=118', 0, '2025-08-07 21:10:23'),
(1790, 1, 'ุชู ุฅุบูุงู ุงูุทูุจ #119 ุชููุงุฆูุงู ูุงูุชูุงูู.', 'edit_order.php?id=119', 0, '2025-08-07 21:10:30'),
(1791, 6, 'ุชู ุฅุบูุงู ุงูุทูุจ #119 ุชููุงุฆูุงู ูุงูุชูุงูู.', 'edit_order.php?id=119', 0, '2025-08-07 21:10:30'),
(1792, 1, 'ุชู ุชุฃููุฏ ุงูุชุณููุฉ ุงููุงููุฉ ููุทูุจ #119.', 'edit_order.php?id=119', 0, '2025-08-07 21:10:30'),
(1793, 1, 'ุชู ุฅุบูุงู ุงูุทูุจ #121 ุชููุงุฆูุงู ูุงูุชูุงูู.', 'edit_order.php?id=121', 0, '2025-08-07 21:10:54'),
(1794, 6, 'ุชู ุฅุบูุงู ุงูุทูุจ #121 ุชููุงุฆูุงู ูุงูุชูุงูู.', 'edit_order.php?id=121', 0, '2025-08-07 21:10:54'),
(1795, 1, 'ุชู ุชุฃููุฏ ุงูุชุณููุฉ ุงููุงููุฉ ููุทูุจ #121.', 'edit_order.php?id=121', 0, '2025-08-07 21:10:54'),
(1796, 3, 'ุชู ุชูููู ูุฑุญูุฉ ุงูุชุตููู ููุทูุจ #188 (ููุงูุฉ ูุฑุญ ุงูุงูุงุฆู ููุฏุนุงูุฉ ) ุจุฏุฑุฌุฉ 6/10', 'timeline_reports.php', 0, '2025-08-07 23:41:56'),
(1797, 3, 'ุชู ุชูููู ูุฑุญูุฉ ุงูุชุตููู ููุทูุจ #188 (ููุงูุฉ ูุฑุญ ุงูุงูุงุฆู ููุฏุนุงูุฉ ) ุจุฏุฑุฌุฉ 1/10', 'timeline_reports.php', 0, '2025-08-07 23:42:00'),
(1798, 3, 'ุชู ุชูููู ูุฑุญูุฉ ุงูุชุตููู ููุทูุจ #188 (ููุงูุฉ ูุฑุญ ุงูุงูุงุฆู ููุฏุนุงูุฉ ) ุจุฏุฑุฌุฉ 6/10', 'timeline_reports.php', 0, '2025-08-07 23:42:03'),
(1799, 1, 'ุชู ุฅุบูุงู ุงูุทูุจ #36 ุชููุงุฆูุงู ูุงูุชูุงูู.', 'edit_order.php?id=36', 0, '2025-08-08 14:26:28'),
(1800, 6, 'ุชู ุฅุบูุงู ุงูุทูุจ #36 ุชููุงุฆูุงู ูุงูุชูุงูู.', 'edit_order.php?id=36', 0, '2025-08-08 14:26:28'),
(1801, 1, 'ุชู ุชุฃููุฏ ุงูุชุณููุฉ ุงููุงููุฉ ููุทูุจ #36.', 'edit_order.php?id=36', 0, '2025-08-08 14:26:28'),
(1802, 1, 'ุชู ุฅุบูุงู ุงูุทูุจ #53 ุชููุงุฆูุงู ูุงูุชูุงูู.', 'edit_order.php?id=53', 0, '2025-08-08 14:26:33'),
(1803, 6, 'ุชู ุฅุบูุงู ุงูุทูุจ #53 ุชููุงุฆูุงู ูุงูุชูุงูู.', 'edit_order.php?id=53', 0, '2025-08-08 14:26:33'),
(1804, 1, 'ุชู ุชุฃููุฏ ุงูุชุณููุฉ ุงููุงููุฉ ููุทูุจ #53.', 'edit_order.php?id=53', 0, '2025-08-08 14:26:33'),
(1805, 1, 'ุชู ุฅุบูุงู ุงูุทูุจ #59 ุชููุงุฆูุงู ูุงูุชูุงูู.', 'edit_order.php?id=59', 0, '2025-08-08 14:26:46'),
(1806, 6, 'ุชู ุฅุบูุงู ุงูุทูุจ #59 ุชููุงุฆูุงู ูุงูุชูุงูู.', 'edit_order.php?id=59', 0, '2025-08-08 14:26:46'),
(1807, 1, 'ุชู ุชุฃููุฏ ุงูุชุณููุฉ ุงููุงููุฉ ููุทูุจ #59.', 'edit_order.php?id=59', 0, '2025-08-08 14:26:46'),
(1808, 1, 'ุชู ุฅุบูุงู ุงูุทูุจ #96 ุชููุงุฆูุงู ูุงูุชูุงูู.', 'edit_order.php?id=96', 0, '2025-08-08 14:27:45'),
(1809, 6, 'ุชู ุฅุบูุงู ุงูุทูุจ #96 ุชููุงุฆูุงู ูุงูุชูุงูู.', 'edit_order.php?id=96', 0, '2025-08-08 14:27:45'),
(1810, 1, 'ุชู ุชุฃููุฏ ุงูุชุณููุฉ ุงููุงููุฉ ููุทูุจ #96.', 'edit_order.php?id=96', 0, '2025-08-08 14:27:45'),
(1811, 1, 'ุชู ุฅุบูุงู ุงูุทูุจ #183 ุชููุงุฆูุงู ูุงูุชูุงูู.', 'edit_order.php?id=183', 0, '2025-08-08 14:46:17'),
(1812, 6, 'ุชู ุฅุบูุงู ุงูุทูุจ #183 ุชููุงุฆูุงู ูุงูุชูุงูู.', 'edit_order.php?id=183', 0, '2025-08-08 14:46:17'),
(1813, 1, 'ุชู ุชุฃููุฏ ุงูุชุณููุฉ ุงููุงููุฉ ููุทูุจ #183.', 'edit_order.php?id=183', 0, '2025-08-08 14:46:17'),
(1814, 1, 'ุชู ุฅุบูุงู ุงูุทูุจ #180 ุชููุงุฆูุงู ูุงูุชูุงูู.', 'edit_order.php?id=180', 0, '2025-08-08 14:47:39'),
(1815, 6, 'ุชู ุฅุบูุงู ุงูุทูุจ #180 ุชููุงุฆูุงู ูุงูุชูุงูู.', 'edit_order.php?id=180', 0, '2025-08-08 14:47:39'),
(1816, 1, 'ุชู ุชุฃููุฏ ุงูุชุณููุฉ ุงููุงููุฉ ููุทูุจ #180.', 'edit_order.php?id=180', 0, '2025-08-08 14:47:39'),
(1817, 1, 'ุชู ุฅุบูุงู ุงูุทูุจ #181 ุชููุงุฆูุงู ูุงูุชูุงูู.', 'edit_order.php?id=181', 0, '2025-08-08 14:47:48'),
(1818, 6, 'ุชู ุฅุบูุงู ุงูุทูุจ #181 ุชููุงุฆูุงู ูุงูุชูุงูู.', 'edit_order.php?id=181', 0, '2025-08-08 14:47:48'),
(1819, 1, 'ุชู ุชุฃููุฏ ุงูุชุณููุฉ ุงููุงููุฉ ููุทูุจ #181.', 'edit_order.php?id=181', 0, '2025-08-08 14:47:48'),
(1820, 1, 'ุชู ุฅุบูุงู ุงูุทูุจ #182 ุชููุงุฆูุงู ูุงูุชูุงูู.', 'edit_order.php?id=182', 0, '2025-08-08 14:47:56'),
(1821, 6, 'ุชู ุฅุบูุงู ุงูุทูุจ #182 ุชููุงุฆูุงู ูุงูุชูุงูู.', 'edit_order.php?id=182', 0, '2025-08-08 14:47:56'),
(1822, 1, 'ุชู ุชุฃููุฏ ุงูุชุณููุฉ ุงููุงููุฉ ููุทูุจ #182.', 'edit_order.php?id=182', 0, '2025-08-08 14:47:56'),
(1823, 1, 'ุชู ุฅุบูุงู ุงูุทูุจ #120 ุชููุงุฆูุงู ูุงูุชูุงูู.', 'edit_order.php?id=120', 0, '2025-08-08 14:48:59'),
(1824, 6, 'ุชู ุฅุบูุงู ุงูุทูุจ #120 ุชููุงุฆูุงู ูุงูุชูุงูู.', 'edit_order.php?id=120', 0, '2025-08-08 14:48:59'),
(1825, 1, 'ุชู ุชุฃููุฏ ุงูุชุณููุฉ ุงููุงููุฉ ููุทูุจ #120.', 'edit_order.php?id=120', 0, '2025-08-08 14:48:59'),
(1826, 1, 'ุชู ุฅุบูุงู ุงูุทูุจ #122 ุชููุงุฆูุงู ูุงูุชูุงูู.', 'edit_order.php?id=122', 0, '2025-08-08 14:50:02'),
(1827, 6, 'ุชู ุฅุบูุงู ุงูุทูุจ #122 ุชููุงุฆูุงู ูุงูุชูุงูู.', 'edit_order.php?id=122', 0, '2025-08-08 14:50:02'),
(1828, 1, 'ุชู ุชุฃููุฏ ุงูุชุณููุฉ ุงููุงููุฉ ููุทูุจ #122.', 'edit_order.php?id=122', 0, '2025-08-08 14:50:02'),
(1829, 1, 'ุชู ุฅุบูุงู ุงูุทูุจ #137 ุชููุงุฆูุงู ูุงูุชูุงูู.', 'edit_order.php?id=137', 0, '2025-08-08 14:50:39'),
(1830, 6, 'ุชู ุฅุบูุงู ุงูุทูุจ #137 ุชููุงุฆูุงู ูุงูุชูุงูู.', 'edit_order.php?id=137', 0, '2025-08-08 14:50:39'),
(1831, 1, 'ุชู ุชุฃููุฏ ุงูุชุณููุฉ ุงููุงููุฉ ููุทูุจ #137.', 'edit_order.php?id=137', 0, '2025-08-08 14:50:39'),
(1833, 1, 'ุชู ุฅุบูุงู ุงูุทูุจ #139 ุชููุงุฆูุงู ูุงูุชูุงูู.', 'edit_order.php?id=139', 0, '2025-08-08 14:51:09'),
(1834, 6, 'ุชู ุฅุบูุงู ุงูุทูุจ #139 ุชููุงุฆูุงู ูุงูุชูุงูู.', 'edit_order.php?id=139', 0, '2025-08-08 14:51:09'),
(1835, 1, 'ุชู ุชุฃููุฏ ุงูุชุณููุฉ ุงููุงููุฉ ููุทูุจ #139.', 'edit_order.php?id=139', 0, '2025-08-08 14:51:09'),
(1836, 1, 'ุชู ุฅุบูุงู ุงูุทูุจ #111 ุชููุงุฆูุงู ูุงูุชูุงูู.', 'edit_order.php?id=111', 0, '2025-08-08 14:54:50'),
(1837, 6, 'ุชู ุฅุบูุงู ุงูุทูุจ #111 ุชููุงุฆูุงู ูุงูุชูุงูู.', 'edit_order.php?id=111', 0, '2025-08-08 14:54:50'),
(1838, 1, 'ุชู ุชุฃููุฏ ุงูุชุณููุฉ ุงููุงููุฉ ููุทูุจ #111.', 'edit_order.php?id=111', 0, '2025-08-08 14:54:50'),
(1839, 1, 'ุชู ุฅุบูุงู ุงูุทูุจ #140 ุชููุงุฆูุงู ูุงูุชูุงูู.', 'edit_order.php?id=140', 0, '2025-08-08 14:55:29'),
(1840, 6, 'ุชู ุฅุบูุงู ุงูุทูุจ #140 ุชููุงุฆูุงู ูุงูุชูุงูู.', 'edit_order.php?id=140', 0, '2025-08-08 14:55:29'),
(1841, 1, 'ุชู ุชุฃููุฏ ุงูุชุณููุฉ ุงููุงููุฉ ููุทูุจ #140.', 'edit_order.php?id=140', 0, '2025-08-08 14:55:29'),
(1842, 1, 'ุชู ุฅุบูุงู ุงูุทูุจ #138 ุชููุงุฆูุงู ูุงูุชูุงูู.', 'edit_order.php?id=138', 0, '2025-08-08 14:56:15'),
(1843, 6, 'ุชู ุฅุบูุงู ุงูุทูุจ #138 ุชููุงุฆูุงู ูุงูุชูุงูู.', 'edit_order.php?id=138', 0, '2025-08-08 14:56:15'),
(1844, 1, 'ุชู ุชุฃููุฏ ุงูุชุณููุฉ ุงููุงููุฉ ููุทูุจ #138.', 'edit_order.php?id=138', 0, '2025-08-08 14:56:15'),
(1845, 1, 'ุชู ุฅุบูุงู ุงูุทูุจ #143 ุชููุงุฆูุงู ูุงูุชูุงูู.', 'edit_order.php?id=143', 0, '2025-08-08 14:56:30'),
(1846, 6, 'ุชู ุฅุบูุงู ุงูุทูุจ #143 ุชููุงุฆูุงู ูุงูุชูุงูู.', 'edit_order.php?id=143', 0, '2025-08-08 14:56:30'),
(1847, 1, 'ุชู ุชุฃููุฏ ุงูุชุณููุฉ ุงููุงููุฉ ููุทูุจ #143.', 'edit_order.php?id=143', 0, '2025-08-08 14:56:30'),
(1848, 1, 'ุชู ุฅุบูุงู ุงูุทูุจ #144 ุชููุงุฆูุงู ูุงูุชูุงูู.', 'edit_order.php?id=144', 0, '2025-08-08 14:56:48'),
(1849, 6, 'ุชู ุฅุบูุงู ุงูุทูุจ #144 ุชููุงุฆูุงู ูุงูุชูุงูู.', 'edit_order.php?id=144', 0, '2025-08-08 14:56:48'),
(1850, 1, 'ุชู ุชุฃููุฏ ุงูุชุณููุฉ ุงููุงููุฉ ููุทูุจ #144.', 'edit_order.php?id=144', 0, '2025-08-08 14:56:48'),
(1851, 1, 'ุชู ุฅุบูุงู ุงูุทูุจ #147 ุชููุงุฆูุงู ูุงูุชูุงูู.', 'edit_order.php?id=147', 0, '2025-08-08 14:57:32'),
(1852, 6, 'ุชู ุฅุบูุงู ุงูุทูุจ #147 ุชููุงุฆูุงู ูุงูุชูุงูู.', 'edit_order.php?id=147', 0, '2025-08-08 14:57:32'),
(1853, 1, 'ุชู ุชุฃููุฏ ุงูุชุณููุฉ ุงููุงููุฉ ููุทูุจ #147.', 'edit_order.php?id=147', 0, '2025-08-08 14:57:32'),
(1854, 1, 'ุชู ุฅุบูุงู ุงูุทูุจ #148 ุชููุงุฆูุงู ูุงูุชูุงูู.', 'edit_order.php?id=148', 0, '2025-08-08 15:04:10'),
(1855, 6, 'ุชู ุฅุบูุงู ุงูุทูุจ #148 ุชููุงุฆูุงู ูุงูุชูุงูู.', 'edit_order.php?id=148', 0, '2025-08-08 15:04:10'),
(1856, 1, 'ุชู ุชุฃููุฏ ุงูุชุณููุฉ ุงููุงููุฉ ููุทูุจ #148.', 'edit_order.php?id=148', 0, '2025-08-08 15:04:10'),
(1857, 1, 'ุชู ุฅุบูุงู ุงูุทูุจ #149 ุชููุงุฆูุงู ูุงูุชูุงูู.', 'edit_order.php?id=149', 0, '2025-08-08 15:04:40'),
(1858, 6, 'ุชู ุฅุบูุงู ุงูุทูุจ #149 ุชููุงุฆูุงู ูุงูุชูุงูู.', 'edit_order.php?id=149', 0, '2025-08-08 15:04:40'),
(1859, 1, 'ุชู ุชุฃููุฏ ุงูุชุณููุฉ ุงููุงููุฉ ููุทูุจ #149.', 'edit_order.php?id=149', 0, '2025-08-08 15:04:40'),
(1860, 1, 'ุชู ุฅุบูุงู ุงูุทูุจ #151 ุชููุงุฆูุงู ูุงูุชูุงูู.', 'edit_order.php?id=151', 0, '2025-08-08 15:14:48'),
(1861, 6, 'ุชู ุฅุบูุงู ุงูุทูุจ #151 ุชููุงุฆูุงู ูุงูุชูุงูู.', 'edit_order.php?id=151', 0, '2025-08-08 15:14:48'),
(1862, 1, 'ุชู ุชุฃููุฏ ุงูุชุณููุฉ ุงููุงููุฉ ููุทูุจ #151.', 'edit_order.php?id=151', 0, '2025-08-08 15:14:48'),
(1863, 1, 'โ ุญุณุงู ุงูุดูุฎ ุฃููู ุชูููุฐ ุงูุทูุจ #185 ูุฃุตุจุญ ุฌุงูุฒุงู ููุชุณููู', 'edit_order.php?id=185', 0, '2025-08-08 15:15:45'),
(1864, 6, 'โ ุญุณุงู ุงูุดูุฎ ุฃููู ุชูููุฐ ุงูุทูุจ #185 ูุฃุตุจุญ ุฌุงูุฒุงู ููุชุณููู', 'edit_order.php?id=185', 0, '2025-08-08 15:15:45'),
(1865, 3, 'โ ุญุณุงู ุงูุดูุฎ ุฃููู ุชูููุฐ ุงูุทูุจ #185 ูุฃุตุจุญ ุฌุงูุฒุงู ููุชุณููู', 'edit_order.php?id=185', 0, '2025-08-08 15:15:45'),
(1866, 1, 'โ ุญุณุงู ุงูุดูุฎ ุฃููู ุชูููุฐ ุงูุทูุจ #186 ูุฃุตุจุญ ุฌุงูุฒุงู ููุชุณููู', 'edit_order.php?id=186', 0, '2025-08-08 15:15:50'),
(1867, 6, 'โ ุญุณุงู ุงูุดูุฎ ุฃููู ุชูููุฐ ุงูุทูุจ #186 ูุฃุตุจุญ ุฌุงูุฒุงู ููุชุณููู', 'edit_order.php?id=186', 0, '2025-08-08 15:15:50'),
(1868, 3, 'โ ุญุณุงู ุงูุดูุฎ ุฃููู ุชูููุฐ ุงูุทูุจ #186 ูุฃุตุจุญ ุฌุงูุฒุงู ููุชุณููู', 'edit_order.php?id=186', 0, '2025-08-08 15:15:50'),
(1869, 1, 'โ ุญุณุงู ุงูุดูุฎ ุฃููู ุชูููุฐ ุงูุทูุจ #187 ูุฃุตุจุญ ุฌุงูุฒุงู ููุชุณููู', 'edit_order.php?id=187', 0, '2025-08-08 15:15:54'),
(1870, 6, 'โ ุญุณุงู ุงูุดูุฎ ุฃููู ุชูููุฐ ุงูุทูุจ #187 ูุฃุตุจุญ ุฌุงูุฒุงู ููุชุณููู', 'edit_order.php?id=187', 0, '2025-08-08 15:15:54'),
(1871, 3, 'โ ุญุณุงู ุงูุดูุฎ ุฃููู ุชูููุฐ ุงูุทูุจ #187 ูุฃุตุจุญ ุฌุงูุฒุงู ููุชุณููู', 'edit_order.php?id=187', 0, '2025-08-08 15:15:54'),
(1872, 1, 'โ ุญุณุงู ุงูุดูุฎ ุฃููู ุชูููุฐ ุงูุทูุจ #188 ูุฃุตุจุญ ุฌุงูุฒุงู ููุชุณููู', 'edit_order.php?id=188', 0, '2025-08-08 15:15:58'),
(1873, 6, 'โ ุญุณุงู ุงูุดูุฎ ุฃููู ุชูููุฐ ุงูุทูุจ #188 ูุฃุตุจุญ ุฌุงูุฒุงู ููุชุณููู', 'edit_order.php?id=188', 0, '2025-08-08 15:15:58'),
(1874, 3, 'โ ุญุณุงู ุงูุดูุฎ ุฃููู ุชูููุฐ ุงูุทูุจ #188 ูุฃุตุจุญ ุฌุงูุฒุงู ููุชุณููู', 'edit_order.php?id=188', 0, '2025-08-08 15:15:58'),
(1875, 1, '๐ฆ ุญุณุงู ุงูุดูุฎ ุฃูุฏ ุงุณุชูุงู ุงูุนููู ููุทูุจ #185', 'edit_order.php?id=185', 0, '2025-08-08 15:16:02'),
(1876, 6, '๐ฆ ุญุณุงู ุงูุดูุฎ ุฃูุฏ ุงุณุชูุงู ุงูุนููู ููุทูุจ #185', 'edit_order.php?id=185', 0, '2025-08-08 15:16:02'),
(1877, 5, '๐ฆ ุญุณุงู ุงูุดูุฎ ุฃูุฏ ุงุณุชูุงู ุงูุนููู ููุทูุจ #185', 'edit_order.php?id=185', 0, '2025-08-08 15:16:02'),
(1878, 1, '๐ฆ ุญุณุงู ุงูุดูุฎ ุฃูุฏ ุงุณุชูุงู ุงูุนููู ููุทูุจ #187', 'edit_order.php?id=187', 0, '2025-08-08 15:16:07'),
(1879, 6, '๐ฆ ุญุณุงู ุงูุดูุฎ ุฃูุฏ ุงุณุชูุงู ุงูุนููู ููุทูุจ #187', 'edit_order.php?id=187', 0, '2025-08-08 15:16:07'),
(1880, 5, '๐ฆ ุญุณุงู ุงูุดูุฎ ุฃูุฏ ุงุณุชูุงู ุงูุนููู ููุทูุจ #187', 'edit_order.php?id=187', 0, '2025-08-08 15:16:07'),
(1881, 1, 'ุชู ุฅุบูุงู ุงูุทูุจ #156 ุชููุงุฆูุงู ูุงูุชูุงูู.', 'edit_order.php?id=156', 0, '2025-08-08 15:16:55'),
(1882, 6, 'ุชู ุฅุบูุงู ุงูุทูุจ #156 ุชููุงุฆูุงู ูุงูุชูุงูู.', 'edit_order.php?id=156', 0, '2025-08-08 15:16:55'),
(1883, 1, 'ุชู ุชุฃููุฏ ุงูุชุณููุฉ ุงููุงููุฉ ููุทูุจ #156.', 'edit_order.php?id=156', 0, '2025-08-08 15:16:55'),
(1884, 1, 'ุชู ุฅุบูุงู ุงูุทูุจ #157 ุชููุงุฆูุงู ูุงูุชูุงูู.', 'edit_order.php?id=157', 0, '2025-08-08 15:17:12'),
(1885, 6, 'ุชู ุฅุบูุงู ุงูุทูุจ #157 ุชููุงุฆูุงู ูุงูุชูุงูู.', 'edit_order.php?id=157', 0, '2025-08-08 15:17:12'),
(1886, 1, 'ุชู ุชุฃููุฏ ุงูุชุณููุฉ ุงููุงููุฉ ููุทูุจ #157.', 'edit_order.php?id=157', 0, '2025-08-08 15:17:12'),
(1887, 1, 'ุชู ุฅุบูุงู ุงูุทูุจ #158 ุชููุงุฆูุงู ูุงูุชูุงูู.', 'edit_order.php?id=158', 0, '2025-08-08 15:17:27'),
(1888, 6, 'ุชู ุฅุบูุงู ุงูุทูุจ #158 ุชููุงุฆูุงู ูุงูุชูุงูู.', 'edit_order.php?id=158', 0, '2025-08-08 15:17:27'),
(1889, 1, 'ุชู ุชุฃููุฏ ุงูุชุณููุฉ ุงููุงููุฉ ููุทูุจ #158.', 'edit_order.php?id=158', 0, '2025-08-08 15:17:27'),
(1890, 1, 'ุชู ุฅุบูุงู ุงูุทูุจ #160 ุชููุงุฆูุงู ูุงูุชูุงูู.', 'edit_order.php?id=160', 0, '2025-08-08 15:17:52'),
(1891, 6, 'ุชู ุฅุบูุงู ุงูุทูุจ #160 ุชููุงุฆูุงู ูุงูุชูุงูู.', 'edit_order.php?id=160', 0, '2025-08-08 15:17:52'),
(1892, 1, 'ุชู ุชุฃููุฏ ุงูุชุณููุฉ ุงููุงููุฉ ููุทูุจ #160.', 'edit_order.php?id=160', 0, '2025-08-08 15:17:52'),
(1893, 1, 'ุชู ุฅุบูุงู ุงูุทูุจ #161 ุชููุงุฆูุงู ูุงูุชูุงูู.', 'edit_order.php?id=161', 0, '2025-08-08 15:25:47'),
(1894, 6, 'ุชู ุฅุบูุงู ุงูุทูุจ #161 ุชููุงุฆูุงู ูุงูุชูุงูู.', 'edit_order.php?id=161', 0, '2025-08-08 15:25:47'),
(1895, 1, 'ุชู ุชุฃููุฏ ุงูุชุณููุฉ ุงููุงููุฉ ููุทูุจ #161.', 'edit_order.php?id=161', 0, '2025-08-08 15:25:47'),
(1896, 1, 'ุชู ุฅุบูุงู ุงูุทูุจ #162 ุชููุงุฆูุงู ูุงูุชูุงูู.', 'edit_order.php?id=162', 0, '2025-08-08 15:26:30');
INSERT INTO `notifications` (`notification_id`, `employee_id`, `message`, `link`, `is_read`, `created_at`) VALUES
(1897, 6, 'ุชู ุฅุบูุงู ุงูุทูุจ #162 ุชููุงุฆูุงู ูุงูุชูุงูู.', 'edit_order.php?id=162', 0, '2025-08-08 15:26:30'),
(1898, 1, 'ุชู ุชุฃููุฏ ุงูุชุณููุฉ ุงููุงููุฉ ููุทูุจ #162.', 'edit_order.php?id=162', 0, '2025-08-08 15:26:30'),
(1899, 1, 'ุชู ุฅุบูุงู ุงูุทูุจ #163 ุชููุงุฆูุงู ูุงูุชูุงูู.', 'edit_order.php?id=163', 0, '2025-08-08 15:27:17'),
(1900, 6, 'ุชู ุฅุบูุงู ุงูุทูุจ #163 ุชููุงุฆูุงู ูุงูุชูุงูู.', 'edit_order.php?id=163', 0, '2025-08-08 15:27:17'),
(1901, 1, 'ุชู ุชุฃููุฏ ุงูุชุณููุฉ ุงููุงููุฉ ููุทูุจ #163.', 'edit_order.php?id=163', 0, '2025-08-08 15:27:17'),
(1902, 1, 'ุชู ุฅุบูุงู ุงูุทูุจ #150 ุชููุงุฆูุงู ูุงูุชูุงูู.', 'edit_order.php?id=150', 0, '2025-08-08 15:28:14'),
(1903, 6, 'ุชู ุฅุบูุงู ุงูุทูุจ #150 ุชููุงุฆูุงู ูุงูุชูุงูู.', 'edit_order.php?id=150', 0, '2025-08-08 15:28:14'),
(1904, 1, 'ุชู ุชุฃููุฏ ุงูุชุณููุฉ ุงููุงููุฉ ููุทูุจ #150.', 'edit_order.php?id=150', 0, '2025-08-08 15:28:14'),
(1905, 1, 'ุชู ุฅุบูุงู ุงูุทูุจ #164 ุชููุงุฆูุงู ูุงูุชูุงูู.', 'edit_order.php?id=164', 0, '2025-08-08 15:31:13'),
(1906, 6, 'ุชู ุฅุบูุงู ุงูุทูุจ #164 ุชููุงุฆูุงู ูุงูุชูุงูู.', 'edit_order.php?id=164', 0, '2025-08-08 15:31:13'),
(1907, 1, 'ุชู ุชุฃููุฏ ุงูุชุณููุฉ ุงููุงููุฉ ููุทูุจ #164.', 'edit_order.php?id=164', 0, '2025-08-08 15:31:13'),
(1908, 1, 'ุชู ุฅุบูุงู ุงูุทูุจ #155 ุชููุงุฆูุงู ูุงูุชูุงูู.', 'edit_order.php?id=155', 0, '2025-08-08 15:32:08'),
(1909, 6, 'ุชู ุฅุบูุงู ุงูุทูุจ #155 ุชููุงุฆูุงู ูุงูุชูุงูู.', 'edit_order.php?id=155', 0, '2025-08-08 15:32:08'),
(1910, 1, 'ุชู ุชุฃููุฏ ุงูุชุณููุฉ ุงููุงููุฉ ููุทูุจ #155.', 'edit_order.php?id=155', 0, '2025-08-08 15:32:08'),
(1911, 1, '๐จ ุงููุตูู ุชูููู ุนุจุฏ ุงูุญููู ุฃุฑุณู ุงูุทูุจ #189 ุฅูู ูุฑุญูุฉ ุงูุชูููุฐ', 'edit_order.php?id=189', 0, '2025-08-09 07:57:32'),
(1912, 6, '๐จ ุงููุตูู ุชูููู ุนุจุฏ ุงูุญููู ุฃุฑุณู ุงูุทูุจ #189 ุฅูู ูุฑุญูุฉ ุงูุชูููุฐ', 'edit_order.php?id=189', 0, '2025-08-09 07:57:32'),
(1913, 4, '๐จ ุงููุตูู ุชูููู ุนุจุฏ ุงูุญููู ุฃุฑุณู ุงูุทูุจ #189 ุฅูู ูุฑุญูุฉ ุงูุชูููุฐ', 'edit_order.php?id=189', 0, '2025-08-09 07:57:32'),
(1914, 1, '๐จ ุงููุตูู ุชูููู ุนุจุฏ ุงูุญููู ุฃุฑุณู ุงูุทูุจ #191 ุฅูู ูุฑุญูุฉ ุงูุชูููุฐ', 'edit_order.php?id=191', 0, '2025-08-09 13:33:10'),
(1915, 6, '๐จ ุงููุตูู ุชูููู ุนุจุฏ ุงูุญููู ุฃุฑุณู ุงูุทูุจ #191 ุฅูู ูุฑุญูุฉ ุงูุชูููุฐ', 'edit_order.php?id=191', 0, '2025-08-09 13:33:10'),
(1916, 4, '๐จ ุงููุตูู ุชูููู ุนุจุฏ ุงูุญููู ุฃุฑุณู ุงูุทูุจ #191 ุฅูู ูุฑุญูุฉ ุงูุชูููุฐ', 'edit_order.php?id=191', 0, '2025-08-09 13:33:10'),
(1917, 1, '๐จ ุงููุตูู ุชูููู ุนุจุฏ ุงูุญููู ุฃุฑุณู ุงูุทูุจ #192 ุฅูู ูุฑุญูุฉ ุงูุชูููุฐ', 'edit_order.php?id=192', 0, '2025-08-09 13:33:16'),
(1918, 6, '๐จ ุงููุตูู ุชูููู ุนุจุฏ ุงูุญููู ุฃุฑุณู ุงูุทูุจ #192 ุฅูู ูุฑุญูุฉ ุงูุชูููุฐ', 'edit_order.php?id=192', 0, '2025-08-09 13:33:16'),
(1919, 4, '๐จ ุงููุตูู ุชูููู ุนุจุฏ ุงูุญููู ุฃุฑุณู ุงูุทูุจ #192 ุฅูู ูุฑุญูุฉ ุงูุชูููุฐ', 'edit_order.php?id=192', 0, '2025-08-09 13:33:16'),
(1920, 1, '๐จ ุงููุตูู ุนูุฑ ุงุญูุฏ  ุฃุฑุณู ุงูุทูุจ #194 ุฅูู ูุฑุญูุฉ ุงูุชูููุฐ', 'edit_order.php?id=194', 0, '2025-08-09 14:17:44'),
(1921, 6, '๐จ ุงููุตูู ุนูุฑ ุงุญูุฏ  ุฃุฑุณู ุงูุทูุจ #194 ุฅูู ูุฑุญูุฉ ุงูุชูููุฐ', 'edit_order.php?id=194', 0, '2025-08-09 14:17:44'),
(1922, 4, '๐จ ุงููุตูู ุนูุฑ ุงุญูุฏ  ุฃุฑุณู ุงูุทูุจ #194 ุฅูู ูุฑุญูุฉ ุงูุชูููุฐ', 'edit_order.php?id=194', 0, '2025-08-09 14:17:44'),
(1923, 1, '๐จ ุงููุตูู ุนูุฑ ุงุญูุฏ  ุฃุฑุณู ุงูุทูุจ #195 ุฅูู ูุฑุญูุฉ ุงูุชูููุฐ', 'edit_order.php?id=195', 0, '2025-08-09 14:17:50'),
(1924, 6, '๐จ ุงููุตูู ุนูุฑ ุงุญูุฏ  ุฃุฑุณู ุงูุทูุจ #195 ุฅูู ูุฑุญูุฉ ุงูุชูููุฐ', 'edit_order.php?id=195', 0, '2025-08-09 14:17:50'),
(1925, 4, '๐จ ุงููุตูู ุนูุฑ ุงุญูุฏ  ุฃุฑุณู ุงูุทูุจ #195 ุฅูู ูุฑุญูุฉ ุงูุชูููุฐ', 'edit_order.php?id=195', 0, '2025-08-09 14:17:50'),
(1926, 3, 'ุชู ุชูููู ูุฑุญูุฉ ุงูุชุตููู ููุทูุจ #195 (ุงูุฑู ุงุจู ุญุณู ) ุจุฏุฑุฌุฉ 8/10', '/reports/timeline', 0, '2025-08-09 14:21:18'),
(1927, 1, 'ุชู ุฅุบูุงู ุงูุทูุจ #105 ุชููุงุฆูุงู ูุงูุชูุงูู.', 'edit_order.php?id=105', 0, '2025-08-09 14:45:53'),
(1928, 6, 'ุชู ุฅุบูุงู ุงูุทูุจ #105 ุชููุงุฆูุงู ูุงูุชูุงูู.', 'edit_order.php?id=105', 0, '2025-08-09 14:45:53'),
(1929, 1, 'ุชู ุชุฃููุฏ ุงูุชุณููุฉ ุงููุงููุฉ ููุทูุจ #105.', 'edit_order.php?id=105', 0, '2025-08-09 14:45:53'),
(1930, 1, 'ุชู ุฅุบูุงู ุงูุทูุจ #146 ุชููุงุฆูุงู ูุงูุชูุงูู.', 'edit_order.php?id=146', 0, '2025-08-09 14:54:18'),
(1931, 6, 'ุชู ุฅุบูุงู ุงูุทูุจ #146 ุชููุงุฆูุงู ูุงูุชูุงูู.', 'edit_order.php?id=146', 0, '2025-08-09 14:54:18'),
(1932, 1, 'ุชู ุชุฃููุฏ ุงูุชุณููุฉ ุงููุงููุฉ ููุทูุจ #146.', 'edit_order.php?id=146', 0, '2025-08-09 14:54:18'),
(1933, 1, 'ุชู ุฅุบูุงู ุงูุทูุจ #153 ุชููุงุฆูุงู ูุงูุชูุงูู.', 'edit_order.php?id=153', 0, '2025-08-09 14:55:07'),
(1934, 6, 'ุชู ุฅุบูุงู ุงูุทูุจ #153 ุชููุงุฆูุงู ูุงูุชูุงูู.', 'edit_order.php?id=153', 0, '2025-08-09 14:55:07'),
(1935, 1, 'ุชู ุชุฃููุฏ ุงูุชุณููุฉ ุงููุงููุฉ ููุทูุจ #153.', 'edit_order.php?id=153', 0, '2025-08-09 14:55:07'),
(1936, 1, 'ุชู ุฅุบูุงู ุงูุทูุจ #167 ุชููุงุฆูุงู ูุงูุชูุงูู.', 'edit_order.php?id=167', 0, '2025-08-09 15:45:32'),
(1937, 6, 'ุชู ุฅุบูุงู ุงูุทูุจ #167 ุชููุงุฆูุงู ูุงูุชูุงูู.', 'edit_order.php?id=167', 0, '2025-08-09 15:45:32'),
(1938, 1, 'ุชู ุชุฃููุฏ ุงูุชุณููุฉ ุงููุงููุฉ ููุทูุจ #167.', 'edit_order.php?id=167', 0, '2025-08-09 15:45:32'),
(1939, 1, 'ุชู ุฅุบูุงู ุงูุทูุจ #169 ุชููุงุฆูุงู ูุงูุชูุงูู.', 'edit_order.php?id=169', 0, '2025-08-09 15:47:12'),
(1940, 6, 'ุชู ุฅุบูุงู ุงูุทูุจ #169 ุชููุงุฆูุงู ูุงูุชูุงูู.', 'edit_order.php?id=169', 0, '2025-08-09 15:47:12'),
(1941, 1, 'ุชู ุชุฃููุฏ ุงูุชุณููุฉ ุงููุงููุฉ ููุทูุจ #169.', 'edit_order.php?id=169', 0, '2025-08-09 15:47:12'),
(1942, 1, 'ุชู ุฅุบูุงู ุงูุทูุจ #172 ุชููุงุฆูุงู ูุงูุชูุงูู.', 'edit_order.php?id=172', 0, '2025-08-09 15:48:01'),
(1943, 6, 'ุชู ุฅุบูุงู ุงูุทูุจ #172 ุชููุงุฆูุงู ูุงูุชูุงูู.', 'edit_order.php?id=172', 0, '2025-08-09 15:48:01'),
(1944, 1, 'ุชู ุชุฃููุฏ ุงูุชุณููุฉ ุงููุงููุฉ ููุทูุจ #172.', 'edit_order.php?id=172', 0, '2025-08-09 15:48:01'),
(1945, 1, '๐จ ุงููุตูู ุชูููู ุนุจุฏ ุงูุญููู ุฃุฑุณู ุงูุทูุจ #190 ุฅูู ูุฑุญูุฉ ุงูุชูููุฐ', 'edit_order.php?id=190', 0, '2025-08-09 16:01:50'),
(1946, 6, '๐จ ุงููุตูู ุชูููู ุนุจุฏ ุงูุญููู ุฃุฑุณู ุงูุทูุจ #190 ุฅูู ูุฑุญูุฉ ุงูุชูููุฐ', 'edit_order.php?id=190', 0, '2025-08-09 16:01:50'),
(1947, 4, '๐จ ุงููุตูู ุชูููู ุนุจุฏ ุงูุญููู ุฃุฑุณู ุงูุทูุจ #190 ุฅูู ูุฑุญูุฉ ุงูุชูููุฐ', 'edit_order.php?id=190', 0, '2025-08-09 16:01:50'),
(1948, 1, '๐จ ุงููุตูู ุชูููู ุนุจุฏ ุงูุญููู ุฃุฑุณู ุงูุทูุจ #193 ุฅูู ูุฑุญูุฉ ุงูุชูููุฐ', 'edit_order.php?id=193', 0, '2025-08-09 16:01:54'),
(1949, 6, '๐จ ุงููุตูู ุชูููู ุนุจุฏ ุงูุญููู ุฃุฑุณู ุงูุทูุจ #193 ุฅูู ูุฑุญูุฉ ุงูุชูููุฐ', 'edit_order.php?id=193', 0, '2025-08-09 16:01:54'),
(1950, 4, '๐จ ุงููุตูู ุชูููู ุนุจุฏ ุงูุญููู ุฃุฑุณู ุงูุทูุจ #193 ุฅูู ูุฑุญูุฉ ุงูุชูููุฐ', 'edit_order.php?id=193', 0, '2025-08-09 16:01:54'),
(1951, 1, 'ุชู ุฅุบูุงู ุงูุทูุจ #165 ุชููุงุฆูุงู ูุงูุชูุงูู.', 'edit_order.php?id=165', 0, '2025-08-09 16:44:07'),
(1952, 6, 'ุชู ุฅุบูุงู ุงูุทูุจ #165 ุชููุงุฆูุงู ูุงูุชูุงูู.', 'edit_order.php?id=165', 0, '2025-08-09 16:44:07'),
(1953, 1, 'ุชู ุชุฃููุฏ ุงูุชุณููุฉ ุงููุงููุฉ ููุทูุจ #165.', 'edit_order.php?id=165', 0, '2025-08-09 16:44:07'),
(1954, 1, 'ุชู ุฅุบูุงู ุงูุทูุจ #166 ุชููุงุฆูุงู ูุงูุชูุงูู.', 'edit_order.php?id=166', 0, '2025-08-09 16:44:46'),
(1955, 6, 'ุชู ุฅุบูุงู ุงูุทูุจ #166 ุชููุงุฆูุงู ูุงูุชูุงูู.', 'edit_order.php?id=166', 0, '2025-08-09 16:44:46'),
(1956, 1, 'ุชู ุชุฃููุฏ ุงูุชุณููุฉ ุงููุงููุฉ ููุทูุจ #166.', 'edit_order.php?id=166', 0, '2025-08-09 16:44:46'),
(1957, 1, 'ุชู ุฅุบูุงู ุงูุทูุจ #174 ุชููุงุฆูุงู ูุงูุชูุงูู.', 'edit_order.php?id=174', 0, '2025-08-09 16:45:10'),
(1958, 6, 'ุชู ุฅุบูุงู ุงูุทูุจ #174 ุชููุงุฆูุงู ูุงูุชูุงูู.', 'edit_order.php?id=174', 0, '2025-08-09 16:45:10'),
(1959, 1, 'ุชู ุชุฃููุฏ ุงูุชุณููุฉ ุงููุงููุฉ ููุทูุจ #174.', 'edit_order.php?id=174', 0, '2025-08-09 16:45:10'),
(1960, 1, 'ุชู ุฅุบูุงู ุงูุทูุจ #179 ุชููุงุฆูุงู ูุงูุชูุงูู.', 'edit_order.php?id=179', 0, '2025-08-09 16:45:26'),
(1961, 6, 'ุชู ุฅุบูุงู ุงูุทูุจ #179 ุชููุงุฆูุงู ูุงูุชูุงูู.', 'edit_order.php?id=179', 0, '2025-08-09 16:45:26'),
(1962, 1, 'ุชู ุชุฃููุฏ ุงูุชุณููุฉ ุงููุงููุฉ ููุทูุจ #179.', 'edit_order.php?id=179', 0, '2025-08-09 16:45:26'),
(1963, 1, 'ุชู ุฅุบูุงู ุงูุทูุจ #185 ุชููุงุฆูุงู ูุงูุชูุงูู.', 'edit_order.php?id=185', 0, '2025-08-09 16:45:46'),
(1964, 6, 'ุชู ุฅุบูุงู ุงูุทูุจ #185 ุชููุงุฆูุงู ูุงูุชูุงูู.', 'edit_order.php?id=185', 0, '2025-08-09 16:45:46'),
(1965, 1, 'ุชู ุชุฃููุฏ ุงูุชุณููุฉ ุงููุงููุฉ ููุทูุจ #185.', 'edit_order.php?id=185', 0, '2025-08-09 16:45:46'),
(1966, 1, 'ุชู ุฅุบูุงู ุงูุทูุจ #154 ุชููุงุฆูุงู ูุงูุชูุงูู.', 'edit_order.php?id=154', 0, '2025-08-09 16:49:05'),
(1967, 6, 'ุชู ุฅุบูุงู ุงูุทูุจ #154 ุชููุงุฆูุงู ูุงูุชูุงูู.', 'edit_order.php?id=154', 0, '2025-08-09 16:49:05'),
(1968, 1, 'ุชู ุชุฃููุฏ ุงูุชุณููุฉ ุงููุงููุฉ ููุทูุจ #154.', 'edit_order.php?id=154', 0, '2025-08-09 16:49:05'),
(1969, 1, '๐จ ุงููุตูู ุนูุฑ ุงุญูุฏ  ุฃุฑุณู ุงูุทูุจ #199 ุฅูู ูุฑุญูุฉ ุงูุชูููุฐ', 'edit_order.php?id=199', 0, '2025-08-09 17:28:57'),
(1970, 6, '๐จ ุงููุตูู ุนูุฑ ุงุญูุฏ  ุฃุฑุณู ุงูุทูุจ #199 ุฅูู ูุฑุญูุฉ ุงูุชูููุฐ', 'edit_order.php?id=199', 0, '2025-08-09 17:28:57'),
(1971, 4, '๐จ ุงููุตูู ุนูุฑ ุงุญูุฏ  ุฃุฑุณู ุงูุทูุจ #199 ุฅูู ูุฑุญูุฉ ุงูุชูููุฐ', 'edit_order.php?id=199', 0, '2025-08-09 17:28:57'),
(1972, 1, '๐จ ุงููุตูู ุชูููู ุนุจุฏ ุงูุญููู ุฃุฑุณู ุงูุทูุจ #201 ุฅูู ูุฑุญูุฉ ุงูุชูููุฐ', 'edit_order.php?id=201', 0, '2025-08-09 17:58:33'),
(1973, 6, '๐จ ุงููุตูู ุชูููู ุนุจุฏ ุงูุญููู ุฃุฑุณู ุงูุทูุจ #201 ุฅูู ูุฑุญูุฉ ุงูุชูููุฐ', 'edit_order.php?id=201', 0, '2025-08-09 17:58:33'),
(1974, 4, '๐จ ุงููุตูู ุชูููู ุนุจุฏ ุงูุญููู ุฃุฑุณู ุงูุทูุจ #201 ุฅูู ูุฑุญูุฉ ุงูุชูููุฐ', 'edit_order.php?id=201', 0, '2025-08-09 17:58:33'),
(1975, 1, '๐จ ุงููุตูู ุชูููู ุนุจุฏ ุงูุญููู ุฃุฑุณู ุงูุทูุจ #200 ุฅูู ูุฑุญูุฉ ุงูุชูููุฐ', 'edit_order.php?id=200', 0, '2025-08-09 18:11:06'),
(1976, 6, '๐จ ุงููุตูู ุชูููู ุนุจุฏ ุงูุญููู ุฃุฑุณู ุงูุทูุจ #200 ุฅูู ูุฑุญูุฉ ุงูุชูููุฐ', 'edit_order.php?id=200', 0, '2025-08-09 18:11:06'),
(1977, 4, '๐จ ุงููุตูู ุชูููู ุนุจุฏ ุงูุญููู ุฃุฑุณู ุงูุทูุจ #200 ุฅูู ูุฑุญูุฉ ุงูุชูููุฐ', 'edit_order.php?id=200', 0, '2025-08-09 18:11:06'),
(1978, 1, '๐จ ุงููุตูู ุชูููู ุนุจุฏ ุงูุญููู ุฃุฑุณู ุงูุทูุจ #202 ุฅูู ูุฑุญูุฉ ุงูุชูููุฐ', 'edit_order.php?id=202', 0, '2025-08-09 18:34:52'),
(1979, 6, '๐จ ุงููุตูู ุชูููู ุนุจุฏ ุงูุญููู ุฃุฑุณู ุงูุทูุจ #202 ุฅูู ูุฑุญูุฉ ุงูุชูููุฐ', 'edit_order.php?id=202', 0, '2025-08-09 18:34:52'),
(1980, 4, '๐จ ุงููุตูู ุชูููู ุนุจุฏ ุงูุญููู ุฃุฑุณู ุงูุทูุจ #202 ุฅูู ูุฑุญูุฉ ุงูุชูููุฐ', 'edit_order.php?id=202', 0, '2025-08-09 18:34:52'),
(1981, 1, '๐จ ุงููุตูู ุนูุฑ ุงุญูุฏ  ุฃุฑุณู ุงูุทูุจ #203 ุฅูู ูุฑุญูุฉ ุงูุชูููุฐ', 'edit_order.php?id=203', 0, '2025-08-09 19:20:20'),
(1982, 6, '๐จ ุงููุตูู ุนูุฑ ุงุญูุฏ  ุฃุฑุณู ุงูุทูุจ #203 ุฅูู ูุฑุญูุฉ ุงูุชูููุฐ', 'edit_order.php?id=203', 0, '2025-08-09 19:20:20'),
(1983, 4, '๐จ ุงููุตูู ุนูุฑ ุงุญูุฏ  ุฃุฑุณู ุงูุทูุจ #203 ุฅูู ูุฑุญูุฉ ุงูุชูููุฐ', 'edit_order.php?id=203', 0, '2025-08-09 19:20:20'),
(1984, 3, 'ุชู ุชูููู ูุฑุญูุฉ ุงูุชุตููู ููุทูุจ #203 (ููุงูุฉ ุทูุจุฉ ) ุจุฏุฑุฌุฉ 4/10', '/reports/timeline', 0, '2025-08-10 00:29:24');

-- --------------------------------------------------------

--
-- ุจููุฉ ุงูุฌุฏูู `orders`
--

CREATE TABLE `orders` (
  `order_id` int(11) NOT NULL,
  `client_id` int(11) NOT NULL,
  `designer_id` int(11) DEFAULT NULL,
  `workshop_id` int(11) DEFAULT NULL,
  `total_amount` decimal(10,2) NOT NULL DEFAULT 0.00,
  `deposit_amount` decimal(10,2) NOT NULL DEFAULT 0.00,
  `remaining_amount` decimal(10,2) NOT NULL DEFAULT 0.00,
  `payment_status` enum('ูุฏููุน','ุบูุฑ ูุฏููุน','ูุฏููุน ุฌุฒุฆูุงู') NOT NULL DEFAULT 'ุบูุฑ ูุฏููุน',
  `payment_method` enum('ููุฏู','ุชุญููู ุจููู','ููุฑู','ุบูุฑู') DEFAULT 'ููุฏู',
  `order_date` datetime DEFAULT current_timestamp(),
  `delivered_at` datetime DEFAULT NULL COMMENT 'ุชุงุฑูุฎ ุชุฃููุฏ ุชุณููู ุงูุทูุจ ููุนููู',
  `payment_settled_at` datetime DEFAULT NULL COMMENT 'ุชุงุฑูุฎ ุชุฃููุฏ ุงูุฏูุน ุงููุงูู',
  `due_date` date DEFAULT NULL,
  `status` enum('ููุฏ ุงูุชุตููู','ููุฏ ุงูุชูููุฐ','ุฌุงูุฒ ููุชุณููู','ุจุงูุชุธุงุฑ ุงูุฅุบูุงู','ููุชูู','ููุบู') NOT NULL DEFAULT 'ููุฏ ุงูุชุตููู',
  `priority` enum('ุนุงุฌู ุฌุฏุงู','ุนุงูู','ูุชูุณุท','ููุฎูุถ') DEFAULT 'ูุชูุณุท',
  `notes` text DEFAULT NULL,
  `design_completed_at` datetime DEFAULT NULL COMMENT 'ุชุงุฑูุฎ ุงูุชูุงุก ูุฑุญูุฉ ุงูุชุตููู',
  `execution_completed_at` datetime DEFAULT NULL COMMENT 'ุชุงุฑูุฎ ุงูุชูุงุก ูุฑุญูุฉ ุงูุชูููุฐ',
  `created_by` int(11) DEFAULT NULL,
  `last_update` datetime DEFAULT NULL,
  `updated_at` timestamp NULL DEFAULT NULL ON UPDATE current_timestamp(),
  `design_rating` int(2) DEFAULT NULL COMMENT 'ุชูููู ูุฑุญูุฉ ุงูุชุตููู ูู 1-10',
  `execution_rating` int(2) DEFAULT NULL COMMENT 'ุชูููู ูุฑุญูุฉ ุงูุชูููุฐ ูู 1-10'
) ENGINE=InnoDB DEFAULT CHARSET=utf8mb4 COLLATE=utf8mb4_general_ci;

--
-- ุฅุฑุฌุงุน ุฃู ุงุณุชูุฑุงุฏ ุจูุงูุงุช ุงูุฌุฏูู `orders`
--

INSERT INTO `orders` (`order_id`, `client_id`, `designer_id`, `workshop_id`, `total_amount`, `deposit_amount`, `remaining_amount`, `payment_status`, `payment_method`, `order_date`, `delivered_at`, `payment_settled_at`, `due_date`, `status`, `priority`, `notes`, `design_completed_at`, `execution_completed_at`, `created_by`, `last_update`, `updated_at`, `design_rating`, `execution_rating`) VALUES
(17, 21, 3, NULL, 15.00, 15.00, 0.00, 'ูุฏููุน', 'ููุฏู', '2025-07-22 17:46:21', '2025-07-23 20:33:04', '2025-07-23 20:29:40', '2025-07-22', 'ููุชูู', 'ูุชูุณุท', '', '2025-07-22 17:53:35', '2025-07-23 20:31:08', 3, NULL, '2025-07-23 20:33:04', NULL, NULL),
(19, 23, 3, NULL, 0.00, 0.00, 0.00, 'ูุฏููุน', 'ููุฏู', '2025-07-22 18:13:41', '2025-07-24 07:26:30', '2025-07-24 07:50:52', '2025-07-22', 'ููุชูู', 'ูุชูุณุท', '', '2025-07-22 18:14:03', '2025-07-23 20:51:21', 3, NULL, '2025-07-24 07:50:52', NULL, NULL),
(20, 24, 3, NULL, 0.00, 0.00, 0.00, 'ูุฏููุน', 'ููุฏู', '2025-07-22 19:10:34', '2025-08-03 15:19:07', '2025-07-28 21:00:32', '2025-07-26', 'ููุชูู', 'ุนุงูู', '', '2025-07-22 19:21:13', '2025-08-02 14:35:14', 3, NULL, '2025-08-03 15:19:07', NULL, NULL),
(23, 27, 3, NULL, 0.00, 0.00, 0.00, 'ูุฏููุน', 'ููุฏู', '2025-07-23 06:18:49', '2025-08-03 14:57:39', '2025-08-03 14:57:21', '2025-07-23', 'ููุชูู', 'ุนุงูู', '', '2025-07-23 18:06:55', '2025-07-24 07:43:33', 3, NULL, '2025-08-03 14:57:39', NULL, NULL),
(27, 30, 2, NULL, 0.00, 0.00, 0.00, 'ูุฏููุน', 'ููุฏู', '2025-07-23 14:51:26', '2025-07-24 07:55:11', '2025-07-24 07:54:23', '2025-07-23', 'ููุชูู', 'ูุชูุณุท', '', '2025-07-23 18:38:06', '2025-07-24 07:54:49', 2, NULL, '2025-07-24 07:55:11', NULL, NULL),
(28, 24, 2, NULL, 306.00, 306.00, 0.00, 'ูุฏููุน', 'ููุฏู', '2025-07-23 14:54:57', '2025-07-24 07:55:36', '2025-07-24 17:40:23', '2025-07-23', 'ููุชูู', 'ูุชูุณุท', '', '2025-07-23 18:40:53', '2025-07-23 20:07:16', 2, NULL, '2025-07-24 17:40:23', NULL, NULL),
(29, 29, 2, NULL, 0.00, 0.00, 0.00, 'ูุฏููุน', 'ููุฏู', '2025-07-23 14:57:05', '2025-07-24 07:56:00', '2025-07-24 08:04:30', '2025-07-23', 'ููุชูู', 'ูุชูุณุท', '', '2025-07-23 18:41:39', '2025-07-24 07:55:48', 2, NULL, '2025-07-24 08:04:30', NULL, NULL),
(30, 31, 2, NULL, 0.00, 0.00, 0.00, 'ุบูุฑ ูุฏููุน', 'ููุฏู', '2025-07-23 14:58:07', '2025-08-03 15:05:34', '2025-08-03 15:03:30', '2025-07-23', 'ููุชูู', 'ูุชูุณุท', 'ุงูุชูููุฐ ููุณ ููุง ูุฑูุฏ ุงูุฒุจูู ูุงู ูุญุชุงุฌ ุนูููุง ุณุงูุฏ ุชู ุงูุบุงุก ุงูุทูุจ ', '2025-07-23 18:41:47', '2025-07-27 14:03:48', 2, NULL, '2025-08-03 15:05:34', NULL, NULL),
(31, 32, 2, NULL, 0.00, 0.00, 0.00, 'ูุฏููุน', 'ููุฏู', '2025-07-23 14:59:35', '2025-07-24 07:56:20', '2025-07-24 08:04:47', '2025-07-23', 'ููุชูู', 'ูุชูุณุท', '', '2025-07-23 18:41:23', '2025-07-24 07:56:11', 2, NULL, '2025-07-24 08:04:47', NULL, NULL),
(32, 33, 2, NULL, 40.00, 40.00, 0.00, 'ูุฏููุน', 'ููุฏู', '2025-07-23 15:00:41', '2025-07-24 17:42:08', '2025-07-24 17:41:43', '2025-07-23', 'ููุชูู', 'ูุชูุณุท', '', '2025-07-23 18:41:32', '2025-07-24 17:41:58', 2, NULL, '2025-07-24 17:42:08', NULL, NULL),
(33, 34, 2, NULL, 0.00, 0.00, 0.00, 'ูุฏููุน', 'ููุฏู', '2025-07-23 15:02:12', '2025-08-03 15:05:54', '2025-08-03 15:05:47', '2025-07-23', 'ููุชูู', 'ูุชูุณุท', '', '2025-07-23 18:41:08', '2025-07-27 14:03:57', 2, NULL, '2025-08-03 15:05:54', NULL, NULL),
(34, 35, 2, NULL, 0.00, 0.00, 0.00, 'ูุฏููุน', 'ููุฏู', '2025-07-23 16:42:50', '2025-08-03 15:06:12', '2025-08-03 15:05:59', '2025-07-23', 'ููุชูู', 'ูุชูุณุท', '', '2025-07-23 18:41:16', '2025-07-27 07:54:39', 2, NULL, '2025-08-03 15:06:12', NULL, NULL),
(35, 36, 2, NULL, 0.00, 0.00, 0.00, 'ูุฏููุน', 'ููุฏู', '2025-07-23 17:27:11', '2025-08-03 15:06:39', '2025-08-03 15:06:33', '2025-07-23', 'ููุชูู', 'ูุชูุณุท', '', '2025-07-23 18:41:01', '2025-08-03 15:06:23', 2, NULL, '2025-08-03 15:06:39', NULL, NULL),
(36, 31, 3, NULL, 0.00, 0.00, 0.00, 'ูุฏููุน', 'ููุฏู', '2025-07-23 18:10:14', '2025-08-04 09:28:05', '2025-08-08 14:26:28', '2025-07-23', 'ููุชูู', 'ูุชูุณุท', 'ูุงุตูุฉ ', '2025-07-24 15:35:23', '2025-07-27 14:04:05', 3, NULL, '2025-08-08 14:26:28', NULL, NULL),
(37, 37, 3, NULL, 0.00, 0.00, 0.00, 'ูุฏููุน', 'ููุฏู', '2025-07-23 18:13:02', '2025-07-24 07:58:59', '2025-08-03 15:08:12', '2025-07-23', 'ููุชูู', 'ูุชูุณุท', '', '2025-07-23 18:13:19', '2025-07-24 07:58:42', 3, NULL, '2025-08-03 15:08:12', NULL, NULL),
(38, 38, 3, NULL, 0.00, 0.00, 0.00, 'ูุฏููุน', 'ููุฏู', '2025-07-23 18:23:10', '2025-07-24 07:59:40', '2025-08-03 15:08:55', '2025-07-23', 'ููุชูู', 'ูุชูุณุท', '', '2025-07-23 18:24:20', '2025-07-24 07:59:31', 3, NULL, '2025-08-03 15:08:55', NULL, NULL),
(39, 39, 3, NULL, 0.00, 0.00, 0.00, 'ูุฏููุน', 'ููุฏู', '2025-07-24 06:26:11', '2025-08-03 15:10:15', '2025-08-03 15:10:10', '2025-07-24', 'ููุชูู', 'ูุชูุณุท', '', '2025-07-24 06:28:53', '2025-08-02 14:34:30', 3, NULL, '2025-08-03 15:10:15', NULL, NULL),
(40, 29, 2, NULL, 0.00, 0.00, 0.00, 'ูุฏููุน', 'ููุฏู', '2025-07-24 07:09:46', '2025-07-24 08:00:01', '2025-08-03 15:10:35', '2025-07-24', 'ููุชูู', 'ูุชูุณุท', '', '2025-07-24 07:16:35', '2025-07-24 07:59:53', 2, NULL, '2025-08-03 15:10:35', NULL, NULL),
(41, 22, 2, NULL, 0.00, 0.00, 0.00, 'ูุฏููุน', 'ููุฏู', '2025-07-24 08:43:27', '2025-08-03 15:17:24', '2025-08-03 15:17:18', '2025-07-25', 'ููุชูู', 'ูุชูุณุท', '', '2025-07-24 08:43:36', '2025-07-27 07:50:00', 2, NULL, '2025-08-03 15:17:24', NULL, NULL),
(42, 40, 3, NULL, 0.00, 0.00, 0.00, 'ูุฏููุน', 'ููุฏู', '2025-07-24 15:35:11', '2025-08-06 19:16:44', '2025-08-03 15:10:44', '2025-07-24', 'ููุชูู', 'ูุชูุณุท', 'ุงูุทูุจ  ุนูุฏ ูุทุจุนุฉ ุทูุจุฉ ', '2025-07-24 15:35:17', '2025-08-02 14:34:51', 3, NULL, '2025-08-06 19:16:44', NULL, NULL),
(43, 41, 2, NULL, 0.00, 0.00, 0.00, 'ูุฏููุน', 'ููุฏู', '2025-07-24 16:17:38', '2025-08-03 15:13:28', '2025-08-03 15:13:20', '2025-07-24', 'ููุชูู', 'ูุชูุณุท', '', '2025-07-24 16:18:44', '2025-08-02 14:34:45', 2, NULL, '2025-08-03 15:13:28', NULL, NULL),
(44, 42, 2, NULL, 0.00, 0.00, 0.00, 'ูุฏููุน', 'ููุฏู', '2025-07-24 16:18:39', '2025-08-03 15:13:41', '2025-08-03 15:13:35', '2025-07-24', 'ููุชูู', 'ูุชูุณุท', '', '2025-07-24 16:18:49', '2025-08-02 14:34:38', 2, NULL, '2025-08-03 15:13:41', NULL, NULL),
(45, 43, 3, NULL, 0.00, 0.00, 0.00, 'ูุฏููุน', 'ููุฏู', '2025-07-24 17:16:17', '2025-08-03 15:16:32', '2025-08-03 15:16:22', '2025-07-24', 'ููุชูู', 'ูุชูุณุท', 'ุงูุชุณููู ุงูุณุจุช ูุจู ุงูุธูุฑ ', '2025-07-24 17:16:26', '2025-07-27 07:46:49', 3, NULL, '2025-08-03 15:16:32', NULL, NULL),
(46, 44, 3, NULL, 0.00, 0.00, 0.00, 'ูุฏููุน', 'ููุฏู', '2025-07-24 18:19:07', '2025-08-03 15:17:11', '2025-08-03 15:17:02', '2025-07-24', 'ููุชูู', 'ูุชูุณุท', 'ุงูุชุณููู ุงูุณุจุช ', '2025-07-24 18:19:12', '2025-08-02 14:34:57', 3, NULL, '2025-08-03 15:17:11', NULL, NULL),
(47, 43, 2, NULL, 0.00, 0.00, 0.00, 'ูุฏููุน', 'ููุฏู', '2025-07-26 06:33:12', '2025-08-04 09:28:30', '2025-08-03 17:07:19', '2025-07-26', 'ููุชูู', 'ูุชูุณุท', '', '2025-07-26 06:36:15', '2025-08-02 14:35:19', 2, NULL, '2025-08-04 09:28:30', NULL, NULL),
(48, 45, 2, NULL, 0.00, 0.00, 0.00, 'ูุฏููุน', 'ููุฏู', '2025-07-26 06:33:58', '2025-08-03 15:22:07', '2025-08-03 15:22:01', '2025-07-26', 'ููุชูู', 'ูุชูุณุท', '', '2025-07-26 06:36:21', '2025-07-27 07:48:55', 2, NULL, '2025-08-03 15:22:07', NULL, NULL),
(49, 24, 2, NULL, 0.00, 0.00, 0.00, 'ุบูุฑ ูุฏููุน', 'ููุฏู', '2025-07-26 06:36:08', '2025-08-03 17:23:24', NULL, '2025-07-28', 'ุฌุงูุฒ ููุชุณููู', 'ูุชูุณุท', '', '2025-07-28 08:03:04', '2025-07-28 08:14:06', 2, NULL, '2025-08-03 17:23:24', NULL, NULL),
(50, 46, 2, NULL, 0.00, 0.00, 0.00, 'ูุฏููุน', 'ููุฏู', '2025-07-26 06:48:17', '2025-08-04 09:29:37', '2025-08-07 21:05:24', '2025-07-29', 'ููุชูู', 'ูุชูุณุท', '', '2025-07-28 09:05:42', '2025-08-02 14:37:03', 2, NULL, '2025-08-07 21:05:24', NULL, NULL),
(51, 47, 2, NULL, 0.00, 0.00, 0.00, 'ูุฏููุน', 'ููุฏู', '2025-07-26 06:52:01', '2025-08-03 15:22:24', '2025-08-03 15:22:17', '2025-07-26', 'ููุชูู', 'ูุชูุณุท', '', '2025-07-26 06:52:07', '2025-07-27 07:48:33', 2, NULL, '2025-08-03 15:22:24', NULL, NULL),
(52, 48, 3, NULL, 0.00, 0.00, 0.00, 'ูุฏููุน', 'ููุฏู', '2025-07-26 07:14:11', '2025-08-03 15:22:42', '2025-08-03 15:22:36', '2025-07-26', 'ููุชูู', 'ูุชูุณุท', '', '2025-07-26 18:06:18', '2025-08-02 14:35:26', 3, NULL, '2025-08-03 15:22:42', NULL, NULL),
(53, 42, 2, NULL, 0.00, 0.00, 0.00, 'ูุฏููุน', 'ููุฏู', '2025-07-26 08:18:59', '2025-08-03 17:07:51', '2025-08-08 14:26:33', '2025-07-26', 'ููุชูู', 'ูุชูุณุท', '', '2025-07-26 08:21:25', '2025-07-28 08:16:27', 2, NULL, '2025-08-08 14:26:33', NULL, NULL),
(54, 38, 2, NULL, 0.00, 0.00, 0.00, 'ูุฏููุน', 'ููุฏู', '2025-07-26 14:43:56', '2025-08-03 15:24:02', '2025-08-03 15:23:44', '2025-07-26', 'ููุชูู', 'ูุชูุณุท', '', '2025-07-27 06:30:38', '2025-07-28 08:16:19', 2, NULL, '2025-08-03 15:24:02', NULL, NULL),
(55, 49, 2, NULL, 0.00, 0.00, 0.00, 'ุบูุฑ ูุฏููุน', 'ููุฏู', '2025-07-26 14:46:37', '2025-08-06 19:16:15', NULL, '2025-08-01', 'ุฌุงูุฒ ููุชุณููู', 'ูุชูุณุท', '', '2025-07-27 13:26:11', '2025-08-02 14:39:34', 2, NULL, '2025-08-06 19:16:15', NULL, NULL),
(56, 50, 3, NULL, 0.00, 0.00, 0.00, 'ูุฏููุน', 'ููุฏู', '2025-07-26 17:10:03', '2025-08-03 15:29:53', '2025-08-03 15:29:46', '2025-07-26', 'ููุชูู', 'ูุชูุณุท', '', '2025-07-26 17:10:14', '2025-08-02 14:35:32', 3, NULL, '2025-08-03 15:29:53', NULL, NULL),
(57, 34, 2, NULL, 0.00, 0.00, 0.00, 'ูุฏููุน', 'ููุฏู', '2025-07-27 06:31:07', '2025-08-03 15:24:53', '2025-08-03 15:24:46', '2025-07-27', 'ููุชูู', 'ูุชูุณุท', '', '2025-07-27 06:33:32', '2025-07-28 08:15:55', 2, NULL, '2025-08-03 15:24:53', NULL, NULL),
(58, 51, 2, NULL, 0.00, 0.00, 0.00, 'ูุฏููุน', 'ููุฏู', '2025-07-27 06:33:00', '2025-08-03 15:37:53', '2025-08-03 15:37:47', '2025-07-27', 'ููุชูู', 'ูุชูุณุท', '', '2025-07-27 13:26:04', '2025-08-02 14:35:42', 2, NULL, '2025-08-03 15:37:53', NULL, NULL),
(59, 30, 2, NULL, 0.00, 0.00, 0.00, 'ูุฏููุน', 'ููุฏู', '2025-07-27 06:38:46', '2025-08-04 09:28:46', '2025-08-08 14:26:46', '2025-07-27', 'ููุชูู', 'ูุชูุณุท', '', '2025-07-27 06:38:54', '2025-08-02 14:35:49', 2, NULL, '2025-08-08 14:26:46', NULL, NULL),
(60, 52, 2, NULL, 0.00, 0.00, 0.00, 'ูุฏููุน', 'ููุฏู', '2025-07-27 06:43:27', '2025-08-04 07:51:28', '2025-08-04 07:51:40', '2025-07-27', 'ููุชูู', 'ูุชูุณุท', '', '2025-07-27 06:43:39', '2025-07-28 08:15:46', 2, NULL, '2025-08-04 07:51:40', NULL, NULL),
(61, 22, 3, NULL, 0.00, 0.00, 0.00, 'ูุฏููุน', 'ููุฏู', '2025-07-27 07:48:09', '2025-08-03 15:51:15', '2025-08-03 15:37:31', '2025-07-27', 'ููุชูู', 'ูุชูุณุท', '', '2025-07-27 07:48:21', '2025-07-28 08:15:36', 3, NULL, '2025-08-03 15:51:15', NULL, NULL),
(62, 22, 3, NULL, 0.00, 0.00, 0.00, 'ูุฏููุน', 'ููุฏู', '2025-07-27 09:36:11', '2025-08-03 15:51:40', '2025-08-03 15:38:08', '2025-07-27', 'ููุชูู', 'ูุชูุณุท', '', '2025-07-27 09:36:21', '2025-07-28 08:15:29', 3, NULL, '2025-08-03 15:51:40', NULL, NULL),
(63, 21, 2, NULL, 0.00, 0.00, 0.00, 'ูุฏููุน', 'ููุฏู', '2025-07-27 13:39:27', '2025-08-03 15:51:55', '2025-08-03 15:51:47', '2025-07-27', 'ููุชูู', 'ูุชูุณุท', '', '2025-07-27 13:39:36', '2025-07-28 08:15:00', 2, NULL, '2025-08-03 15:51:55', NULL, NULL),
(64, 53, 2, NULL, 0.00, 0.00, 0.00, 'ูุฏููุน', 'ููุฏู', '2025-07-27 14:39:47', '2025-08-03 15:52:45', '2025-08-03 15:52:40', '2025-07-27', 'ููุชูู', 'ูุชูุณุท', '', '2025-07-27 14:39:55', '2025-07-28 08:15:08', 2, NULL, '2025-08-03 15:52:45', NULL, NULL),
(65, 54, 3, NULL, 0.00, 0.00, 0.00, 'ูุฏููุน', 'ููุฏู', '2025-07-27 16:22:37', '2025-08-03 16:03:24', '2025-08-03 16:03:17', '2025-07-27', 'ููุชูู', 'ูุชูุณุท', '', '2025-07-27 16:22:45', '2025-07-28 08:15:16', 3, NULL, '2025-08-03 16:03:24', NULL, NULL),
(66, 55, 3, NULL, 0.00, 0.00, 0.00, 'ูุฏููุน', 'ููุฏู', '2025-07-27 16:50:58', '2025-08-03 15:59:03', '2025-08-03 15:58:56', '2025-07-27', 'ููุชูู', 'ูุชูุณุท', '', '2025-07-27 16:51:06', '2025-07-28 08:14:49', 3, NULL, '2025-08-03 15:59:03', NULL, NULL),
(67, 56, 3, NULL, 0.00, 0.00, 0.00, 'ูุฏููุน', 'ููุฏู', '2025-07-27 17:31:51', '2025-08-04 09:29:00', '2025-08-04 18:32:52', '2025-07-27', 'ููุชูู', 'ูุชูุณุท', '', '2025-07-27 17:37:18', '2025-08-02 14:35:59', 3, NULL, '2025-08-04 18:32:52', NULL, NULL),
(68, 57, 3, NULL, 0.00, 0.00, 0.00, 'ูุฏููุน', 'ููุฏู', '2025-07-27 17:42:33', '2025-08-03 16:03:56', '2025-08-03 16:03:50', '2025-07-27', 'ููุชูู', 'ูุชูุณุท', '', '2025-07-27 17:51:27', '2025-07-28 08:14:38', 3, NULL, '2025-08-03 16:03:56', NULL, NULL),
(69, 58, 3, NULL, 0.00, 0.00, 0.00, 'ูุฏููุน', 'ููุฏู', '2025-07-27 18:56:50', '2025-08-03 16:04:22', '2025-08-03 16:04:16', '2025-07-27', 'ููุชูู', 'ูุชูุณุท', '', '2025-07-27 18:56:56', '2025-07-28 08:14:22', 3, NULL, '2025-08-03 16:04:22', NULL, NULL),
(70, 59, 3, NULL, 0.00, 0.00, 0.00, 'ุบูุฑ ูุฏููุน', 'ููุฏู', '2025-07-27 19:19:12', '2025-08-04 09:29:06', NULL, '2025-07-27', 'ุฌุงูุฒ ููุชุณููู', 'ูุชูุณุท', 'ุทุจุงุนุฉ ุนูุฏ ุงููุงู ุทูุจุฉ ุงุจู ุตุงูุญ ', '2025-07-27 19:19:19', '2025-08-03 17:22:11', 3, NULL, '2025-08-04 09:29:06', NULL, NULL),
(71, 23, 3, NULL, 0.00, 0.00, 0.00, 'ูุฏููุน', 'ููุฏู', '2025-07-28 07:48:04', '2025-08-03 17:24:33', '2025-08-03 17:24:39', '2025-07-28', 'ููุชูู', 'ูุชูุณุท', '', '2025-07-28 07:48:10', '2025-08-02 14:36:07', 3, NULL, '2025-08-03 17:24:39', NULL, NULL),
(72, 51, 2, NULL, 0.00, 0.00, 0.00, 'ุบูุฑ ูุฏููุน', 'ููุฏู', '2025-07-28 07:53:09', '2025-08-04 09:29:11', NULL, '2025-07-28', 'ุฌุงูุฒ ููุชุณููู', 'ูุชูุณุท', '', '2025-07-28 08:02:37', '2025-08-02 14:36:11', 2, NULL, '2025-08-04 09:29:11', NULL, NULL),
(73, 24, 2, NULL, 0.00, 0.00, 0.00, 'ูุฏููุน', 'ููุฏู', '2025-07-28 07:54:33', '2025-08-04 06:47:01', '2025-08-04 08:00:06', '2025-08-01', 'ููุชูู', 'ูุชูุณุท', '', '2025-07-29 06:50:06', '2025-08-02 14:39:42', 2, NULL, '2025-08-04 08:00:06', NULL, NULL),
(74, 21, 2, NULL, 0.00, 0.00, 0.00, 'ูุฏููุน', 'ููุฏู', '2025-07-28 07:56:05', '2025-08-03 17:25:24', '2025-08-03 17:25:30', '2025-07-28', 'ููุชูู', 'ูุชูุณุท', '', '2025-07-28 08:02:44', '2025-08-02 14:36:15', 2, NULL, '2025-08-03 17:25:30', NULL, NULL),
(75, 60, 2, NULL, 0.00, 0.00, 0.00, 'ูุฏููุน', 'ููุฏู', '2025-07-28 08:02:16', '2025-08-03 16:57:32', '2025-08-03 16:57:25', '2025-07-28', 'ููุชูู', 'ูุชูุณุท', '', '2025-07-28 08:02:53', '2025-08-02 14:36:20', 2, NULL, '2025-08-03 16:57:32', NULL, NULL),
(76, 29, 2, NULL, 0.00, 0.00, 0.00, 'ูุฏููุน', 'ููุฏู', '2025-07-28 08:06:14', '2025-08-03 16:58:08', '2025-08-03 16:58:02', '2025-07-28', 'ููุชูู', 'ูุชูุณุท', '', '2025-07-28 08:33:56', '2025-08-02 14:36:25', 2, NULL, '2025-08-03 16:58:08', NULL, NULL),
(77, 61, 3, NULL, 0.00, 0.00, 0.00, 'ูุฏููุน', 'ููุฏู', '2025-07-28 09:14:35', '2025-08-03 17:02:42', '2025-08-03 17:02:35', '2025-07-28', 'ููุชูู', 'ูุชูุณุท', '', '2025-07-28 09:16:26', '2025-08-02 14:36:29', 3, NULL, '2025-08-03 17:02:42', NULL, NULL),
(78, 62, 2, NULL, 0.00, 0.00, 0.00, 'ูุฏููุน', 'ููุฏู', '2025-07-28 11:08:22', '2025-08-04 09:29:17', '2025-08-04 18:40:50', '2025-07-28', 'ููุชูู', 'ูุชูุณุท', '', '2025-07-28 11:08:31', '2025-08-02 14:36:34', 2, NULL, '2025-08-04 18:40:50', NULL, NULL),
(79, 63, 3, NULL, 0.00, 0.00, 0.00, 'ูุฏููุน', 'ููุฏู', '2025-07-28 13:06:14', '2025-08-03 17:05:34', '2025-08-07 15:59:28', '2025-07-28', 'ููุชูู', 'ูุชูุณุท', 'ุฑุถูู ', '2025-07-28 14:00:19', '2025-08-02 14:36:38', 3, NULL, '2025-08-07 15:59:28', NULL, NULL),
(80, 56, 3, NULL, 0.00, 0.00, 0.00, 'ูุฏููุน', 'ููุฏู', '2025-07-28 14:00:05', '2025-08-04 06:53:31', '2025-08-04 06:53:39', '2025-07-28', 'ููุชูู', 'ูุชูุณุท', '', '2025-07-28 14:00:23', '2025-08-03 17:07:00', 3, NULL, '2025-08-04 06:53:39', NULL, NULL),
(81, 64, 3, NULL, 0.00, 0.00, 0.00, 'ูุฏููุน', 'ููุฏู', '2025-07-28 14:27:00', '2025-08-03 17:27:40', '2025-08-03 17:27:46', '2025-07-28', 'ููุชูู', 'ูุชูุณุท', '', '2025-07-28 14:53:04', '2025-08-03 17:27:31', 3, NULL, '2025-08-03 17:27:46', NULL, NULL),
(82, 34, 3, NULL, 0.00, 0.00, 0.00, 'ูุฏููุน', 'ููุฏู', '2025-07-28 15:46:03', '2025-08-03 18:46:27', '2025-08-03 18:46:32', '2025-07-28', 'ููุชูู', 'ูุชูุณุท', '', '2025-07-28 15:46:12', '2025-08-02 14:36:53', 3, NULL, '2025-08-03 18:46:32', NULL, NULL),
(83, 64, 3, NULL, 0.00, 0.00, 0.00, 'ูุฏููุน', 'ููุฏู', '2025-07-28 16:13:23', '2025-08-03 18:49:10', '2025-08-03 18:49:16', '2025-07-28', 'ููุชูู', 'ูุชูุณุท', '', '2025-07-28 16:13:30', '2025-08-02 14:36:58', 3, NULL, '2025-08-03 18:49:16', NULL, NULL),
(84, 60, 2, NULL, 0.00, 0.00, 0.00, 'ูุฏููุน', 'ููุฏู', '2025-07-29 06:49:04', '2025-08-03 18:49:38', '2025-08-03 18:49:45', '2025-07-29', 'ููุชูู', 'ูุชูุณุท', '', '2025-07-29 06:49:59', '2025-08-02 14:37:08', 2, NULL, '2025-08-03 18:49:45', NULL, NULL),
(85, 60, 2, NULL, 0.00, 0.00, 0.00, 'ูุฏููุน', 'ููุฏู', '2025-07-29 06:49:04', '2025-08-03 18:50:58', '2025-08-03 18:51:04', '2025-07-29', 'ููุชูู', 'ูุชูุณุท', '', '2025-07-29 06:50:16', '2025-08-02 14:37:11', 2, NULL, '2025-08-03 18:51:04', NULL, NULL),
(86, 65, 2, NULL, 0.00, 0.00, 0.00, 'ูุฏููุน', 'ููุฏู', '2025-07-29 06:49:46', '2025-08-03 18:51:11', '2025-08-03 18:51:17', '2025-07-29', 'ููุชูู', 'ูุชูุณุท', '', '2025-07-29 06:50:11', '2025-08-02 14:37:26', 2, NULL, '2025-08-03 18:51:17', NULL, NULL),
(87, 66, 2, NULL, 0.00, 0.00, 0.00, 'ูุฏููุน', 'ููุฏู', '2025-07-29 07:38:22', '2025-08-03 18:52:22', '2025-08-03 18:52:27', '2025-07-29', 'ููุชูู', 'ูุชูุณุท', '', '2025-07-29 07:38:27', '2025-08-02 14:37:21', 2, NULL, '2025-08-03 18:52:27', NULL, NULL),
(88, 67, 2, NULL, 0.00, 0.00, 0.00, 'ูุฏููุน', 'ููุฏู', '2025-07-29 07:40:03', '2025-08-03 18:52:45', '2025-08-03 18:52:49', '2025-07-29', 'ููุชูู', 'ูุชูุณุท', '', '2025-07-29 07:40:11', '2025-08-02 14:37:16', 2, NULL, '2025-08-03 18:52:49', NULL, NULL),
(89, 29, 2, NULL, 0.00, 0.00, 0.00, 'ูุฏููุน', 'ููุฏู', '2025-07-29 09:00:56', '2025-08-03 18:54:17', '2025-08-03 18:54:21', '2025-07-29', 'ููุชูู', 'ูุชูุณุท', '', '2025-07-29 13:30:50', '2025-08-02 14:37:32', 2, NULL, '2025-08-03 18:54:21', NULL, NULL),
(90, 22, 2, NULL, 0.00, 0.00, 0.00, 'ูุฏููุน', 'ููุฏู', '2025-07-29 09:01:22', '2025-08-03 18:54:53', '2025-08-03 18:54:58', '2025-07-29', 'ููุชูู', 'ูุชูุณุท', '', '2025-07-29 13:32:05', '2025-08-02 14:37:37', 2, NULL, '2025-08-03 18:54:58', NULL, NULL),
(91, 49, 2, NULL, 0.00, 0.00, 0.00, 'ุบูุฑ ูุฏููุน', 'ููุฏู', '2025-07-29 09:02:01', '2025-08-06 19:16:36', NULL, '2025-07-29', 'ุฌุงูุฒ ููุชุณููู', 'ูุชูุณุท', '', '2025-07-29 13:32:12', '2025-08-02 14:37:41', 2, NULL, '2025-08-06 19:16:36', NULL, NULL),
(92, 30, 3, NULL, 0.00, 0.00, 0.00, 'ูุฏููุน', 'ููุฏู', '2025-07-29 09:10:45', '2025-08-07 21:06:38', '2025-08-07 21:06:15', '2025-07-29', 'ููุชูู', 'ูุชูุณุท', 'ุฑุถูู ', '2025-08-07 21:06:01', '2025-08-07 21:06:07', 3, NULL, '2025-08-07 21:06:38', NULL, NULL),
(93, 68, 3, NULL, 0.00, 0.00, 0.00, 'ูุฏููุน', 'ููุฏู', '2025-07-29 09:12:28', '2025-08-04 06:22:55', '2025-08-04 15:06:00', '2025-07-29', 'ููุชูู', 'ูุชูุณุท', '', '2025-07-29 09:16:57', '2025-08-02 14:37:48', 3, NULL, '2025-08-04 15:06:00', NULL, NULL),
(94, 69, 3, NULL, 0.00, 0.00, 0.00, 'ูุฏููุน', 'ููุฏู', '2025-07-29 09:14:35', '2025-08-04 06:23:10', '2025-08-04 18:43:16', '2025-07-29', 'ููุชูู', 'ูุชูุณุท', 'ุนููุฉ', '2025-07-29 09:17:03', '2025-08-02 14:37:54', 3, NULL, '2025-08-04 18:43:16', NULL, NULL),
(96, 36, 2, NULL, 0.00, 0.00, 0.00, 'ูุฏููุน', 'ููุฏู', '2025-07-29 13:47:20', '2025-08-04 06:23:22', '2025-08-08 14:27:45', '2025-07-29', 'ููุชูู', 'ูุชูุณุท', 'ุชู ุงูุบุงุก ุงูุทูุจ ', '2025-07-29 13:47:27', '2025-08-02 14:37:58', 2, NULL, '2025-08-08 14:27:45', NULL, NULL),
(97, 49, 2, NULL, 0.00, 0.00, 0.00, 'ูุฏููุน', 'ููุฏู', '2025-07-29 14:39:55', '2025-08-04 09:30:09', '2025-08-07 21:07:05', '2025-07-29', 'ููุชูู', 'ูุชูุณุท', '', '2025-07-29 14:41:05', '2025-08-02 14:38:14', 2, NULL, '2025-08-07 21:07:05', NULL, NULL),
(98, 34, 2, NULL, 0.00, 0.00, 0.00, 'ุบูุฑ ูุฏููุน', 'ููุฏู', '2025-07-29 14:41:00', '2025-08-04 14:02:17', NULL, '2025-07-29', 'ุฌุงูุฒ ููุชุณููู', 'ูุชูุณุท', '', '2025-07-29 14:41:09', '2025-08-02 14:38:09', 2, NULL, '2025-08-04 14:02:17', NULL, NULL),
(99, 71, 2, NULL, 0.00, 0.00, 0.00, 'ูุฏููุน', 'ููุฏู', '2025-07-29 15:35:09', '2025-08-04 09:30:36', '2025-08-04 18:28:45', '2025-07-29', 'ููุชูู', 'ูุชูุณุท', 'ุงูุนูู ูุฌุงูุง ุนููุฉ ', '2025-07-30 13:57:55', '2025-08-02 14:38:03', 2, NULL, '2025-08-04 18:28:45', NULL, NULL),
(100, 72, 3, NULL, 0.00, 0.00, 0.00, 'ูุฏููุน', 'ููุฏู', '2025-07-29 19:16:29', '2025-08-04 06:25:22', '2025-08-04 07:08:08', '2025-07-29', 'ููุชูู', 'ูุชูุณุท', '', '2025-07-29 19:16:38', '2025-08-02 14:38:29', 3, NULL, '2025-08-04 07:08:08', NULL, NULL),
(101, 51, 2, NULL, 0.00, 0.00, 0.00, 'ุบูุฑ ูุฏููุน', 'ููุฏู', '2025-07-30 13:58:37', '2025-08-04 09:30:49', NULL, '2025-07-30', 'ุฌุงูุฒ ููุชุณููู', 'ูุชูุณุท', '', '2025-07-30 14:03:46', '2025-08-02 14:38:33', 2, NULL, '2025-08-04 09:30:49', NULL, NULL),
(102, 45, 2, NULL, 0.00, 0.00, 0.00, 'ูุฏููุน', 'ููุฏู', '2025-07-30 13:58:58', '2025-08-04 06:26:09', '2025-08-07 21:07:19', '2025-07-30', 'ููุชูู', 'ูุชูุณุท', '', '2025-07-30 14:03:22', '2025-08-02 14:38:38', 2, NULL, '2025-08-07 21:07:19', NULL, NULL),
(103, 73, 2, NULL, 0.00, 0.00, 0.00, 'ูุฏููุน', 'ููุฏู', '2025-07-30 14:00:34', '2025-08-04 06:26:29', '2025-08-04 07:08:30', '2025-07-30', 'ููุชูู', 'ูุชูุณุท', '', '2025-07-30 14:03:40', '2025-08-02 14:38:42', 2, NULL, '2025-08-04 07:08:30', NULL, NULL),
(104, 22, 2, NULL, 0.00, 0.00, 0.00, 'ูุฏููุน', 'ููุฏู', '2025-07-30 14:02:02', '2025-08-04 06:26:40', '2025-08-07 21:07:26', '2025-07-30', 'ููุชูู', 'ูุชูุณุท', '', '2025-07-30 14:03:27', '2025-08-02 14:38:46', 2, NULL, '2025-08-07 21:07:26', NULL, NULL),
(105, 34, 2, NULL, 0.00, 0.00, 0.00, 'ูุฏููุน', 'ููุฏู', '2025-07-30 14:02:43', '2025-08-04 09:31:01', '2025-08-09 14:45:53', '2025-07-30', 'ููุชูู', 'ูุชูุณุท', '', '2025-07-30 14:03:33', '2025-08-02 14:38:50', 2, NULL, '2025-08-09 14:45:53', NULL, NULL),
(106, 74, 2, NULL, 0.00, 0.00, 0.00, 'ูุฏููุน', 'ููุฏู', '2025-07-30 14:04:48', '2025-08-04 06:27:18', '2025-08-07 21:07:43', '2025-07-30', 'ููุชูู', 'ูุชูุณุท', '', '2025-07-30 14:04:52', '2025-08-02 14:38:55', 2, NULL, '2025-08-07 21:07:43', NULL, NULL),
(107, 75, 2, NULL, 0.00, 0.00, 0.00, 'ูุฏููุน', 'ููุฏู', '2025-07-30 14:38:36', '2025-08-04 06:27:32', '2025-08-07 21:07:55', '2025-07-30', 'ููุชูู', 'ูุชูุณุท', '', '2025-07-30 14:38:42', '2025-08-02 14:38:59', 2, NULL, '2025-08-07 21:07:55', NULL, NULL),
(108, 70, 2, NULL, 0.00, 0.00, 0.00, 'ูุฏููุน', 'ููุฏู', '2025-07-30 14:39:28', '2025-08-04 06:27:43', '2025-08-07 21:08:10', '2025-07-30', 'ููุชูู', 'ูุชูุณุท', '', '2025-07-30 15:34:56', '2025-08-02 14:39:02', 2, NULL, '2025-08-07 21:08:10', NULL, NULL),
(109, 76, 2, NULL, 0.00, 0.00, 0.00, 'ูุฏููุน', 'ููุฏู', '2025-07-30 14:40:51', '2025-08-04 06:36:45', '2025-08-07 21:08:27', '2025-07-30', 'ููุชูู', 'ูุชูุณุท', '', '2025-07-30 15:35:01', '2025-08-02 14:39:08', 2, NULL, '2025-08-07 21:08:27', NULL, NULL),
(110, 77, 2, NULL, 0.00, 0.00, 0.00, 'ูุฏููุน', 'ููุฏู', '2025-07-30 15:36:48', '2025-08-04 06:36:55', '2025-08-07 21:08:49', '2025-07-30', 'ููุชูู', 'ูุชูุณุท', '', '2025-07-31 07:08:19', '2025-08-02 14:39:12', 2, NULL, '2025-08-07 21:08:49', NULL, NULL),
(111, 78, 2, NULL, 0.00, 0.00, 0.00, 'ูุฏููุน', 'ููุฏู', '2025-07-30 15:37:46', '2025-08-06 19:16:40', '2025-08-08 14:54:50', '2025-07-30', 'ููุชูู', 'ูุชูุณุท', '', '2025-07-31 07:07:48', '2025-08-04 14:47:57', 2, NULL, '2025-08-08 14:54:50', NULL, NULL),
(112, 79, 2, NULL, 0.00, 0.00, 0.00, 'ูุฏููุน', 'ููุฏู', '2025-07-30 17:03:51', '2025-08-04 06:37:49', '2025-08-07 21:09:25', '2025-07-30', 'ููุชูู', 'ูุชูุณุท', '', '2025-07-30 17:04:01', '2025-08-04 06:37:41', 2, NULL, '2025-08-07 21:09:25', NULL, NULL),
(113, 80, 2, NULL, 0.00, 0.00, 0.00, 'ูุฏููุน', 'ููุฏู', '2025-07-31 07:29:26', '2025-08-04 06:38:05', '2025-08-07 21:09:34', '2025-07-31', 'ููุชูู', 'ูุชูุณุท', '', '2025-07-31 07:29:31', '2025-08-04 06:37:57', 2, NULL, '2025-08-07 21:09:34', NULL, NULL),
(115, 66, 2, NULL, 0.00, 0.00, 0.00, 'ูุฏููุน', 'ููุฏู', '2025-07-31 16:13:00', '2025-08-04 06:38:31', '2025-08-07 21:09:48', '2025-07-31', 'ููุชูู', 'ูุชูุณุท', '', '2025-08-02 14:51:07', '2025-08-04 06:38:23', 2, NULL, '2025-08-07 21:09:48', NULL, NULL),
(116, 81, 2, NULL, 0.00, 0.00, 0.00, 'ูุฏููุน', 'ููุฏู', '2025-07-31 16:13:44', '2025-08-04 09:31:53', '2025-08-07 21:10:04', '2025-07-31', 'ููุชูู', 'ูุชูุณุท', '', '2025-08-02 14:51:12', '2025-08-04 09:31:37', 2, NULL, '2025-08-07 21:10:04', NULL, NULL),
(117, 82, 2, NULL, 0.00, 0.00, 0.00, 'ูุฏููุน', 'ููุฏู', '2025-08-02 08:37:07', '2025-08-04 14:02:56', '2025-08-04 15:03:21', '2025-08-02', 'ููุชูู', 'ูุชูุณุท', '', '2025-08-02 14:52:52', '2025-08-04 06:48:14', 2, NULL, '2025-08-04 15:03:21', NULL, NULL),
(118, 49, 2, NULL, 0.00, 0.00, 0.00, 'ูุฏููุน', 'ููุฏู', '2025-08-02 08:40:49', '2025-08-06 19:16:21', '2025-08-07 21:10:23', '2025-08-02', 'ููุชูู', 'ูุชูุณุท', '', '2025-08-02 14:52:57', '2025-08-04 14:47:43', 2, NULL, '2025-08-07 21:10:23', NULL, NULL),
(119, 83, 2, NULL, 0.00, 0.00, 0.00, 'ูุฏููุน', 'ููุฏู', '2025-08-02 08:42:20', '2025-08-06 19:16:19', '2025-08-07 21:10:30', '2025-08-02', 'ููุชูู', 'ูุชูุณุท', '', '2025-08-02 14:53:01', '2025-08-04 14:47:51', 2, NULL, '2025-08-07 21:10:30', NULL, NULL),
(120, 84, 2, NULL, 0.00, 0.00, 0.00, 'ูุฏููุน', 'ููุฏู', '2025-08-02 09:07:59', '2025-08-04 14:07:13', '2025-08-08 14:48:59', '2025-08-02', 'ููุชูู', 'ูุชูุณุท', 'ุชู ุงูุบุงุก ุงูุทูุจ ุจุณุจุจ ุงูุฒุจูู ุุ ', '2025-08-02 14:53:05', '2025-08-04 14:07:03', 2, NULL, '2025-08-08 14:48:59', NULL, NULL),
(121, 30, 2, NULL, 0.00, 0.00, 0.00, 'ูุฏููุน', 'ููุฏู', '2025-08-02 09:09:16', '2025-08-04 14:07:34', '2025-08-07 21:10:54', '2025-08-02', 'ููุชูู', 'ูุชูุณุท', '', '2025-08-02 14:50:00', '2025-08-04 14:07:26', 2, NULL, '2025-08-07 21:10:54', NULL, NULL),
(122, 38, 2, NULL, 0.00, 0.00, 0.00, 'ูุฏููุน', 'ููุฏู', '2025-08-02 14:48:32', '2025-08-04 14:07:54', '2025-08-08 14:50:02', '2025-08-02', 'ููุชูู', 'ูุชูุณุท', '', '2025-08-02 14:53:09', '2025-08-04 14:07:47', 2, NULL, '2025-08-08 14:50:02', NULL, NULL),
(123, 34, 2, NULL, 0.00, 0.00, 0.00, 'ูุฏููุน', 'ููุฏู', '2025-08-02 14:49:47', '2025-08-04 14:08:16', '2025-08-05 21:28:09', '2025-08-02', 'ููุชูู', 'ูุชูุณุท', '', '2025-08-02 14:53:14', '2025-08-04 14:08:07', 2, NULL, '2025-08-05 21:28:09', NULL, NULL),
(124, 85, 2, NULL, 0.00, 0.00, 0.00, 'ุบูุฑ ูุฏููุน', 'ููุฏู', '2025-08-02 14:51:02', '2025-08-06 19:16:06', NULL, '2025-08-02', 'ุฌุงูุฒ ููุชุณููู', 'ูุชูุณุท', '', '2025-08-02 14:53:18', '2025-08-04 14:08:27', 2, NULL, '2025-08-06 19:16:06', NULL, NULL),
(125, 86, 2, NULL, 0.00, 0.00, 0.00, 'ูุฏููุน', 'ููุฏู', '2025-08-02 14:52:30', '2025-08-04 14:09:00', '2025-08-05 21:28:39', '2025-08-02', 'ููุชูู', 'ูุชูุณุท', '', '2025-08-02 14:53:22', '2025-08-04 14:08:48', 2, NULL, '2025-08-05 21:28:39', NULL, NULL),
(126, 87, 2, NULL, 0.00, 0.00, 0.00, 'ูุฏููุน', 'ููุฏู', '2025-08-02 15:18:20', '2025-08-04 14:09:15', '2025-08-05 21:28:54', '2025-08-02', 'ููุชูู', 'ูุชูุณุท', '', '2025-08-02 15:18:25', '2025-08-04 14:09:09', 2, NULL, '2025-08-05 21:28:54', NULL, NULL),
(127, 88, 2, NULL, 0.00, 0.00, 0.00, 'ูุฏููุน', 'ููุฏู', '2025-08-02 17:02:30', '2025-08-06 19:16:08', '2025-08-13 15:48:55', '2025-08-02', 'ุฌุงูุฒ ููุชุณููู', 'ูุชูุณุท', '', '2025-08-02 17:02:34', '2025-08-04 14:09:32', 2, NULL, '2025-08-13 15:48:55', NULL, NULL),
(128, 89, 2, NULL, 0.00, 0.00, 0.00, 'ูุฏููุน', 'ููุฏู', '2025-08-02 17:57:41', '2025-08-04 14:09:57', '2025-08-05 21:29:12', '2025-08-02', 'ููุชูู', 'ูุชูุณุท', '', '2025-08-02 17:57:44', '2025-08-04 14:09:47', 2, NULL, '2025-08-05 21:29:12', NULL, NULL),
(129, 90, 2, NULL, 0.00, 0.00, 0.00, 'ูุฏููุน', 'ููุฏู', '2025-08-03 07:45:49', '2025-08-04 14:10:31', '2025-08-05 21:29:27', '2025-08-03', 'ููุชูู', 'ูุชูุณุท', '', '2025-08-03 07:45:55', '2025-08-04 14:10:18', 2, NULL, '2025-08-05 21:29:27', NULL, NULL),
(130, 30, 2, NULL, 0.00, 0.00, 0.00, 'ูุฏููุน', 'ููุฏู', '2025-08-03 08:21:47', '2025-08-04 14:11:07', '2025-08-04 16:49:40', '2025-08-03', 'ููุชูู', 'ูุชูุณุท', '', '2025-08-03 08:21:52', '2025-08-04 14:10:47', 2, NULL, '2025-08-04 16:49:40', NULL, NULL),
(131, 91, 2, NULL, 0.00, 0.00, 0.00, 'ูุฏููุน', 'ููุฏู', '2025-08-03 14:44:08', '2025-08-04 14:11:29', '2025-08-04 16:49:14', '2025-08-03', 'ููุชูู', 'ูุชูุณุท', '', '2025-08-03 16:06:08', '2025-08-04 14:11:16', 2, NULL, '2025-08-04 16:49:14', NULL, NULL),
(132, 22, 2, NULL, 0.00, 0.00, 0.00, 'ูุฏููุน', 'ููุฏู', '2025-08-03 14:52:18', '2025-08-04 14:11:48', '2025-08-05 21:29:42', '2025-08-03', 'ููุชูู', 'ูุชูุณุท', '', '2025-08-03 16:06:14', '2025-08-04 14:11:42', 2, NULL, '2025-08-05 21:29:42', NULL, NULL),
(133, 34, 2, NULL, 0.00, 0.00, 0.00, 'ูุฏููุน', 'ููุฏู', '2025-08-03 14:56:31', '2025-08-05 21:30:28', '2025-08-05 21:30:36', '2025-08-03', 'ููุชูู', 'ูุชูุณุท', '', '2025-08-03 16:06:18', '2025-08-04 14:36:52', 2, NULL, '2025-08-05 21:30:36', NULL, NULL),
(134, 92, 2, NULL, 0.00, 0.00, 0.00, 'ูุฏููุน', 'ููุฏู', '2025-08-03 14:57:36', '2025-08-06 19:15:17', '2025-08-03 15:02:26', '2025-08-06', 'ููุชูู', 'ูุชูุณุท', '', '2025-08-04 07:59:54', '2025-08-04 09:32:33', 2, NULL, '2025-08-06 19:15:17', NULL, NULL),
(135, 82, 2, NULL, 0.00, 0.00, 0.00, 'ูุฏููุน', 'ููุฏู', '2025-08-03 14:58:26', '2025-08-04 14:13:46', '2025-08-05 21:35:06', '2025-08-03', 'ููุชูู', 'ูุชูุณุท', '', '2025-08-03 16:06:25', '2025-08-04 14:12:17', 2, NULL, '2025-08-05 21:35:06', NULL, NULL),
(136, 93, 2, NULL, 0.00, 0.00, 0.00, 'ูุฏููุน', 'ููุฏู', '2025-08-03 14:59:54', '2025-08-05 21:35:55', '2025-08-05 21:36:00', '2025-08-03', 'ููุชูู', 'ูุชูุณุท', '', '2025-08-04 16:34:14', '2025-08-05 21:35:43', 2, NULL, '2025-08-05 21:36:00', NULL, NULL),
(137, 94, 2, NULL, 0.00, 0.00, 0.00, 'ูุฏููุน', 'ููุฏู', '2025-08-03 16:10:54', '2025-08-06 19:16:10', '2025-08-08 14:50:39', '2025-08-03', 'ููุชูู', 'ูุชูุณุท', '', '2025-08-03 16:20:31', '2025-08-04 14:14:07', 2, NULL, '2025-08-08 14:50:39', NULL, NULL),
(138, 87, 2, NULL, 0.00, 0.00, 0.00, 'ูุฏููุน', 'ููุฏู', '2025-08-03 16:16:44', '2025-08-06 19:15:49', '2025-08-08 14:56:15', '2025-08-04', 'ููุชูู', 'ูุชูุณุท', '', '2025-08-03 18:21:25', '2025-08-04 14:19:36', 2, NULL, '2025-08-08 14:56:15', NULL, NULL),
(139, 32, 2, NULL, 0.00, 0.00, 0.00, 'ูุฏููุน', 'ููุฏู', '2025-08-03 16:17:09', '2025-08-06 19:16:02', '2025-08-08 14:51:09', '2025-08-03', 'ููุชูู', 'ูุชูุณุท', '', '2025-08-03 16:20:42', '2025-08-04 14:14:24', 2, NULL, '2025-08-08 14:51:09', NULL, NULL),
(140, 74, 2, NULL, 0.00, 0.00, 0.00, 'ูุฏููุน', 'ููุฏู', '2025-08-03 16:20:22', '2025-08-04 16:49:05', '2025-08-08 14:55:29', '2025-08-03', 'ููุชูู', 'ูุชูุณุท', '', '2025-08-03 16:20:36', '2025-08-04 14:16:04', 2, NULL, '2025-08-08 14:55:29', NULL, NULL),
(141, 62, 2, NULL, 0.00, 0.00, 0.00, 'ุบูุฑ ูุฏููุน', 'ููุฏู', '2025-08-03 18:18:26', '2025-08-06 19:16:00', NULL, '2025-08-03', 'ุฌุงูุฒ ููุชุณููู', 'ูุชูุณุท', '', '2025-08-04 07:28:08', '2025-08-04 14:16:42', 2, NULL, '2025-08-06 19:16:00', NULL, NULL),
(142, 95, 2, NULL, 0.00, 0.00, 0.00, 'ุบูุฑ ูุฏููุน', 'ููุฏู', '2025-08-03 18:21:18', '2025-08-06 19:15:58', NULL, '2025-08-03', 'ุฌุงูุฒ ููุชุณููู', 'ูุชูุณุท', '', '2025-08-04 07:28:14', '2025-08-04 14:36:44', 2, NULL, '2025-08-06 19:15:58', NULL, NULL),
(143, 87, 2, NULL, 0.00, 0.00, 0.00, 'ูุฏููุน', 'ููุฏู', '2025-08-04 08:00:28', '2025-08-06 19:15:53', '2025-08-08 14:56:30', '2025-08-04', 'ููุชูู', 'ูุชูุณุท', '', '2025-08-04 08:00:35', '2025-08-04 14:20:03', 2, NULL, '2025-08-08 14:56:30', NULL, NULL),
(144, 82, 2, NULL, 0.00, 0.00, 0.00, 'ูุฏููุน', 'ููุฏู', '2025-08-04 16:34:45', '2025-08-06 19:15:55', '2025-08-08 14:56:48', '2025-08-04', 'ููุชูู', 'ูุชูุณุท', '', '2025-08-04 16:36:54', '2025-08-04 18:47:07', 2, NULL, '2025-08-08 14:56:48', NULL, NULL),
(145, 29, 2, NULL, 0.00, 0.00, 0.00, 'ุบูุฑ ูุฏููุน', 'ููุฏู', '2025-08-04 16:35:30', '2025-08-06 19:15:45', NULL, '2025-08-04', 'ุฌุงูุฒ ููุชุณููู', 'ูุชูุณุท', '', '2025-08-04 16:36:50', '2025-08-06 19:15:40', 2, NULL, '2025-08-06 19:15:45', NULL, NULL),
(146, 96, 2, NULL, 0.00, 0.00, 0.00, 'ูุฏููุน', 'ููุฏู', '2025-08-04 16:38:44', '2025-08-07 14:59:40', '2025-08-09 14:54:18', '2025-08-04', 'ููุชูู', 'ูุชูุณุท', '', '2025-08-04 18:05:20', '2025-08-06 19:17:38', 2, NULL, '2025-08-09 14:54:18', NULL, NULL),
(147, 97, 2, NULL, 0.00, 0.00, 0.00, 'ูุฏููุน', 'ููุฏู', '2025-08-04 16:41:18', '2025-08-06 19:16:59', '2025-08-08 14:57:32', '2025-08-04', 'ููุชูู', 'ูุชูุณุท', '', '2025-08-04 16:43:35', '2025-08-06 19:16:54', 2, NULL, '2025-08-08 14:57:32', NULL, NULL),
(148, 22, 2, NULL, 0.00, 0.00, 0.00, 'ูุฏููุน', 'ููุฏู', '2025-08-04 16:51:03', '2025-08-07 14:59:44', '2025-08-08 15:04:10', '2025-08-04', 'ููุชูู', 'ูุชูุณุท', '', '2025-08-04 16:54:02', '2025-08-06 19:17:30', 2, NULL, '2025-08-08 15:04:10', NULL, NULL),
(149, 94, 2, NULL, 0.00, 0.00, 0.00, 'ูุฏููุน', 'ููุฏู', '2025-08-04 16:52:55', '2025-08-07 14:59:46', '2025-08-08 15:04:40', '2025-08-04', 'ููุชูู', 'ูุชูุณุท', '', '2025-08-04 16:54:13', '2025-08-06 19:17:05', 2, NULL, '2025-08-08 15:04:40', NULL, NULL),
(150, 98, 2, NULL, 0.00, 0.00, 0.00, 'ูุฏููุน', 'ููุฏู', '2025-08-04 16:58:02', '2025-08-07 14:59:52', '2025-08-08 15:28:14', '2025-08-04', 'ููุชูู', 'ูุชูุณุท', '', '2025-08-04 16:58:09', '2025-08-06 19:17:24', 2, NULL, '2025-08-08 15:28:14', NULL, NULL),
(151, 99, 2, NULL, 0.00, 0.00, 0.00, 'ูุฏููุน', 'ููุฏู', '2025-08-04 18:05:07', '2025-08-07 14:59:50', '2025-08-08 15:14:48', '2025-08-04', 'ููุชูู', 'ูุชูุณุท', '', '2025-08-04 18:38:59', '2025-08-06 19:17:19', 2, NULL, '2025-08-08 15:14:48', NULL, NULL),
(152, 100, 2, NULL, 0.00, 0.00, 0.00, 'ุบูุฑ ูุฏููุน', 'ููุฏู', '2025-08-04 18:39:48', '2025-08-07 14:59:48', NULL, '2025-08-04', 'ุฌุงูุฒ ููุชุณููู', 'ูุชูุณุท', '', '2025-08-04 18:39:52', '2025-08-06 19:17:11', 2, NULL, '2025-08-07 14:59:48', NULL, NULL),
(153, 45, 2, NULL, 0.00, 0.00, 0.00, 'ูุฏููุน', 'ููุฏู', '2025-08-05 07:07:47', '2025-08-07 15:03:09', '2025-08-09 14:55:07', '2025-08-05', 'ููุชูู', 'ูุชูุณุท', '', '2025-08-05 07:07:52', '2025-08-07 14:59:57', 2, NULL, '2025-08-09 14:55:07', NULL, NULL),
(154, 101, 6, NULL, 300.00, 300.00, 0.00, 'ูุฏููุน', 'ููุฏู', '2025-08-05 07:07:47', '2025-08-06 19:10:05', '2025-08-09 16:49:05', '2025-08-07', 'ููุชูู', 'ูุชูุณุท', '', '2025-08-05 22:11:47', '2025-08-06 19:09:45', 6, NULL, '2025-08-09 16:49:05', NULL, NULL),
(155, 102, 3, NULL, 0.00, 0.00, 0.00, 'ูุฏููุน', 'ููุฏู', '2025-08-05 07:17:55', '2025-08-07 15:02:58', '2025-08-08 15:32:08', '2025-08-05', 'ููุชูู', 'ุนุงุฌู ุฌุฏุงู', '', '2025-08-05 07:18:03', '2025-08-07 15:00:11', 3, NULL, '2025-08-08 15:32:08', NULL, NULL),
(156, 103, 2, NULL, 0.00, 0.00, 0.00, 'ูุฏููุน', 'ููุฏู', '2025-08-05 08:11:43', '2025-08-07 15:03:05', '2025-08-08 15:16:55', '2025-08-05', 'ููุชูู', 'ูุชูุณุท', '', '2025-08-05 08:11:48', '2025-08-07 15:00:16', 2, NULL, '2025-08-08 15:16:55', NULL, NULL),
(157, 104, 3, NULL, 0.00, 0.00, 0.00, 'ูุฏููุน', 'ููุฏู', '2025-08-05 08:57:10', '2025-08-07 15:02:49', '2025-08-08 15:17:12', '2025-08-05', 'ููุชูู', 'ูุชูุณุท', '', '2025-08-05 09:05:42', '2025-08-06 19:17:45', 3, NULL, '2025-08-08 15:17:12', NULL, NULL),
(158, 102, 3, NULL, 0.00, 0.00, 0.00, 'ูุฏููุน', 'ููุฏู', '2025-08-05 09:10:17', '2025-08-07 15:02:45', '2025-08-08 15:17:27', '2025-08-05', 'ููุชูู', 'ูุชูุณุท', '', '2025-08-05 09:10:31', '2025-08-06 19:17:50', 3, NULL, '2025-08-08 15:17:27', NULL, NULL),
(159, 105, 3, NULL, 0.00, 0.00, 0.00, 'ุบูุฑ ูุฏููุน', 'ููุฏู', '2025-08-05 14:32:30', '2025-08-07 15:02:47', NULL, '2025-08-05', 'ุฌุงูุฒ ููุชุณููู', 'ูุชูุณุท', '', '2025-08-05 14:32:40', '2025-08-06 19:17:57', 3, NULL, '2025-08-07 15:02:47', NULL, NULL),
(160, 49, 3, NULL, 0.00, 0.00, 0.00, 'ูุฏููุน', 'ููุฏู', '2025-08-05 15:09:16', '2025-08-07 15:02:42', '2025-08-08 15:17:52', '2025-08-05', 'ููุชูู', 'ูุชูุณุท', '', '2025-08-05 15:09:29', '2025-08-07 15:00:22', 3, NULL, '2025-08-08 15:17:52', NULL, NULL),
(161, 82, 2, NULL, 0.00, 0.00, 0.00, 'ูุฏููุน', 'ููุฏู', '2025-08-05 15:17:44', '2025-08-07 15:02:34', '2025-08-08 15:25:47', '2025-08-05', 'ููุชูู', 'ูุชูุณุท', '', '2025-08-05 15:17:49', '2025-08-07 15:00:26', 2, NULL, '2025-08-08 15:25:47', NULL, NULL),
(162, 106, 2, NULL, 0.00, 0.00, 0.00, 'ูุฏููุน', 'ููุฏู', '2025-08-05 15:20:13', '2025-08-07 15:02:38', '2025-08-08 15:26:30', '2025-08-05', 'ููุชูู', 'ูุชูุณุท', '', '2025-08-05 15:20:17', '2025-08-07 15:00:31', 2, NULL, '2025-08-08 15:26:30', NULL, NULL),
(163, 107, 2, NULL, 0.00, 0.00, 0.00, 'ูุฏููุน', 'ููุฏู', '2025-08-05 15:22:12', '2025-08-07 15:02:39', '2025-08-08 15:27:17', '2025-08-05', 'ููุชูู', 'ูุชูุณุท', '', '2025-08-05 15:22:15', '2025-08-07 15:00:37', 2, NULL, '2025-08-08 15:27:17', NULL, NULL),
(164, 108, 2, NULL, 0.00, 0.00, 0.00, 'ูุฏููุน', 'ููุฏู', '2025-08-05 15:23:31', '2025-08-07 15:02:43', '2025-08-08 15:31:13', '2025-08-05', 'ููุชูู', 'ูุชูุณุท', '', '2025-08-05 15:24:28', '2025-08-07 15:00:43', 2, NULL, '2025-08-08 15:31:13', NULL, NULL),
(165, 109, 2, NULL, 0.00, 0.00, 0.00, 'ูุฏููุน', 'ููุฏู', '2025-08-05 15:24:25', '2025-08-07 15:02:53', '2025-08-09 16:44:07', '2025-08-05', 'ููุชูู', 'ูุชูุณุท', '', '2025-08-05 15:24:32', '2025-08-07 15:00:47', 2, NULL, '2025-08-09 16:44:07', NULL, NULL),
(166, 22, 2, NULL, 0.00, 0.00, 0.00, 'ูุฏููุน', 'ููุฏู', '2025-08-05 15:25:46', '2025-08-07 15:02:55', '2025-08-09 16:44:46', '2025-08-05', 'ููุชูู', 'ูุชูุณุท', '', '2025-08-05 15:25:51', '2025-08-07 15:00:53', 2, NULL, '2025-08-09 16:44:46', NULL, NULL),
(167, 30, 3, NULL, 0.00, 0.00, 0.00, 'ูุฏููุน', 'ููุฏู', '2025-08-05 15:28:50', '2025-08-07 15:02:28', '2025-08-09 15:45:32', '2025-08-05', 'ููุชูู', 'ูุชูุณุท', '', '2025-08-05 16:55:31', '2025-08-07 15:00:58', 3, NULL, '2025-08-09 15:45:32', NULL, NULL),
(168, 110, 3, NULL, 0.00, 0.00, 0.00, 'ุบูุฑ ูุฏููุน', 'ููุฏู', '2025-08-05 16:55:17', '2025-08-07 15:02:30', NULL, '2025-08-05', 'ุฌุงูุฒ ููุชุณููู', 'ูุชูุณุท', '', '2025-08-05 16:55:37', '2025-08-07 15:01:16', 3, NULL, '2025-08-07 15:02:30', NULL, NULL),
(169, 38, 3, NULL, 0.00, 0.00, 0.00, 'ูุฏููุน', 'ููุฏู', '2025-08-05 17:33:59', '2025-08-07 15:03:20', '2025-08-09 15:47:12', '2025-08-05', 'ููุชูู', 'ุนุงุฌู ุฌุฏุงู', '', '2025-08-05 17:34:07', '2025-08-07 15:01:06', 3, NULL, '2025-08-09 15:47:12', NULL, NULL),
(170, 111, 2, NULL, 0.00, 0.00, 0.00, 'ุบูุฑ ูุฏููุน', 'ููุฏู', '2025-08-06 13:45:13', '2025-08-06 19:14:58', NULL, '2025-08-06', 'ุฌุงูุฒ ููุชุณููู', 'ูุชูุณุท', '', '2025-08-06 13:45:17', '2025-08-06 19:14:53', 2, NULL, '2025-08-06 19:14:58', NULL, NULL),
(171, 34, 2, NULL, 75.00, 0.00, 0.00, 'ุบูุฑ ูุฏููุน', 'ููุฏู', '2025-08-06 14:02:06', '2025-08-06 19:14:46', NULL, '2025-08-06', 'ุฌุงูุฒ ููุชุณููู', 'ูุชูุณุท', '', '2025-08-06 14:15:49', '2025-08-06 19:14:41', 2, NULL, '2025-08-13 07:25:04', NULL, NULL),
(172, 112, 2, NULL, 0.00, 0.00, 0.00, 'ูุฏููุน', 'ููุฏู', '2025-08-06 14:07:46', '2025-08-06 19:13:17', '2025-08-09 15:48:01', '2025-08-06', 'ููุชูู', 'ูุชูุณุท', '', '2025-08-06 17:42:22', '2025-08-06 19:13:10', 2, NULL, '2025-08-09 15:48:01', NULL, NULL),
(173, 33, 2, NULL, 0.00, 0.00, 0.00, 'ุบูุฑ ูุฏููุน', 'ููุฏู', '2025-08-06 14:15:43', '2025-08-06 19:13:01', NULL, '2025-08-06', 'ุฌุงูุฒ ููุชุณููู', 'ูุชูุณุท', '', '2025-08-06 14:15:55', '2025-08-06 19:12:57', 2, NULL, '2025-08-06 19:13:01', NULL, NULL),
(174, 113, 3, NULL, 0.00, 0.00, 0.00, 'ูุฏููุน', 'ููุฏู', '2025-08-06 14:16:02', '2025-08-07 15:02:17', '2025-08-09 16:45:10', '2025-08-06', 'ููุชูู', 'ุนุงูู', 'ุงูุงุณุชูุงู ุบุฏุง ูุจู ุงููุบุฑุจ ุงูุญุจุฉ ( 45) ุฑูุงู ', '2025-08-06 14:18:39', '2025-08-07 15:01:02', 3, NULL, '2025-08-09 16:45:10', NULL, NULL),
(175, 60, 3, NULL, 0.00, 0.00, 0.00, 'ูุฏููุน', 'ููุฏู', '2025-08-06 14:18:33', '2025-08-06 19:12:48', '2025-08-06 19:30:44', '2025-08-06', 'ููุชูู', 'ูุชูุณุท', '', '2025-08-06 14:18:44', '2025-08-06 19:12:40', 3, NULL, '2025-08-06 19:30:44', NULL, NULL),
(176, 114, 3, NULL, 0.00, 0.00, 0.00, 'ูุฏููุน', 'ููุฏู', '2025-08-06 14:41:06', '2025-08-06 19:12:28', '2025-08-06 19:31:47', '2025-08-06', 'ููุชูู', 'ูุชูุณุท', '', '2025-08-06 14:47:35', '2025-08-06 19:12:16', 3, NULL, '2025-08-06 19:31:47', NULL, NULL),
(177, 32, 3, NULL, 0.00, 0.00, 0.00, 'ุบูุฑ ูุฏููุน', 'ููุฏู', '2025-08-06 17:03:44', '2025-08-07 15:02:57', NULL, '2025-08-06', 'ุฌุงูุฒ ููุชุณููู', 'ูุชูุณุท', '', '2025-08-07 06:57:07', '2025-08-07 15:01:12', 3, NULL, '2025-08-07 15:02:57', NULL, NULL),
(178, 29, 2, NULL, 0.00, 0.00, 0.00, 'ุบูุฑ ูุฏููุน', 'ููุฏู', '2025-08-06 17:42:16', '2025-08-06 19:11:44', NULL, '2025-08-06', 'ุฌุงูุฒ ููุชุณููู', 'ูุชูุณุท', '', '2025-08-06 17:42:27', '2025-08-06 19:11:30', 2, NULL, '2025-08-06 19:11:44', NULL, NULL),
(179, 22, 3, NULL, 0.00, 0.00, 0.00, 'ูุฏููุน', 'ููุฏู', '2025-08-07 07:01:35', '2025-08-07 15:02:13', '2025-08-09 16:45:26', '2025-08-07', 'ููุชูู', 'ูุชูุณุท', '', '2025-08-07 07:01:43', '2025-08-07 15:01:22', 3, NULL, '2025-08-09 16:45:26', NULL, NULL),
(180, 21, 2, NULL, 0.00, 0.00, 0.00, 'ูุฏููุน', 'ููุฏู', '2025-08-07 07:34:20', '2025-08-07 15:02:15', '2025-08-08 14:47:39', '2025-08-07', 'ููุชูู', 'ูุชูุณุท', '', '2025-08-07 07:35:52', '2025-08-07 15:01:27', 2, NULL, '2025-08-08 14:47:39', NULL, NULL),
(181, 115, 2, NULL, 0.00, 0.00, 0.00, 'ูุฏููุน', 'ููุฏู', '2025-08-07 07:35:49', '2025-08-07 15:03:13', '2025-08-08 14:47:48', '2025-08-07', 'ููุชูู', 'ูุชูุณุท', '', '2025-08-07 07:35:59', '2025-08-07 15:01:31', 2, NULL, '2025-08-08 14:47:48', NULL, NULL),
(182, 116, 3, NULL, 0.00, 0.00, 0.00, 'ูุฏููุน', 'ููุฏู', '2025-08-07 08:14:08', '2025-08-07 15:02:03', '2025-08-08 14:47:56', '2025-08-07', 'ููุชูู', 'ุนุงุฌู ุฌุฏุงู', 'ูุณุชุนุฌู ูุจู ุงูุธูุฑ  ', '2025-08-07 08:14:17', '2025-08-07 15:01:36', 3, NULL, '2025-08-08 14:47:56', NULL, NULL),
(183, 117, 2, NULL, 0.00, 0.00, 0.00, 'ูุฏููุน', 'ููุฏู', '2025-08-07 08:20:25', '2025-08-07 15:02:07', '2025-08-08 14:46:17', '2025-08-07', 'ููุชูู', 'ูุชูุณุท', '', '2025-08-07 08:21:47', '2025-08-07 15:01:40', 2, NULL, '2025-08-08 14:46:17', NULL, NULL),
(184, 118, 2, NULL, 0.00, 0.00, 0.00, 'ุบูุฑ ูุฏููุน', 'ููุฏู', '2025-08-07 08:21:42', '2025-08-07 15:03:00', NULL, '2025-08-07', 'ุฌุงูุฒ ููุชุณููู', 'ูุชูุณุท', '', '2025-08-07 08:21:52', '2025-08-07 15:01:46', 2, NULL, '2025-08-07 15:03:00', NULL, NULL),
(185, 27, 3, NULL, 0.00, 0.00, 0.00, 'ูุฏููุน', 'ููุฏู', '2025-08-07 15:05:34', '2025-08-08 15:16:02', '2025-08-09 16:45:46', '2025-08-07', 'ููุชูู', 'ุนุงุฌู ุฌุฏุงู', ' ูุณุชุนุฌู ุงูููู ูุจู ุงูุนุดุงุก', '2025-08-07 15:05:58', '2025-08-08 15:15:45', 3, NULL, '2025-08-09 16:45:46', NULL, NULL),
(186, 119, 3, NULL, 0.00, 0.00, 0.00, 'ุบูุฑ ูุฏููุน', 'ููุฏู', '2025-08-07 17:39:02', NULL, NULL, '2025-08-07', 'ุฌุงูุฒ ููุชุณููู', 'ูุชูุณุท', 'ูู ูู ุงููุงููุฉ ุงูุฌูุนู ูุงู ุงูุงูุชุชุงุญ ุงูุณุจุช ', '2025-08-07 17:39:25', '2025-08-08 15:15:50', 3, NULL, '2025-08-08 15:15:50', NULL, NULL),
(187, 95, 3, NULL, 0.00, 0.00, 0.00, 'ุบูุฑ ูุฏููุน', 'ููุฏู', '2025-08-07 17:41:50', '2025-08-08 15:16:07', NULL, '2025-08-07', 'ุฌุงูุฒ ููุชุณููู', 'ูุชูุณุท', '', '2025-08-07 17:41:56', '2025-08-08 15:15:54', 3, NULL, '2025-08-08 15:16:07', NULL, NULL),
(188, 43, 3, NULL, 0.00, 0.00, 0.00, 'ุบูุฑ ูุฏููุน', 'ููุฏู', '2025-08-07 19:13:02', NULL, NULL, '2025-08-07', 'ุฌุงูุฒ ููุชุณููู', 'ูุชูุณุท', '', '2025-08-07 19:13:07', '2025-08-08 15:15:58', 3, NULL, '2025-08-09 05:42:07', 6, 6),
(189, 120, 2, NULL, 0.00, 0.00, 0.00, 'ุบูุฑ ูุฏููุน', 'ููุฏู', '2025-08-09 07:57:27', NULL, NULL, '2025-08-10', 'ููุฏ ุงูุชูููุฐ', 'ูุชูุณุท', '', '2025-08-09 07:57:32', NULL, 2, NULL, '2025-08-09 07:57:32', NULL, NULL),
(190, 100, 2, NULL, 0.00, 0.00, 0.00, 'ุบูุฑ ูุฏููุน', 'ููุฏู', '2025-08-09 08:12:58', NULL, NULL, '2025-08-09', 'ููุฏ ุงูุชูููุฐ', 'ูุชูุณุท', '', '2025-08-09 16:01:50', NULL, 2, NULL, '2025-08-09 16:01:50', NULL, NULL),
(191, 60, 2, NULL, 0.00, 0.00, 0.00, 'ุบูุฑ ูุฏููุน', 'ููุฏู', '2025-08-09 13:31:52', NULL, NULL, '2025-08-09', 'ููุฏ ุงูุชูููุฐ', 'ูุชูุณุท', '', '2025-08-09 13:33:10', NULL, 2, NULL, '2025-08-09 13:33:10', NULL, NULL),
(192, 22, 2, NULL, 0.00, 0.00, 0.00, 'ุบูุฑ ูุฏููุน', 'ููุฏู', '2025-08-09 13:32:21', NULL, NULL, '2025-08-09', 'ููุฏ ุงูุชูููุฐ', 'ูุชูุณุท', '', '2025-08-09 13:33:16', NULL, 2, NULL, '2025-08-09 13:33:16', NULL, NULL),
(193, 106, 2, NULL, 0.00, 0.00, 0.00, 'ุบูุฑ ูุฏููุน', 'ููุฏู', '2025-08-09 13:32:59', NULL, NULL, '2025-08-09', 'ููุฏ ุงูุชูููุฐ', 'ูุชูุณุท', '', '2025-08-09 16:01:54', NULL, 2, NULL, '2025-08-09 16:01:54', NULL, NULL),
(194, 26, 3, NULL, 0.00, 0.00, 0.00, 'ุบูุฑ ูุฏููุน', 'ููุฏู', '2025-08-09 13:33:56', NULL, NULL, '2025-08-09', 'ููุฏ ุงูุชูููุฐ', 'ูุชูุณุท', '', '2025-08-09 14:17:44', NULL, 3, NULL, '2025-08-09 14:17:44', NULL, NULL),
(195, 121, 3, NULL, 0.00, 0.00, 0.00, 'ุบูุฑ ูุฏููุน', 'ููุฏู', '2025-08-09 13:35:49', NULL, NULL, '2025-08-09', 'ููุฏ ุงูุชูููุฐ', 'ูุชูุณุท', '', '2025-08-09 14:17:50', NULL, 3, NULL, '2025-08-09 14:21:18', 8, NULL),
(196, 122, 3, NULL, 60.00, 60.00, 0.00, 'ูุฏููุน', 'ููุฏู', '2025-08-09 15:10:06', NULL, NULL, '2025-08-09', 'ุฌุงูุฒ ููุชุณููู', 'ุนุงูู', '', NULL, NULL, 3, NULL, '2025-08-11 06:51:56', NULL, NULL),
(197, 123, 3, NULL, 0.00, 0.00, 0.00, 'ุบูุฑ ูุฏููุน', 'ููุฏู', '2025-08-09 15:40:37', NULL, NULL, '2025-08-09', 'ููุฏ ุงูุชูููุฐ', 'ูุชูุณุท', '', NULL, NULL, 3, NULL, '2025-08-10 07:00:53', NULL, NULL),
(198, 124, 3, NULL, 0.00, 0.00, 0.00, 'ุบูุฑ ูุฏููุน', 'ููุฏู', '2025-08-09 16:50:01', NULL, NULL, '2025-08-09', 'ููุฏ ุงูุชูููุฐ', 'ูุชูุณุท', '', NULL, NULL, 3, NULL, '2025-08-10 07:00:42', NULL, NULL),
(199, 42, 3, NULL, 0.00, 0.00, 0.00, 'ุบูุฑ ูุฏููุน', 'ููุฏู', '2025-08-09 17:28:48', NULL, NULL, '2025-08-09', 'ููุฏ ุงูุชูููุฐ', 'ูุชูุณุท', '', '2025-08-09 17:28:57', NULL, 3, NULL, '2025-08-09 17:28:57', NULL, NULL),
(200, 66, 2, NULL, 0.00, 0.00, 0.00, 'ุบูุฑ ูุฏููุน', 'ููุฏู', '2025-08-09 17:39:01', NULL, NULL, '2025-08-09', 'ุฌุงูุฒ ููุชุณููู', 'ูุชูุณุท', '', '2025-08-09 18:11:06', NULL, 2, NULL, '2025-08-10 19:10:53', NULL, NULL),
(201, 34, 2, NULL, 10.00, 0.00, 0.00, 'ุบูุฑ ูุฏููุน', 'ููุฏู', '2025-08-09 17:58:25', NULL, NULL, '2025-08-09', 'ููุฏ ุงูุชูููุฐ', 'ูุชูุณุท', '', '2025-08-09 17:58:33', NULL, 2, NULL, '2025-08-13 07:25:26', NULL, NULL),
(202, 125, 2, NULL, 0.00, 0.00, 0.00, 'ุบูุฑ ูุฏููุน', 'ููุฏู', '2025-08-09 18:34:48', '2025-08-14 15:50:13', NULL, '2025-08-09', 'ููุชูู', 'ูุชูุณุท', '', '2025-08-09 18:34:52', NULL, 2, NULL, '2025-08-14 15:50:13', NULL, NULL),
(203, 42, 3, NULL, 0.00, 0.00, 0.00, 'ุบูุฑ ูุฏููุน', 'ููุฏู', '2025-08-09 19:20:10', '2025-08-14 15:52:33', NULL, '2025-08-09', 'ููุชูู', 'ูุชูุณุท', '', '2025-08-09 19:20:20', NULL, 3, NULL, '2025-08-14 15:52:33', 4, NULL),
(204, 126, 3, NULL, 0.00, 0.00, 0.00, 'ุบูุฑ ูุฏููุน', 'ููุฏู', '2025-08-10 14:28:51', NULL, NULL, '2025-08-10', 'ุฌุงูุฒ ููุชุณููู', 'ูุชูุณุท', '', NULL, NULL, NULL, NULL, '2025-08-10 19:15:28', NULL, NULL),
(205, 127, 3, NULL, 0.00, 0.00, 0.00, 'ุบูุฑ ูุฏููุน', 'ููุฏู', '2025-08-10 14:32:19', NULL, NULL, '2025-08-10', 'ููุฏ ุงูุชูููุฐ', 'ูุชูุณุท', '', NULL, NULL, NULL, NULL, '2025-08-10 15:25:56', NULL, NULL),
(206, 128, 3, NULL, 0.00, 0.00, 0.00, 'ุบูุฑ ูุฏููุน', 'ููุฏู', '2025-08-10 15:52:22', NULL, NULL, '2025-08-10', 'ููุฏ ุงูุชูููุฐ', 'ูุชูุณุท', '', NULL, NULL, NULL, NULL, '2025-08-10 15:59:02', NULL, NULL),
(207, 129, 3, NULL, 0.00, 0.00, 0.00, 'ุบูุฑ ูุฏููุน', 'ููุฏู', '2025-08-10 15:53:50', NULL, NULL, '2025-08-10', 'ููุฏ ุงูุชูููุฐ', 'ูุชูุณุท', '', NULL, NULL, NULL, NULL, '2025-08-10 15:59:08', NULL, NULL),
(208, 130, 3, NULL, 0.00, 0.00, 0.00, 'ุบูุฑ ูุฏููุน', 'ููุฏู', '2025-08-10 18:59:41', '2025-08-14 15:51:19', NULL, '2025-08-10', 'ููุชูู', 'ูุชูุณุท', 'ุนูุฏ ุงูุณูุทุงู \r\n', NULL, NULL, NULL, NULL, '2025-08-14 15:51:19', NULL, NULL),
(209, 131, 3, NULL, 0.00, 0.00, 0.00, 'ูุฏููุน', 'ููุฏู', '2025-08-10 19:02:49', '2025-08-14 15:56:20', '2025-08-14 15:56:38', '2025-08-10', 'ููุชูู', 'ูุชูุณุท', '', NULL, NULL, NULL, NULL, '2025-08-14 15:56:38', NULL, NULL),
(210, 132, 3, NULL, 0.00, 0.00, 0.00, 'ูุฏููุน', 'ููุฏู', '2025-08-10 19:27:41', '2025-08-14 15:54:56', '2025-08-14 15:55:11', '2025-08-10', 'ููุชูู', 'ูุชูุณุท', '', NULL, NULL, NULL, NULL, '2025-08-14 15:55:11', NULL, NULL),
(211, 133, 3, NULL, 0.00, 0.00, 0.00, 'ุบูุฑ ูุฏููุน', 'ููุฏู', '2025-08-10 19:32:15', NULL, NULL, '2025-08-10', 'ููุฏ ุงูุชูููุฐ', 'ูุชูุณุท', '', NULL, NULL, NULL, NULL, '2025-08-11 19:15:26', NULL, NULL),
(212, 134, 3, NULL, 0.00, 0.00, 0.00, 'ูุฏููุน', 'ููุฏู', '2025-08-11 07:39:18', '2025-08-13 15:56:24', '2025-08-13 19:07:01', '2025-08-11', 'ููุชูู', 'ูุชูุณุท', 'ุชู ุงูุบุงุก ุงูุทูุจ ุจุณุจุจ ุงูุงููุงู ', NULL, NULL, NULL, NULL, '2025-08-13 19:07:01', NULL, NULL),
(213, 135, 2, NULL, 0.00, 0.00, 0.00, 'ูุฏููุน', 'ููุฏู', '2025-08-11 07:48:20', '2025-08-13 15:55:30', '2025-08-13 15:55:34', '2025-08-11', 'ููุชูู', 'ูุชูุณุท', '', NULL, NULL, NULL, NULL, '2025-08-13 15:55:34', NULL, NULL),
(214, 136, 2, NULL, 70.00, 70.00, 0.00, 'ูุฏููุน', 'ููุฏู', '2025-08-11 07:49:59', '2025-08-13 15:48:16', '2025-08-13 15:48:24', '2025-08-11', 'ููุชูู', 'ูุชูุณุท', '', NULL, NULL, NULL, NULL, '2025-08-13 15:48:24', NULL, NULL),
(215, 137, 2, NULL, 0.00, 0.00, 0.00, 'ูุฏููุน', 'ููุฏู', '2025-08-11 07:52:39', '2025-08-14 15:47:14', '2025-08-14 15:47:38', '2025-08-11', 'ููุชูู', 'ูุชูุณุท', 'ูุฌุงูุง ', NULL, NULL, NULL, NULL, '2025-08-14 15:47:38', NULL, NULL),
(216, 138, 2, NULL, 0.00, 0.00, 0.00, 'ูุฏููุน', 'ููุฏู', '2025-08-11 13:43:08', '2025-08-13 15:42:05', '2025-08-13 15:42:15', '2025-08-11', 'ููุชูู', 'ูุชูุณุท', '', NULL, NULL, NULL, NULL, '2025-08-13 15:42:15', NULL, NULL),
(217, 139, 2, NULL, 10.00, 10.00, 0.00, 'ูุฏููุน', 'ููุฏู', '2025-08-11 15:32:31', '2025-08-13 15:33:02', '2025-08-13 15:33:12', '2025-08-11', 'ููุชูู', 'ูุชูุณุท', '', NULL, NULL, NULL, NULL, '2025-08-13 15:33:12', NULL, NULL),
(218, 140, 2, NULL, 0.00, 0.00, 0.00, 'ูุฏููุน', 'ููุฏู', '2025-08-11 15:38:49', '2025-08-13 19:12:13', '2025-08-13 19:12:21', '2025-08-11', 'ููุชูู', 'ูุชูุณุท', '', NULL, NULL, NULL, NULL, '2025-08-13 19:12:21', NULL, NULL),
(219, 141, 3, NULL, 0.00, 0.00, 0.00, 'ุบูุฑ ูุฏููุน', 'ููุฏู', '2025-08-11 15:53:58', NULL, NULL, '2025-08-11', 'ุฌุงูุฒ ููุชุณููู', 'ูุชูุณุท', '', NULL, NULL, NULL, NULL, '2025-08-14 18:16:54', NULL, NULL),
(220, 142, 2, NULL, 0.00, 0.00, 0.00, 'ุบูุฑ ูุฏููุน', 'ููุฏู', '2025-08-11 17:26:44', '2025-08-14 15:54:20', NULL, '2025-08-11', 'ููุชูู', 'ูุชูุณุท', '', NULL, NULL, NULL, NULL, '2025-08-14 15:54:20', NULL, NULL),
(221, 143, 3, NULL, 0.00, 0.00, 0.00, 'ูุฏููุน', 'ููุฏู', '2025-08-11 18:23:04', '2025-08-13 15:25:45', '2025-08-13 15:26:07', '2025-08-11', 'ููุชูู', 'ูุชูุณุท', '', NULL, NULL, NULL, NULL, '2025-08-13 15:26:07', NULL, NULL),
(222, 144, 2, NULL, 200.00, 200.00, 0.00, 'ูุฏููุน', 'ููุฏู', '2025-08-12 08:40:21', '2025-08-13 19:09:31', '2025-08-13 19:09:51', '2025-08-12', 'ููุชูู', 'ูุชูุณุท', '', NULL, NULL, NULL, NULL, '2025-08-13 19:09:51', NULL, NULL),
(223, 145, 2, NULL, 35.00, 35.00, 0.00, 'ูุฏููุน', 'ููุฏู', '2025-08-12 08:40:59', '2025-08-13 15:24:58', '2025-08-13 15:25:12', '2025-08-12', 'ููุชูู', 'ูุชูุณุท', '', NULL, NULL, NULL, NULL, '2025-08-13 15:25:12', NULL, NULL),
(224, 146, 2, NULL, 25.00, 0.00, 0.00, 'ุบูุฑ ูุฏููุน', 'ููุฏู', '2025-08-12 08:41:45', NULL, NULL, '2025-08-12', 'ููุฏ ุงูุชูููุฐ', 'ูุชูุณุท', '', NULL, NULL, NULL, NULL, '2025-08-12 19:43:18', NULL, NULL),
(225, 147, 2, NULL, 60.00, 60.00, 0.00, 'ูุฏููุน', 'ููุฏู', '2025-08-12 12:58:42', '2025-08-13 15:23:30', '2025-08-13 15:23:39', '2025-08-12', 'ููุชูู', 'ูุชูุณุท', '', NULL, NULL, NULL, NULL, '2025-08-13 15:23:39', NULL, NULL),
(226, 148, 2, NULL, 40.00, 40.00, 0.00, 'ูุฏููุน', 'ููุฏู', '2025-08-12 12:59:25', '2025-08-13 15:02:37', '2025-08-13 15:02:53', '2025-08-12', 'ููุชูู', 'ูุชูุณุท', '', NULL, NULL, NULL, NULL, '2025-08-13 15:02:53', NULL, NULL),
(227, 149, 2, NULL, 140.00, 0.00, 0.00, 'ุบูุฑ ูุฏููุน', 'ููุฏู', '2025-08-12 13:01:36', NULL, NULL, '2025-08-12', 'ุฌุงูุฒ ููุชุณููู', 'ูุชูุณุท', '', NULL, NULL, NULL, NULL, '2025-08-12 20:58:11', NULL, NULL),
(228, 150, 3, NULL, 60.00, 60.00, 0.00, 'ูุฏููุน', 'ููุฏู', '2025-08-12 14:25:39', '2025-08-13 19:08:32', '2025-08-13 19:07:37', '2025-08-12', 'ููุชูู', 'ูุชูุณุท', 'ุนูุฏ ูุงุตูุฉ ', NULL, NULL, NULL, NULL, '2025-08-13 19:08:32', NULL, NULL),
(229, 151, 3, NULL, 0.00, 0.00, 0.00, 'ูุฏููุน', 'ููุฏู', '2025-08-12 15:25:26', '2025-08-13 15:23:46', '2025-08-13 15:29:19', '2025-08-12', 'ููุชูู', 'ูุชูุณุท', '', NULL, NULL, NULL, NULL, '2025-08-13 15:29:19', NULL, NULL);
INSERT INTO `orders` (`order_id`, `client_id`, `designer_id`, `workshop_id`, `total_amount`, `deposit_amount`, `remaining_amount`, `payment_status`, `payment_method`, `order_date`, `delivered_at`, `payment_settled_at`, `due_date`, `status`, `priority`, `notes`, `design_completed_at`, `execution_completed_at`, `created_by`, `last_update`, `updated_at`, `design_rating`, `execution_rating`) VALUES
(230, 152, 2, NULL, 35.00, 35.00, 0.00, 'ูุฏููุน', 'ููุฏู', '2025-08-12 15:54:00', '2025-08-13 15:22:39', NULL, '2025-08-12', 'ููุชูู', 'ูุชูุณุท', '', NULL, NULL, NULL, NULL, '2025-08-13 15:22:39', NULL, NULL),
(231, 153, 2, NULL, 0.00, 0.00, 0.00, 'ูุฏููุน', 'ููุฏู', '2025-08-12 16:02:20', '2025-08-13 15:22:54', '2025-08-13 19:04:31', '2025-08-12', 'ููุชูู', 'ูุชูุณุท', '', NULL, NULL, NULL, NULL, '2025-08-13 19:04:31', NULL, NULL),
(232, 154, 2, NULL, 0.00, 35.00, 0.00, 'ูุฏููุน', 'ููุฏู', '2025-08-12 17:19:11', '2025-08-13 15:22:49', NULL, '2025-08-12', 'ููุชูู', 'ูุชูุณุท', '', NULL, NULL, NULL, NULL, '2025-08-13 15:22:49', NULL, NULL),
(233, 155, 2, NULL, 240.00, 240.00, 0.00, 'ูุฏููุน', 'ููุฏู', '2025-08-12 17:20:26', '2025-08-14 15:32:55', '2025-08-14 15:36:43', '2025-08-12', 'ููุชูู', 'ูุชูุณุท', '', NULL, NULL, NULL, NULL, '2025-08-14 15:36:43', NULL, NULL),
(234, 156, 2, NULL, 150.00, 150.00, 0.00, 'ูุฏููุน', 'ููุฏู', '2025-08-12 17:22:32', '2025-08-13 19:03:41', '2025-08-13 19:04:06', '2025-08-12', 'ููุชูู', 'ูุชูุณุท', '', NULL, NULL, NULL, NULL, '2025-08-13 19:04:06', NULL, NULL),
(235, 157, 3, NULL, 40.00, 40.00, 0.00, 'ูุฏููุน', 'ููุฏู', '2025-08-12 18:25:36', '2025-08-13 15:21:03', NULL, '2025-08-12', 'ููุชูู', 'ูุชูุณุท', '', NULL, NULL, NULL, NULL, '2025-08-13 15:21:03', NULL, NULL),
(236, 158, 3, NULL, 0.00, 0.00, 0.00, 'ูุฏููุน', 'ููุฏู', '2025-08-13 07:25:49', '2025-08-13 15:20:42', '2025-08-13 15:20:49', '2025-08-13', 'ููุชูู', 'ุนุงุฌู ุฌุฏุงู', '', NULL, NULL, NULL, NULL, '2025-08-13 15:20:49', NULL, NULL),
(237, 159, 3, NULL, 90.00, 90.00, 0.00, 'ูุฏููุน', 'ููุฏู', '2025-08-13 07:28:40', '2025-08-13 15:28:18', '2025-08-13 15:28:23', '2025-08-13', 'ุฌุงูุฒ ููุชุณููู', 'ูุชูุณุท', '', NULL, NULL, NULL, NULL, '2025-08-13 19:01:36', NULL, NULL),
(238, 160, 2, NULL, 23.00, 23.00, 0.00, 'ูุฏููุน', 'ููุฏู', '2025-08-13 08:11:14', '2025-08-14 15:35:29', '2025-08-14 15:35:58', '2025-08-12', 'ููุชูู', 'ูุชูุณุท', '', NULL, NULL, NULL, NULL, '2025-08-14 15:35:58', NULL, NULL),
(239, 161, 2, NULL, 0.00, 0.00, 0.00, 'ุบูุฑ ูุฏููุน', 'ููุฏู', '2025-08-13 08:12:39', NULL, NULL, '2025-08-13', 'ุฌุงูุฒ ููุชุณููู', 'ูุชูุณุท', '', NULL, NULL, NULL, NULL, '2025-08-14 15:32:10', NULL, NULL),
(240, 162, 2, NULL, 0.00, 0.00, 0.00, 'ูุฏููุน', 'ููุฏู', '2025-08-13 14:18:34', '2025-08-13 15:17:34', '2025-08-13 15:17:40', '2025-08-13', 'ููุชูู', 'ูุชูุณุท', '', NULL, NULL, NULL, NULL, '2025-08-13 15:17:40', NULL, NULL),
(241, 163, 3, NULL, 0.00, 0.00, 0.00, 'ุบูุฑ ูุฏููุน', 'ููุฏู', '2025-08-13 16:11:05', NULL, NULL, '2025-08-13', 'ููุฏ ุงูุชูููุฐ', 'ูุชูุณุท', '', NULL, NULL, NULL, NULL, '2025-08-13 16:11:10', NULL, NULL),
(242, 164, 3, NULL, 0.00, 0.00, 0.00, 'ุบูุฑ ูุฏููุน', 'ููุฏู', '2025-08-13 18:15:33', NULL, NULL, '2025-08-13', 'ููุฏ ุงูุชูููุฐ', 'ูุชูุณุท', '', NULL, NULL, NULL, NULL, '2025-08-13 19:06:34', NULL, NULL),
(243, 165, 3, NULL, 0.00, 0.00, 0.00, 'ุบูุฑ ูุฏููุน', 'ููุฏู', '2025-08-13 18:22:11', NULL, NULL, '2025-08-13', 'ููุฏ ุงูุชุตููู', 'ูุชูุณุท', '', NULL, NULL, NULL, NULL, NULL, NULL, NULL),
(244, 166, 3, NULL, 0.00, 0.00, 0.00, 'ุบูุฑ ูุฏููุน', 'ููุฏู', '2025-08-13 19:13:36', NULL, NULL, '2025-08-13', 'ููุฏ ุงูุชูููุฐ', 'ูุชูุณุท', '', NULL, NULL, NULL, NULL, '2025-08-13 19:39:38', NULL, NULL),
(245, 167, 2, NULL, 0.00, 0.00, 0.00, 'ุบูุฑ ูุฏููุน', 'ููุฏู', '2025-08-14 08:14:48', NULL, NULL, '2025-08-14', 'ููุฏ ุงูุชูููุฐ', 'ูุชูุณุท', '', NULL, NULL, NULL, NULL, '2025-08-14 15:19:19', NULL, NULL),
(246, 168, 2, NULL, 0.00, 0.00, 0.00, 'ุบูุฑ ูุฏููุน', 'ููุฏู', '2025-08-14 08:15:13', NULL, NULL, '2025-08-14', 'ููุฏ ุงูุชูููุฐ', 'ูุชูุณุท', '', NULL, NULL, NULL, NULL, '2025-08-14 15:19:32', NULL, NULL),
(247, 169, 2, NULL, 0.00, 0.00, 0.00, 'ูุฏููุน', 'ููุฏู', '2025-08-14 08:16:01', '2025-08-14 15:37:42', '2025-08-14 15:37:09', '2025-08-14', 'ููุชูู', 'ูุชูุณุท', '', NULL, NULL, NULL, NULL, '2025-08-14 15:37:42', NULL, NULL),
(248, 170, 2, NULL, 0.00, 0.00, 0.00, 'ุบูุฑ ูุฏููุน', 'ููุฏู', '2025-08-14 08:18:42', NULL, NULL, '2025-08-14', 'ุฌุงูุฒ ููุชุณููู', 'ูุชูุณุท', '', NULL, NULL, NULL, NULL, '2025-08-14 15:36:09', NULL, NULL),
(249, 171, 2, NULL, 98.00, 98.00, 0.00, 'ูุฏููุน', 'ููุฏู', '2025-08-14 08:27:21', '2025-08-14 15:53:02', '2025-08-14 15:53:07', '2025-08-14', 'ููุชูู', 'ูุชูุณุท', '', NULL, NULL, NULL, NULL, '2025-08-14 15:53:07', NULL, NULL),
(250, 172, 3, NULL, 0.00, 0.00, 0.00, 'ุบูุฑ ูุฏููุน', 'ููุฏู', '2025-08-14 08:35:09', NULL, NULL, '2025-08-14', 'ููุฏ ุงูุชูููุฐ', 'ูุชูุณุท', '', NULL, NULL, NULL, NULL, '2025-08-14 08:35:15', NULL, NULL),
(251, 173, 3, NULL, 0.00, 0.00, 0.00, 'ุบูุฑ ูุฏููุน', 'ููุฏู', '2025-08-14 15:13:02', NULL, NULL, '2025-08-14', 'ููุฏ ุงูุชูููุฐ', 'ูุชูุณุท', 'ุงููููู ุนูุฏ ุงูุชุตููู ุงููุจุฏุน', NULL, NULL, NULL, NULL, '2025-08-14 15:14:58', NULL, NULL),
(252, 174, 3, NULL, 0.00, 0.00, 0.00, 'ุบูุฑ ูุฏููุน', 'ููุฏู', '2025-08-14 15:54:07', NULL, NULL, '2025-08-14', 'ููุฏ ุงูุชูููุฐ', 'ูุชูุณุท', '', NULL, NULL, NULL, NULL, '2025-08-14 16:09:18', NULL, NULL),
(253, 175, 3, NULL, 0.00, 0.00, 0.00, 'ุบูุฑ ูุฏููุน', 'ููุฏู', '2025-08-14 15:58:23', NULL, NULL, '2025-08-14', 'ููุฏ ุงูุชูููุฐ', 'ูุชูุณุท', '', NULL, NULL, NULL, NULL, '2025-08-14 16:09:24', NULL, NULL),
(254, 176, 3, NULL, 0.00, 0.00, 0.00, 'ุบูุฑ ูุฏููุน', 'ููุฏู', '2025-08-14 16:12:34', NULL, NULL, '2025-08-14', 'ููุฏ ุงูุชูููุฐ', 'ูุชูุณุท', '', NULL, NULL, NULL, NULL, '2025-08-14 16:58:32', NULL, NULL),
(255, 177, 2, NULL, 0.00, 0.00, 0.00, 'ุบูุฑ ูุฏููุน', 'ููุฏู', '2025-08-14 16:43:18', NULL, NULL, '2025-08-14', 'ููุฏ ุงูุชุตููู', 'ูุชูุณุท', '', NULL, NULL, NULL, NULL, NULL, NULL, NULL);

-- --------------------------------------------------------

--
-- ุจููุฉ ุงูุฌุฏูู `order_items`
--

CREATE TABLE `order_items` (
  `order_item_id` int(11) NOT NULL,
  `order_id` int(11) NOT NULL,
  `product_id` int(11) NOT NULL,
  `quantity` int(11) NOT NULL DEFAULT 1,
  `item_notes` text DEFAULT NULL
) ENGINE=InnoDB DEFAULT CHARSET=utf8mb4 COLLATE=utf8mb4_general_ci;

--
-- ุฅุฑุฌุงุน ุฃู ุงุณุชูุฑุงุฏ ุจูุงูุงุช ุงูุฌุฏูู `order_items`
--

INSERT INTO `order_items` (`order_item_id`, `order_id`, `product_id`, `quantity`, `item_notes`) VALUES
(30, 20, 3, 2, '(ุงูุจุงุฑ ููุฏุงุช). ุนุฏุฏ 2'),
(31, 20, 11, 6, ' ุงุณุชุงูุฏ ุจุงู ุฏุฑูุจ 3ร2ู (ุงูุฌุงุฑ). ุนุฏุฏ 6'),
(32, 20, 9, 5, 'ุณุชูุฑ ุทุงููุฉ ููุงุณ 80ร30ุณู. ุนุฏุฏ 5'),
(33, 20, 12, 1, 'ูุญุฉ ูููู ููุงุณ 70ร100ุณู ุนูู ุงุณุชุงูุฏ ุฎุดุจ (ุงูุฌุงุฑ). ุนุฏุฏ 1'),
(34, 20, 13, 5, 'ูุฌุณู ุฑุฌู ุฃูู ุนูู ููุฑูุณ ุณูุงูุฉ 8ููู ุงุฑุชูุงุน 160ุณู. ุนุฏุฏ 5'),
(35, 20, 14, 200, 'ููู ุจูุงุณุชูู ุทุจุงุนุฉ ููู ูุงุญุฏ. ุนุฏุฏ 200'),
(36, 20, 15, 200, 'ููุจ ุณูุฑุงููู ูุน ุงูุทุจุงุนุฉ.  ุนุฏุฏ 200'),
(37, 20, 21, 150, 'ุญุงูุธุฉ ุญุฑุงุฑุฉ ูุน ุงูุทุจุงุนุฉ ููู ูุงุญุฏ ุงู ุญูุฑ.ุนุฏุฏ 150'),
(38, 20, 16, 300, 'ุดุฑูุท ุฃู ุฏู ูุน ุงูุทุจุงุนุฉ ุงูููููุฉ. ุนุฏุฏ 300 '),
(39, 20, 17, 200, 'ููุฏุงููุฉ ููุงุชูุญ. ุนุฏุฏ 200'),
(40, 20, 18, 200, ' ููุช ูุน ุงูุทุจุงุนุฉ ููู ูุงุญุฏ. ุนุฏุฏ 200'),
(41, 20, 19, 66, 'ุฏุฑุน ูุฑุณุชุงู ูุณุท ููุงุณ ุฃู ูุงูู. ุนุฏุฏ 66'),
(42, 20, 20, 100, 'ูุถูุงุช ุงูุณูุงุฑุงุช. ุนุฏุฏ100'),
(54, 31, 18, 1, '98ุณู '),
(56, 33, 19, 1, 'ููุงุณ 137ร190ุณู'),
(57, 34, 1, 1, 'ูุฌู'),
(58, 35, 12, 1, 'ุนูู ููุชุจู ุตุบูุฑ '),
(60, 36, 26, 12, 'ุทุจุงุนุฉ ุน ูุฑู 180 ุฌุฑุงู ูุน ุงููุต ุจููุชุฑ \r\nููุงุณ 6*15 '),
(61, 37, 18, 1, 'ุทุจุงุนุฉ ุฏู ุชู ุงู 107 ุณู '),
(62, 38, 8, 1, 'ุทุจุงุนุฉ ุน ุชู ุดูุฑุช ูู ุนูุฏู ูู ุงูุงูุงู ููุท '),
(65, 17, 18, 1, 'ูุต ูุชุฑ '),
(66, 39, 22, 1, 'ููู ุชุงุฌ ูุนุฏู ุงุจูุถ ูุน ุงุจูุณู ููุดุจู '),
(67, 40, 21, 1, 'ูุฑุณุชุงู ุจุฏูู ุนูุจุฉ ููุงุณ40'),
(68, 19, 12, 2, 'ุทุจุงุนุฉ ุนูู ููุชุจ ุงุจูุถ ูู ุงูุฌูุชูู ูุน ูุงุนุฏุฉ ูุถู'),
(69, 23, 2, 2, 'ููู ุชุงุฌ ุน ุงูููุฑู ูุน ุงุณุชููุฑ '),
(70, 27, 8, 1, '12 ุณู'),
(72, 29, 21, 1, 'ุฌูุฏุฉ ุชุฑู 12'),
(73, 41, 19, 1000, 'ููุงุณ6ร4ุณู ุนุฏุฏ 12 ูููุฐุฌ ูู ูู ุณุชูุฑ 83 ุญุจู-ุชููู'),
(74, 42, 14, 4, 'ุฃุตู + 2 ุตูุฑุฉ ููููู ุนุฏุฏ 10 ูู ูู ูููุฐุฌ '),
(75, 43, 19, 2, 'ุณุชููุฑ ุนูู ูููู ููุงุณ 70ร45ุณู + ุณุชููุฑ ุนูู ูููู ููุงุณ ุงูููุฑ'),
(76, 44, 19, 1, 'ููุงุณ 65ร30ุณู'),
(77, 45, 19, 2000, 'ุทุจุงุนุฉ ุงุณุชููุฑ ูุน ุงููุต ููุงุณ 4 ุณู - (ุนู ุจุฑูู ุจุฑุชูุงูู ) '),
(78, 32, 1, 5, 'ูุฌููู'),
(79, 28, 13, 17, 'ุดูุงุฆุฏ ูุน ุงูุบูุงู ุนูุฏ ูุงุตูุฉ'),
(80, 46, 19, 1, 'ุงุณุชููุฑ ูุน ุงููุต _ ูุตู ูุชุฑ  ( ุตูุฑ ุจุทุงูุงุช ) '),
(81, 47, 19, 1, 'ุจูุฑ ูู ุงุจ ููุงุณ 85 ุจูุฑ ููุท'),
(82, 48, 4, 1, 'ุดูุงู 2 ููู ููุงุณ 24ุณู'),
(83, 49, 19, 1, 'ุทุจุงุนุฉ ุณุชููุฑ ูุณููู ููุงุณ9.9ร2.72ู - ุนูู ููุฑูุณ'),
(84, 50, 14, 2, 'ูุฑูุช 4000- ุณูุฏ ุตุฑู ุงุตู ูุตูุฑุชูู ุนุฏุฏ10 ุจูู ููู ูุงุญุฏ'),
(85, 51, 4, 1, 'ูุต ุงูุฑููู ุดูุงู 6 ููู ููุงุณ12ร14ุณู'),
(86, 52, 13, 1000, ' ุทุจุงุนุฉ ูุฑุช ูุฌููู ูุน ุงูุตููู(ูุฑุดุฉ ุงูุญุฑุจู)'),
(87, 53, 19, 1, '300ร270'),
(88, 54, 6, 1, '19ร28ุณู  - ุงููุนุฏู ุชุจุนูู'),
(90, 56, 22, 5, 'ููู ุชุงุฌ ูุนุฏู ุงุจูุถ ูุน ุงุจูุณู ููุดุจู '),
(92, 58, 8, 1, 'ุทุจุงุนุฉ ูู ุงูุงูุงู ูุนูู ุงููุชู ุงูุงูุณุฑ ููุท ุนูู ุชูุดุฑุช '),
(93, 59, 18, 1, 'ุทุจุงุนุฉ ุนูู ุชูุดุฑุชุงุช ุชุจุนู ูู ุงูุงูุงู ูุนูู ุงููุชู'),
(94, 60, 8, 1, 'ุชูุดุฑุช ุงุณูุฏ ุนููุฉ ูุน ุงูุทุจุงุนุฉ ุงูุงู ูุฎูู ููุงุณ ุงูุณูุงุฑุฌ ุงู ุงู ููุงุณ'),
(95, 57, 19, 1, 'ููุงุณ 60ร60ุณู ุงูุนุฏุฏ 1\r\nุณุชููุฑ ุดูุงู ููุงุณ70ร60\r\nุณุชููุฑ ุดูุงู ููุงุณ 65ร5ุณู'),
(96, 61, 21, 1, 'ุฎุชู ุงูุชููุงุชูู ุฏุงุฆุฑู 40(ูุนุฑุถ ุงูุฑูุงุถ ุงูุฐูุจู)'),
(97, 62, 19, 1000, 'ุทุจุงุนุฉ ุงุณุชููุฑ ูุน ุงููุต ุจููุชุฑ ููุงุณ 5ุณู ุฏุงุฆุฑู(ูุงุฏู)'),
(98, 63, 18, 1, 'ูุชุฑ '),
(101, 64, 19, 10, 'ุทุจุงุนุฉ ุณุชููุฑุงุช ููุงุณ ุงููุงูู '),
(102, 64, 14, 10, 'ุทุจุงุนุฉ ูุฑู ุนุงุฏู ุงููุงูู'),
(103, 65, 19, 1, 'ุทุจุงุนุฉ ุจูุฑ 200-150'),
(104, 66, 18, 1, 'ุทุจุงุนุฉ ูุชุฑ ุฏู ุชู ุงู '),
(105, 67, 18, 1, 'ุทุจุงุนุฉ ุน ุณููุชู ุงุจูุถ ูู ุนูุฏูุง ููุงุณ 2 ุงูุณ ูุงุฑุฌ  ูู ุงูุฌูุชูู ( ุงุซุงุฑ )'),
(107, 68, 18, 4, 'ูุชุฑ  ุฏู ุชู ุงู ููู ุงุจูุถ'),
(108, 69, 18, 2, 'ุทุจุงุนุฉ ุฏู ุชู ุงู ุน 2 ุชูุดูุฑุช ูู ุนูุฏู ูู ุงูุฎูู ููุท'),
(109, 70, 1, 4, 'ูุงุฑุช nfc (ููููููุฑู ุจูุงุณ ) '),
(110, 71, 21, 2, 'ุฎุชู ุฌูุจ ุงุณูุฏ ุตุบูุฑ 2050 _ ุฎุชู ุงุชููุงุชูู ูุณุชุทูู 4718'),
(111, 72, 22, 1, 'ููู ุชุงุฌ ุงูุฑููู ููุงุณ 5 ุณู ูุน ุงุจุณูู ููุบูุงุทูุณ'),
(112, 73, 19, 1, '1	ููุงูุฑ A5 ูุฌู ุนุฑุจู ููุฌู ุงูุฌููุฒู. 	ูฃูู\r\n2	ุฑูู ุงุจ ููุงุณ 85.	2\r\n3	ุทุงููุฉ ูุน ุงูุทุจุงุนุฉ.	2\r\n4	ุจุงู ุฏุฑูุจ ุงู ุจูุจ ุงุจ 	1\r\n5	ููู ุทุจุงุนุฉ ููููุฉ. 	200\r\n6	ููุจ ูุทุจูุน.	100\r\n7	ููุช ูุน ุทุจุงุนุฉ ุงูุดุนุงุฑ. 	200\r\n8	ุงุณุชูุฑ ูุน ุงููุต ููุงุณ A5 ุฏุงุฎู 6 ุงู 5 ุตูุฑ. 	300\r\n9	ุจุงุฌ ุงูุฑููู ุจุงูุดุนุงุฑ	200'),
(113, 74, 18, 1, 'ูุชุฑ'),
(114, 75, 8, 2, 'ุงุณูุฏ ุจููู ูุน ุงูุทุจุงุนุฉ ุงูุงู ูุฎูู '),
(115, 76, 21, 1, 'ุฎุชู ูุฑุณุชุงู ุจุฏูู ุนูุจุฉ ููุงุณ 40'),
(118, 77, 18, 1, 'ุทุจุงุนุฉ 1.5 ูุชุฑ ( ุนุฒ ) '),
(119, 78, 19, 1, 'ุทุจุงุนุฉ ุณุชููุฑุงุช ูุน ุงููุต'),
(120, 79, 26, 5000, 'ุทุจุงุนุฉ ูุฑู 80 ุฌุฑุงู ุงููุงู '),
(121, 80, 18, 5, 'ุทุจุงุนุฉ ุน ุณููุชู ุงุจูุถ ุจุฏูู ุฌููุจ ูู ุนูุฏูุง m2 -xl2 -xxl 1_ ูู ุงูุฌูุชูู.\r\n'),
(122, 81, 18, 3, 'ุทุจุงุนุฉ ุชู ุดูุฑุช ูุทู ูู ุนูุฏูุง ููู ุนูุงุจู ูู ุงูุฌูุชูู  ููุงุณ  L 2 _ 1M (ุฑูู)'),
(123, 82, 19, 1, '150 *  100 ุจูุฑ '),
(124, 83, 18, 1, 'ุทุจุงุนุฉ ุฏู ุชู ุงู ุน ุชู ุดูุฑุช ุงุตูุฑ ููุงุณ 6 ุณููุงุช ูู ุงูุฃูุงู '),
(125, 84, 19, 2, 'ุณุชููุฑ ุดูุงู ููููุจ ููุงุณ65ร30ุณู\r\nุณุชููุฑ ุงุจูุถ 20ร35ุณู'),
(126, 85, 19, 2, 'ุณุชููุฑ ุดูุงู ููููุจ ููุงุณ65ร30ุณู\r\nุณุชููุฑ ุงุจูุถ 20ร35ุณู'),
(127, 86, 21, 2, 'ุฎุชููู ุฌูุจ ููุงุด'),
(128, 87, 21, 1, 'ุฎุชู ุฎุดุจ ููุงุณ 5030'),
(129, 88, 1, 3, 'ุจุทุงุฆู ูุฌู ูุงุญุฏ ุงูุนุฏุฏ 3'),
(130, 89, 18, 50, 'ุทุจุงุนุฉ ุฏูุชู ุงู ุนูู ุงููุงุณ ุงูุนุฏุฏ50'),
(131, 90, 19, 500, 'ุณุชููุฑ ููุงุณ7ร5ุณู ุงูุนุฏุฏ500 ูุน ุงููุต'),
(132, 91, 21, 1, 'ุฎุชู ุงูุชููุงุชุชูู ููุงุณ5535'),
(133, 92, 14, 1000, 'ุทุจุงุนุฉ ูุงุฑุช ูุฌููู ( ูุฎุชุจุฑ ุงูุฏููู )'),
(134, 93, 18, 1, 'ุนููุฉ ููุงุณ a4'),
(139, 97, 4, 5, 'ุงูุฑููู ุดูุงู 4 ููู ููุงุณ60ร30ุณู ุงูุนุฏุฏ5 ูุน ุงุณุชููุฑ ุดูุงู ููููุจ ุงูุนุฏุฏ 5\r\nุณุชููุฑ ุฎูุงูุง ุนุงูุณ ุงูุนุฏุฏ 2 ููุงุณ60ร40ุณู '),
(141, 98, 19, 1, 'ูุต ุจููุชุฑ ุณุชููุฑ ุซูุฌู ุชุจุนู ููุงุณ 100ร100ุณู'),
(143, 100, 18, 1, 'ุทุจุงุนุฉ ูุชุฑ ุฏู ุชู ุงู ( ูุฑูุฒ ุนูุงุฏ ูุฌูู )'),
(145, 102, 4, 1, 'ูุต ุงูุฑููู ุดูุงู 2ููู ููุงุณ 12ุณู'),
(146, 103, 21, 1, 'ุฎุชู ูุฑุณุชุงู ุจุฏููู ุนูุจุฉ ููุงุณ 50'),
(147, 104, 21, 1, 'ุฎุชู  ูุฑุณุณุชุงู ุจุฏูู ุนูุจุฉ ููุงุณ 40'),
(148, 105, 19, 1, 'ุจูุฑ ููุงุณ 100ร100ุณูู ูุน ุงูุชุฎุฑูู'),
(149, 101, 8, 2, 'ุชุดุฑุชุงุช ูุทู ุงูุนุฏุฏ2 ููุงุณ ุงูุณูุงุฑุญ ููู ุงุณูุฏ'),
(150, 101, 22, 1, 'ุนูู ููู ุชุงุฌ ุงูุฑููู ูุฏูุฉ ุงูุนุฏุฏ 1'),
(151, 106, 21, 1, 'ุฌูุฏุฉ ุฎุชู ูุฑุณุชุงู ููุงุณ 40'),
(153, 108, 19, 1, 'ุณุชููุฑ ููุงุณ 100ร50ุณู'),
(154, 109, 19, 1, 'ุทุจุงุนุฉ ุณุชููุฑ ุนูู ููู ุชุจุนู ุงูุนุฏุฏ 1'),
(155, 107, 21, 1, 'ุฎุชู ูุฑุณุชุงู ุจุฏูู ุนูุจุฉ ููุงุณ 40\r\nุฌูุฏุฉ ุฎุชู ุงูุชููุงุชูู ููุงุณ 40'),
(156, 110, 19, 1, 'ุนูู ุนููุงุช ุงุณุชููุฑ ูุน ุงุจูุณู ููุงุณ 3 ุณู ุงูุนุฏุฏ 3'),
(157, 111, 13, 1, 'ุนูู ุชุตููู ุจุฑูุดูุฑ ุงู ุงุนูุงู '),
(158, 112, 21, 1, 'ุฎุชู ุงูุชูุงุชูู ููุงุณ 40'),
(159, 113, 14, 20, 'ุทุจุงุนุฉููุงุชูุฑ ุงุตู ูุตูุฑุฉ ุงูุนุฏุฏ 20 ุจูู ููู ูุญูู '),
(161, 115, 19, 1, 'ุทุจุงุนุฉ ุณุชููุฑ ุนูู ูููู ููุงุณ 100ร70ุณู'),
(163, 117, 18, 10, 'ุทุจุงุนุฉุฏูุชู ุงู ุนูู ุณูุชูุงุช ูู ุงูุงูุงู ูุงูุฎูู \r\nุณูุชูุงุช ุจุฏูู ุฌููุจ ุงูุนุฏุฏ10'),
(164, 118, 4, 5, 'ูุต ุงูุฑููู 60ร30ุณู ูุน ุฎุฑููู  ุงูุนุฏุฏ5 '),
(165, 119, 19, 1, 'ุทุจุงุนุฉ  ูุงููุณ ููุงุณ 60ร40ุณู'),
(167, 121, 1, 5, 'ุนูู ุจุทุงุฆู ูุฌููู ุงูุนุฏุฏ 5'),
(168, 122, 1, 1, 'ุทุจุงุนุฉ ุจุทุงูุฉ ูุฌู ูุงุญุฏ '),
(169, 123, 19, 1, 'ุจูุฑ ููุงุณ300ร150ุณู'),
(170, 124, 19, 1, 'ุณุชููุฑ ูุน ุงุจูุณู ุงูุนุฏุฏ9'),
(171, 125, 18, 1, 'ุทุจุงุนุฉ ุฏูุชู ุงู ูู ุงูุงูุงู ูุงูุฎูู ุนูู ุชูุดุฑุช ุชุจุนู ุงูุนุฏุฏ 1'),
(172, 126, 19, 2, 'ุทุจุงุนุฉุณุชููุฑ ุนูู ูููู ููุงุณ 70ร45ุณู ุงูุนุฏุฏ 2'),
(173, 127, 18, 12, 'ุทุจุงุนุฉุฏูุชู ุงู ุนูู ูุฑุงูู ุชุจุนู- ุงูุนุฏุฏ12'),
(174, 128, 13, 1, 'ุทุจุงุนุฉ ูููู ููุงุณ A4'),
(175, 129, 19, 2, 'ุทุจุงุนุฉ ุจูุฑ ููุงุณ 100 ุณู ุงูุนุฏุฏ 2'),
(176, 130, 1, 1, 'ุทุจุงุนุฉ ุฏุชู ุงู ุนูู ุญุจุงู ููู ูุญูู ุงูุนุฏุฏ 5'),
(177, 131, 18, 50, 'ุทุจุงุนุฉ ุฏูุชู ุงู ุนูู ุณูุชูุงุช ูุณููุฑู ุจุฏูู ุฌูุจูุจ ุงูุนุฏุฏ 50\r\nููุงุณ ุงูุณูุงุฑุฌ ุงูุนุฏุฏ 25 \r\nููุงุณ ุงุซููู ุงูุณูุงุฑุญ ุงูุนุฏุฏ 25'),
(178, 132, 19, 2, 'ุทุจุงุนุฉุณุชููุฑ ููุงุณ 60ร50ุณู ุงูุนุฏุฏ 2'),
(179, 133, 19, 2, 'ุทุจุงุนุฉ ุณุชููุฑ ููุงุณ100ร100ุณู ุงูุนุฏุฏ2\r\nุณุชููุฑ ููุงุณ 91ร62ุณู ุงูุนุฏุฏ1'),
(180, 134, 19, 1, 'ุทุจุงุนุฉ ุจูุฑ ููุงุณ A2 ูุน ูุฑูู ุญุฏูุฏ '),
(184, 135, 18, 2, 'ุทุจุงุนุฉุฏููู ุงู ุนูู ุณูุชูุงุช ุงุจูุถ ููุงุณ ููุฏูุงู ุงูุนุฏุฏ 2 ุงูุงู ูุฎูู ุจุฏูู ุฌููุจ\r\nููุงุญุฏ ููุงุณ 3ุงูุณูุงุฑุฌ'),
(186, 30, 4, 1, 'ุดูุงู ููุงุณ 25ร17ุณู ุณูุงูุฉ 4 ููู ูุน ุณุชููุฑ ููููุจ'),
(188, 138, 14, 30, 'ุทุจุงุนุฉ ุฑูู ูููู ูููุน  ููุงุณ ุงููุงูู ุงูุนุฏุฏ 30 ูุน ุณููุงู ูููุน'),
(189, 139, 18, 4, 'ุทุจุงุนุฉ ุฏูุชู ุงู ููุงุณ ูุชุฑ ุงูุนุฏุฏ 4'),
(190, 140, 19, 1, 'ุณุชููุฑ ุดูุงู ููููุจ ุนูู ุงูุฑููู ุชุจุนู ููุงุณ 79ร49ุณู'),
(191, 137, 18, 12, 'ุทุจุงุนุฉ ุฏูุชู ุงู ููุงุณ20ร14ุณู ุงูุนุฏุฏ 12 ุญุจู\r\n ุฏูุชู ุงู ููุงุณ 20ุณู ุงุถุงูู'),
(192, 141, 19, 1, 'ูุต ูุชุฑ ุงุณุชููุฑ ูุน ุงููุต '),
(193, 142, 18, 4, 'ุทุจุงุนุฉ ุฏูุชู ุงู ุนูู ุชูุดุฑุชุงุช ุจููู ููู ุงุจูุถ ููุงุณ ูุงุฑุฌ ุงูุนุฏุฏ 2\r\nููุงุณ ููุฏูุงู ุงูุนุฏุฏ 1\r\nูููู ุงุฒุฑู ุจููู ููุงุณ ูุงุฑุฌ ุงูุนุฏุฏ1'),
(194, 116, 6, 1, 'ุทุจุงุนุฉ ุนูู ูุนุฏู ุฐูุจู ููุงุณ 22ร14ุณู ุงูุนุฏุฏ 1'),
(195, 55, 4, 1, 'ุงูุฑููู 4ููู ููุงุณ 50ร25ุณู ุงูุนุฏุฏ 2\r\nุงูุฑููู2ููู ููุงุณ 30ร20ุณู ุงูุนุฏุฏ 3\r\nุงูุฑููู 4 ููู ููุงุณ 50ร30ุณู ุงูุนุฏุฏ 1\r\nุณุชููุฑ ุญูุงูุง ุนุงูุณ ููุงุณ 40ร60ุณู ุงูุนุฏุฏ 2'),
(196, 143, 26, 1, 'ุทุจุงุนุฉุณุชููุฑ ุนูู ูููู ููุงุณ70ร45ุณู'),
(197, 120, 21, 1, 'ุฎุชู ุฎุดุจ ููุงุณ5030'),
(198, 144, 8, 2, 'ุทุจุงุนุฉุฏูุชู ุงู ุนูู ุณูุชูุงุช ุงุจูุถ ูู ุงูุงูุงู ูุงูุฎูู ุจุฏูู ุฌููุจ ุงูุนุฏุฏ 2'),
(200, 146, 21, 1, 'ุฎุชู ูุฑุณุชุงู ุจุฏูู ุนูุจุฉ ููุงุณ 40'),
(201, 147, 1, 1, 'ุทุจุงุนุฉุจุทุงูุฉูุฌู ู ุงุงุญุฏ '),
(202, 148, 19, 1, 'ุทุจุงุนุฉ ุณุชููุฑุงุช ูุน ุงููุต ููุงุณ 2.7ร1.5ุณู ุงูุนุฏุฏ 3 ูุชุฑ'),
(203, 149, 8, 1, 'ุทุจุงุนุฉุฏูุชู ุงู ุนูู ุชูุดุฑุช ุนุงุฏู ููู ุงุณูุฏ ุงูุนุฏุฏ 1 ุงูุงู ูุฎูู'),
(204, 150, 8, 1, 'ุทุจุงุนุฉุณุจููููุดู ุนูู ุชูุดุฑุช ุชุจุนูู ุงูุนุฏุฏ 1'),
(205, 151, 21, 1, 'ุฎุชู ุฎุดุจ ููุงุณ 40'),
(206, 99, 1, 1, 'ุทุจุงุนุฉ ุฏูุชู ุงู ุนูู ุญุจุงู ููู ุงุณูุฏ ุงูุนุฏุฏ 1'),
(207, 152, 13, 1, 'ุชุตููู ุจุฑูุดูุฑ'),
(208, 136, 21, 2, 'ุฎุชู ูุฑุณุชุงู ุจุฏูู ุนูุจุฉ ููุงุณ 45\r\nุฎุชู ูุฑุณุชุงู ุจุฏูู ุนูุจุฉ ููุงุณ 40 ูุณุชุนุฌู'),
(209, 94, 18, 1, 'ุทุจุงุนุฉ ุฏู ุชู ุงู _ ุญุจุฉ ูุงุญุฏุฉ ููุงุณ 9ุณู ( ุงูุฌูุงุฒุงุช) _ '),
(210, 96, 1, 3, 'ุทุจุงุนุฉ ุจุทุงูุฉ ูุฌููู ุงูุนุฏุฏ 3'),
(211, 153, 4, 1, 'ูุต ุงูุฑููู ุดูุงู ููุงุณ 12 ุณู '),
(212, 154, 4, 4, 'ุญูุฑ ุนูู ูุฒุงุฒ '),
(213, 155, 18, 1, 'ุทุจุงุนุฉ ุฏู ุชู ุงู 15 ุณู (ููุฑ ุทูุจุฉ)'),
(214, 156, 4, 1, 'ุนูู ุฎุชู ุงูุฑููู ููุงุณ 12 ุณู'),
(215, 157, 19, 1, 'ุงุณุชููุฑ 150*70 ุนุฏุฏ 2 ( ุจูุชุฒุง ) + ุณุชููุฑ a4 ุนุฏุฏ 1'),
(216, 158, 18, 1, '8*9 ุณู ( ุดุนุงุฑ ุงูุงูุฉ ุทูุจุฉ )ุนุฏุฏ 1'),
(217, 159, 2, 1, 'ุจุฑูุด ุนูู ูุนุฏู ุงุจูุถ ูุน ุงุจูุณู ูุดุจู ูุบูุงุทูุณ _'),
(218, 160, 19, 100, 'ุทุจุงุนุฉ ุงุณุชููุฑ ูุน ุงูุณูููุฉ _ ุนุฏุฏ 100 ุญุจุฉ _ 12-12 ุณู '),
(219, 161, 8, 3, 'ุทุจุงุนุฉ ุฏูุชู ุงู ูู ุงูุงูุงู ูุงูุฎูู ุนูู ุณูุชู ุงุจูุถ ุจุฏูู ุฌููุจ ุงูุนุฏุฏ 3'),
(220, 162, 5, 6, 'ุญูุฑ ุนูู ูุงุณุงุช ูู ุนูุฏูู ุงูุนุฏุฏ 6'),
(221, 163, 1, 5, 'ุทุจุงุนุฉ ุจุทุงุฆู ูุฌู ูุงุญุฏ ุนุฏุฏ 5'),
(222, 164, 21, 1, 'ุฎุชู ุชุฑู 12'),
(223, 165, 21, 1, 'ุฎุชู  ูุฑุณุชุงู ุจุฏูู ุนูุจุฉ ููุงุณ30'),
(224, 166, 19, 500, 'ุทุจุงุนุฉ ุณุชููุฑ ููุงุณ 16ร3ุณู ุงูุนุฏุฏ 500'),
(225, 167, 21, 1, 'ุฎุชู ูุฑุณุชุงู ุจุฏูู ุนูุจุฉ ุฏุงุฆุฑู 4 ุณู'),
(226, 168, 21, 2, '2 ุฎุชู ุชุฑู 12 _ '),
(227, 169, 6, 1, 'ุทุจุงุนุฉ ุน ูุนุฏุง ูู ุนูุฏู ( ุงููุญุงูู ูุฒุงู )'),
(228, 170, 21, 4, 'ุงุฎุชุงู ุงูุชููุงูุชูู ููุงุณ 5535 ุจูุถุงูู ุงูุนุฏุฏ 4'),
(232, 173, 1, 2, 'ุทุจุงุนุฉ ุจุทุงูุชูู ูุฌููู ุงูุนุฏุฏ 2'),
(233, 174, 22, 7, 'ูุต ููู ุชุงุฌ ุนุฏุฏ 7 ุน ูุนุฏู ุงุจูุถ (ุงูุณูุฉ ุงูุนูุงุฑูุฉ )'),
(234, 175, 18, 4, 'ุทุจุงุนุฉ ุฏู ุชู ุงู _ ุนุฏุฏ 4 '),
(235, 176, 18, 1, 'ุทุจุงุนุฉ ูุชุฑ ุฏู ุชู ุงู '),
(236, 172, 21, 1, 'ุฎุชู ูุฑุณุชุงู ุจุนูุจุฉ ููุงุณ5017'),
(237, 177, 18, 1, 'ุทุจุงุนุฉ ุฏู ุชู ุงู _ ุงููุงู ุทูุจุฉ '),
(238, 178, 21, 2, 'ุฎุชููู ุชุฑู12'),
(239, 179, 21, 1, 'ุฎุชู ูุฑุณุชุงู ุจุฏูู ุนูุจุฉ 45 '),
(240, 179, 19, 3, 'ุทุจุงุนุฉ ุงุณุชููุฑ ูุชุฑ *ูุชุฑ '),
(241, 180, 18, 2, 'ุทุจุงุนุฉ ุฏูุชู ุงู ุงูุนุฏุฏ ูุชุฑูู '),
(242, 181, 18, 1, 'ุทุจุงุนุฉ ูุชุฑ ุฏูุชู ุงู '),
(243, 182, 18, 1, 'ูุชุฑ ุฏู ุชู ุงู '),
(244, 183, 21, 1, 'ุฎุชู ุชุฑู11'),
(245, 184, 26, 8, 'ุนูู ููุญุงุช ูุงููุณ ุนุฏุฏ 8 ูุน ุงุนุงุฏุฉ ุชููุฆุฉ ูุจุนุถ ุงูุตูุฑ ูุชุนุฏูููุง '),
(246, 185, 12, 12, 'ุทุจุงุนุฉ  ุนูู ( 6 ููุณุนูุฏูุฉ _ 6 ูุงุฏู ุงูุงูุตุงุฑ) ูุน ูุงุนุฏู ุงูููุฑูู '),
(247, 185, 5, 6, 'ููุจ ุงุจูุถ ูู ุงููุฌููู '),
(248, 185, 15, 2, ' ููู ุงุจูุถ'),
(252, 186, 19, 1, 'ุทุจุงุนุฉ ุจูุฑ ุงุณุชุงูุฏ ุฑูู ุงุจ 85-200 ุณู '),
(253, 186, 19, 1, 'ุทุจุงุนุฉ ุงุณุชููุฑ 100-225'),
(254, 186, 19, 1, 'ุทุจุงุนุฉ ููููุณ 50-150 ุณู '),
(255, 187, 18, 1, 'ุทุจุงุนุฉ ุฏู ุชู ุงู ( 2 ูุงุจ ุงุจูุถ _3 ุงุฒุฑู ) _ ุชูุดูุฑุช ุจุฑุชูุงูู ุจููู ูู ุงูุฌูุชูู ููุงุณ ุงูุณ ูุงุฑุฌ '),
(256, 188, 19, 1, 'ุทุจุงุนุฉ ุงุณุชููุฑ ูุน ุงููุต ุจููุชุฑ 2000 ูู ูู ุดูู'),
(259, 190, 19, 1, 'ุทุจุงุนุฉ ุจูุฑ ููุงุณ '),
(260, 191, 19, 1, 'ุทุจุงุนุฉ ุณุชููุฑ ุดูุงู ููููุจ ููุงุณ60ร65ุณู'),
(261, 192, 19, 1, 'ุทุจุงุนุฉุณุชููุฑ ููุงุณ120ร150ุณู ุงูุนุฏุฏ 1'),
(262, 193, 5, 2, 'ุญูุฑ ุนูู ูุงุณุงุช ูู ุนูุฏู ุงูุนุฏุฏ 2'),
(263, 194, 3, 1, 'ุฏุฑุน ูุฑุณุชุงู ูุณุท ุนุจุฎูููุฉ ูุถู '),
(264, 195, 19, 1, 'ุงุณุชูุฑ ุฏุงุฆุฑู ููุงุณ 4ุณู ุงูุนุฏุฏ 80 ุญุจุฉ '),
(265, 189, 14, 100, 'ุทุจุงุนุฉ ููุงุชูุฑ ููุงุณ22ร14ุณู ุงูุนุฏุฏ100 ููู ูุญูู ุงุตู ูุตูุฑุฉ'),
(266, 145, 18, 950, 'ุทุจุงุนุฉ ุฏููู ุงู ุนูู ุดูุงุท ุชุจุนู ุงูุนุฏุฏ 950'),
(272, 198, 3, 1, 'ุฏุฑุน ูุฑุณุชุงู 13*18 ุณู'),
(277, 197, 18, 3, 'ุทุจุงุนุฉ ุฏู ุชู ุงู ุน ุจููู ุงุฒุฑู + ุณูุชู ุงุณูุฏ + ุณููุชู ูุณููุฑู ( ุฃู ููุงุณ ูุชููุฑ ) ุนููู '),
(278, 197, 1, 5, 'ุทุจุงุนุฉ ุงูุดุนุงุฑ ุน ุญุจู ุงู ุฏู _ ุงู 5 ุฃููุงู ูุชููุฑุฉ _ ุนููุฉ '),
(279, 197, 15, 1, 'ุญูุฑ ุน ููููู ุนููุฉ '),
(280, 197, 11, 1, 'ุทุจุงุนุฉ ุน ููุณ ููุงุด  ูููู _ ุนููุฉ '),
(281, 199, 1, 1, 'ุทุจุงุนุฉ ุจุทุงูุฉ ูุฌู ูุงุญุฏ '),
(282, 200, 26, 1, 'ุทุจุงุนุฉ ุนูู ูููู ููุงุณ60ร40ุณู'),
(284, 202, 18, 1, 'ุทุจุงุนุฉ ุฏูุชู ุงู ุนูู ุณูุชูุงุช ุชุจุนูู'),
(285, 203, 19, 10, 'ุทุจุงุนุฉ ุงุณุชููุฑ ููุงุณ 50-25 ุณู ุนุฏุฏ 10 ุญุจุงุช '),
(286, 204, 22, 1, 'ููู ุชุงุฌ ูุน ุงูููุฑูู ูุงุณุชููุฑ ูุน ุงุจููุณู ูุน ูุดุจู '),
(287, 205, 19, 1, 'ุทุจุงุนุฉ ุจูุฑ ููุงุณ 200*100 \r\nุทุจุงุนุฉ ุจูุฑ ููุงุณ 300*150'),
(288, 206, 18, 1, '30 ุณู ุฏู ุชู ุงู ( ุฑูู 8 ) '),
(289, 207, 12, 1, 'ุทุจุงุนุฉ 4 ุงุนูุงู ูู ุงูุฌูุชูู ูุน ูุงุนุฏุฉ ุงูููุฑูู'),
(290, 208, 5, 1, 'ุทุจุงุนุฉ ูู ูู ุน ุญุงูุธุฉ ุญุฑุงุฑู ูู ุนูุฏู ( ููุฌ )'),
(291, 209, 21, 1, 'ุฎุชู ูุฑูุณุชุงู ููุฒุงุฑ 4ุณู ุฏุงุฆุฑู '),
(294, 196, 18, 1, 'ุทุจุงุนุฉ ุฏู ุชู ุงู ุน 2 ุชู ุดูุฑุช ูู ุงูุงูุงู ูู ุนูุฏู '),
(295, 210, 19, 1, 'ุจุงูุฑ 60*40 ุณู ูุน ุญููุงุช '),
(297, 213, 4, 1, 'ูุต ุงูุฑููู ูุถู ูุงูุน ููุงุณ 15 ุณู '),
(300, 216, 18, 1, 'ุทุจุงุนุฉุฏูุชู ุงู ููุงุณ 190ุณู'),
(307, 219, 1, 1, 'ุทุจุงุนุฉ ุฏุชู ุงู ุนูู ุญุจุงู ููู ุงุณูููููุฏ ุนููู ุงุนูู ุฌูุฏู ู ุงูุทุจุงุนุฉ '),
(308, 219, 21, 1, 'ุฎุชู ุจุงูุชุงุฑูุฎ 4060'),
(310, 220, 19, 100, 'ุณุชููุฑ ูุน ุงุจูุณู ุงูุนุฏุฏ 100 ููุงุณ 3ร1.4ุณู ุชูุฑูุจุง'),
(311, 211, 19, 1, 'ุทุจุงุนุฉ ุงุณุชููุฑ ุนููุงุช ููุงุณ 3/4/5 ุณู ูุน ุงุจููุณู ( ุดุนุงุฑ ูุงุฏู ุงูุงูุตุงุฑ)'),
(312, 211, 3, 10, 'ุฏุฑุน ุงูููุฑูู A5 '),
(314, 221, 18, 1, 'ุทุจุงุนุฉ ูุชุฑ ุฏู ุชู ุงู '),
(315, 221, 18, 1, 'ุทุจุงุนุฉ ูุชุฑ ูููู ( ุนูุฏ ุงูุณูุทุงู)'),
(324, 229, 18, 1, 'ุทุจุงุนุฉ 15 ุณู ุฏู ุงู ูู ( OSAMA TAHA)'),
(326, 231, 19, 1, 'ุทุจุงุนุฉ ุณุชููุฑุงุช ูุน ุงููุต ููุงุณ ูุต ูุชุฑ'),
(332, 235, 19, 1, 'ุทุจุงุนุฉ ุงุณุชููุฑ 270 ุณู '),
(333, 235, 22, 1, ''),
(335, 233, 8, 6, 'ุทุจุงุนุฉุฏูุชู ุงู ูู ุงูุงูุงุงู ูุงูุฎูู ุนูู ุชูุดุฑุชุงุช ููู ุงุณูุฏ ุนุงุฏู ุงูุนุฏุฏ 6'),
(337, 232, 21, 1, 'ุฎุชู ูุฑุณุชุงู ุจุฏูู ุนูุจุฉ ููุงุณ50'),
(338, 230, 1, 1, 'ุทุจุงุนุฉ ุจุทุงูุฉ ูุฌููู \r\nุฎุชู ุชุฑู12\r\nููู ูุฏูุฉ'),
(340, 227, 19, 20, 'ุทุจุงุนุฉ ุณุชูุฑ ูุฑุจุน ููุงุณ25ุณู ุงูุนุฏุฏ20'),
(341, 226, 21, 1, 'ุฎุชู ุชุฑู12'),
(342, 225, 4, 2, 'ูุต ุฎุชู ุงูุฑููู \r\nุนูู ุชุบุฑูุณุฉ ุงูุฑููู ูุถู'),
(343, 224, 2, 2, 'ุนูู ููู ุชุงุฌ ูุน ุงุจูุณู ููุดุจู ุงูุนุฏุฏ 2 '),
(344, 223, 21, 1, 'ุฎุชู ูุฑุณุชุงู ุจุฏูู ุนูุจุฉ ููุงุณ30'),
(345, 222, 8, 5, 'ุทุจุงุนุฉุฏูุชู ุงู ูู ุงูุงูุงู ูุงูุฎูู ุนูู ุชูุดุฑุชุงุช ุงุณูุฏ ุจููู ููุงุณ ุงุซููู ุงูุณูุงุฑุฌ ุงูุนุฏุฏ 5'),
(348, 171, 19, 6, 'ุทุจุงุนุฉ ุจูุฑ ููุงุณ200ร150ุณู 3ูร15= 45\r\nุทุจุงุนุฉุณุชููุฑ ููุงุณ100ร100ุณู ุงูุนุฏุฏ2ู ร 15= 30 \r\nุทุจุงุนุฉุณุชููุฑ ููุงุณ 100ร140ุณู\r\nุณุชููุฑ ููุงุณ190ร100ุณู'),
(349, 201, 19, 1, 'ูุต ุจููุชุฑ ุงุจูุถ ููุงุณ30ร11ุณู\r\nุทุจุงุนุฉ ุณุชููุฑ ููุงุณ24ร10ุณู'),
(350, 236, 19, 1, 'ุทุจุงุนุฉ ุงุณุชููุฑ ุน ูููู _ 45*70 ุณู '),
(353, 239, 8, 9, 'ุทุจุงุนุฉ ุฏูุชู ุงู ูู ุงูุงูุงู ูุงูุฎูู ุนูู  ุชูุดุฑุชุงุช ุชุจุนู ุงูุนุฏุฏ 9'),
(354, 240, 4, 1, 'ูุต ุงูุฑููู ูุถู ููุงุณ15ุณู'),
(355, 234, 19, 1, 'ุชุตููู ูุนูู ุณุชุงูุฏ ุฑูู ุงุจ \r\nุทุจุงุนุฉ ุจุฑูุดูุฑ ุนุฏุฏ 100 ููุงุณ ุงูููุฑ ูุฌู ูุงุญุฏ'),
(356, 217, 18, 1, 'ุทุจุงุนุฉุฏูุชู ุงู ุนูู ุณุฏูุฑู ุชุจุนูู ูู ุงูุฎูู ููุท'),
(357, 215, 13, 1, 'ุงุนุงุฏุฉ ุชุตููู  ุจุฑููุงูู ุงูุดุฑูุฉ '),
(358, 212, 1, 4, 'ุทุจุงุนุฉ 4ุจุทุงูุงุช ูุฌููู _ููุงูุฉ ุตุงูุน ุงูุงุจุฏุงุน'),
(359, 241, 19, 3, 'ุทุจุงุนุฉ ูู ูู ููู ูุชุฑ ูุน ุงููุต ููุงุณ ุงูุญุจุฉ 2.7*1.5 ุณู '),
(361, 242, 1, 2, 'ุทุจุงุนุฉ ุจุทุงูุชูู ุงู ุฏู ูุฌู ูุงุญุฏ + ุงูุชุตููู (ุฌูุนูุฉ ุงูุฑุนุงูุฉ ุงูุตุญูุฉ )'),
(362, 243, 3, 15, 'ุฏุฑุน ูุฑุณุชุงู ูุณุท ุจุฎูููุฉ ุฐูุจู '),
(363, 218, 21, 2, 'ุฎุชู ูุฑุณุชุงู ุจุฏู ุนูุจุฉ ููุงุณ30'),
(364, 237, 18, 6, 'ุทุจุงุนุฉ ุนูู ุชุดุฑุชุงุช ูู ุงูุงูุงู ูุณุงุฑ ููู ุงุณูุฏ ูู ุนูุฏู \r\n'),
(365, 228, 13, 1, 'ูุฑุช ุฏุนูุฉ ูุฌููู ุน ูุฑู ูุฌูุฉ ูููู _ ููุงุณ A6_ ุนุฏุฏ24 ุญุจุฉ'),
(366, 244, 7, 50, 'ูุดุงุญ ููู ุงุจูุถ ุญุฌู ูุณุทยุทุจุงุนุฉยุฌูุชูู'),
(367, 245, 8, 5, 'ุทุจุงุนุฉ ุฏูุชู ุงู ุนูู ุณุฏูุฑูุงุช  ููู ุงุณูุฏ ููุงุณ ุงุซููู ุงูุณูุงุฑุฌ ุงูุนุฏุฏ5'),
(368, 246, 4, 1, 'ุนูู ุฎุชู ุงูุฑููู ููุงุณ 12 ุณู'),
(369, 247, 5, 1, 'ุญูุฑ ุนูู ูุงุณุงุช ุงูุนุฏุฏ 2'),
(370, 248, 21, 1, 'ุฎุชู ุงูุชููุงุชูู ููุงุณ40'),
(372, 250, 19, 1, 'ูุชุฑ ุงุณุชููุฑ ูุน ุงููุต ุจููุชุฑ'),
(373, 249, 13, 28, 'ุทุจุงุนุฉ ุดูุงุฆุฏ ุงูุนุฏุฏ28'),
(374, 251, 4, 1, 'ูุต ุงูููุฑูู ุดูุงู 3ููู ูุน ุฎุฑููู ูู ุงูุงุนูู _ ูุน ุทุจุงุนู ูููู ุนูุฏ ุงุจู ูุงูู '),
(375, 238, 8, 1, 'ุทุจุงุนุฉ ุฏูุชู ุงู ูู ุงูุงูุงู ูุงูุฎูู ุนูู ุณูุชู ุงุจูุถ ุจุฏูู ุฌููุจ ููุงุณ ุงูุณูุงุฑุฌ ุงูุนุฏุฏ 1'),
(376, 252, 18, 2, 'ุทุจุงุนุฉ ุน ุณููุชู ุงุจูุถ ุจุฏูู ุฌููุจ ูู ุงูุฌูุชูู _ (xl)(4xl)ุญุจู ูู ูู ููุงุณ + ุชุนุฏูู ุนูู 4 ุณุฏูุฑู'),
(378, 253, 19, 20, 'ุทุจุงุนุฉ ุงุณุชููุฑ ูุน ุงููุต ููุงุณ 15*13.3 ุณู (ูุนููุฉ)'),
(379, 254, 1, 4, 'ุทุจุงุนุฉ ุจุทุงูู ูุฌููู (ูุฌููุฑุงุช ููุตูุฑ ุดูุงู )'),
(380, 255, 16, 1, 'ุชุตููู ุดุนุงุฑ');

-- --------------------------------------------------------

--
-- ุจููุฉ ุงูุฌุฏูู `products`
--

CREATE TABLE `products` (
  `product_id` int(11) NOT NULL,
  `name` varchar(100) NOT NULL,
  `default_size` varchar(50) DEFAULT NULL,
  `default_material` varchar(50) DEFAULT NULL,
  `default_details` text DEFAULT NULL
) ENGINE=InnoDB DEFAULT CHARSET=utf8mb4 COLLATE=utf8mb4_general_ci;

--
-- ุฅุฑุฌุงุน ุฃู ุงุณุชูุฑุงุฏ ุจูุงูุงุช ุงูุฌุฏูู `products`
--

INSERT INTO `products` (`product_id`, `name`, `default_size`, `default_material`, `default_details`) VALUES
(1, 'ุจุทุงูุงุช ุงูุนูู ID  ', '5,6ร8,8ุณู', 'ุจูุงุณุชูู ', 'ุชุตููู ูู ุงูููุงูุฉ'),
(2, 'ุงูุจุงุฌุงุช', 'ุญุณุจ ุงูุทูุจ', 'ูุนุฏู - ุงูุฑููู - ', ''),
(3, 'ุฏุฑูุน', 'ุญุณุจ ุงูุทูุจ', 'ูุฑุณุชุงู - ุฎุดุจ - ุงูุฑููู - ูุทููุฉ - ุนูุจ', ''),
(4, 'ุงูุงูุฑููู', 'ุญุณุจ ุงูุทูุจ', 'ุงูุฑููู', ''),
(5, 'ุงููุงุณุงุช', '18ร8ุณู ', 'ุณุฑุงููู', ''),
(6, 'ุทุจุงุนุฉ ูุนุฏู', 'ุญุณุจ ุงูุทูุจ', 'ูุนุฏู ุณุจูููุดู', ''),
(7, 'ุงููุดุงุญุงุช', '', 'ููุงุด', ''),
(8, 'ุชุดุฑุชุงุช', 'ุญุณุจ ุงูุทูุจ', 'ููุงุด', ''),
(9, 'ูุงุจุงุช', '10ร5', 'ููุงุด', ''),
(10, 'ููุฏุงููุงุช ', 'ุญุณุจ ุงูุทูุจ', 'ูุนุฏู', ''),
(11, 'ุงูุงููุงุณ', 'ุญุณุจ ุง ูุทูุจ', 'ููุงุด - ูุฑู', ''),
(12, 'ุงูุงุนูุงู', 'ุญุณุจ ุงูุทูุจ', 'ููุงุด', ''),
(13, 'ุงูุทุจุงุนุฉ ุงูุฑูููุฉ', 'ุญุณุจ ุงูุทูุจ', 'ูุฑู', ''),
(14, 'ุงูุงููุณุช', 'ุญุณุจ ุงูุทูุจ', 'ูุฑู', ''),
(15, 'ุงูุงููุงู', 'ุญุณุจ ุงูุทูุจ', '', ''),
(16, 'ุงูุดุนุงุฑุงุช', 'ุญุณุจ ุงูุทูุจ', '', ''),
(17, 'ุงููุฏูู', '', '', ''),
(18, 'ุฏู ุชู ุงู DIF', '', 'ุฑูู', ''),
(19, 'ุงุณุชูุฑ ูุจูุฑ', 'ุญุณุจ ุงูุทูุจ', '', ''),
(20, 'ูุถูุงุช ุงูุณูุงุฑุงุช', 'ุงููุฌู ุงููุงุญุฏ 28 ุนุฑุถ', 'ููุงุด', ''),
(21, 'ุงุฎุชุงู', 'ุญุณุจ ุงูุทูุจ', '', ''),
(22, 'ููู ุชุงุฌ', '6*2 ุณู', '', ''),
(26, 'ููุญุงุช', '', '', '');

-- --------------------------------------------------------

--
-- ุจููุฉ ุงูุฌุฏูู `push_subscriptions`
--

CREATE TABLE `push_subscriptions` (
  `id` int(11) NOT NULL,
  `employee_id` int(11) NOT NULL,
  `endpoint` text NOT NULL,
  `p256dh` varchar(255) NOT NULL,
  `auth` varchar(255) NOT NULL,
  `created_at` timestamp NOT NULL DEFAULT current_timestamp()
) ENGINE=InnoDB DEFAULT CHARSET=utf8mb4 COLLATE=utf8mb4_general_ci;

--
-- ุฅุฑุฌุงุน ุฃู ุงุณุชูุฑุงุฏ ุจูุงูุงุช ุงูุฌุฏูู `push_subscriptions`
--

INSERT INTO `push_subscriptions` (`id`, `employee_id`, `endpoint`, `p256dh`, `auth`, `created_at`) VALUES
(1, 1, 'https://fcm.googleapis.com/fcm/send/d8O_6m1PSw4:APA91bFmaArfWRcitTjoxTujhmrSpmNuwqOCPvKSXsWw0jCgAivuGx4vgGiv_wcspExQeSwQ-VIJQRB8gZ7OKpciYXDYkc0jyhjxxzkk19H1iThEAd0SnpWYOzR5KZ_2yR4QZFDsqExU', 'BB67Q-qw_ETizPY-nqMW1s1RnG7kJc265x7xKDreFY3id3WjyntavZxk34qznXutxJk0Fx7u7vqAzrszOjQdacU', 'rEjsLdVoWk7401oSVp50-g', '2025-07-15 03:41:56'),
(826, 1, 'https://fcm.googleapis.com/fcm/send/dEGYSOvqRLg:APA91bHJOmRhzN5kUyeF8zuRPxgeeTsRsvUgwPe1eKSnfY0hsk-tEt-8QEqpIGAFTLgooaGUmkjslP6RyVb4J7dk9aFsf27lIbiyn5Rh1uuMqC9M4Dtx6ukUqkyIBqnCqCR6yzVbRG4q', 'BIvc8fsg__mKIOwjgpVZV28AW2I5zVA4mEiJaH_MoG8_VTcf82ToVkpGWWOZA93Tjupl5FjKYCB9237WvYCugaI', 'ffy8v127mv4pip5aF8LpgA', '2025-07-18 23:04:12'),
(827, 6, 'https://updates.push.services.mozilla.com/wpush/v2/gAAAAABoj3rgJm2ZWl0sScZM5O1wkqYbaWhcdL_6D1r7ULVe3Vq_eFnduUKPSAbcPBn4iNrTuVeMw7fPwyGQUyEEukReKgec8eoOGkbfl_uaFo5qEDdPxtKAzAnKLfM8ss7SBvm9RRY3KTY_263p9mUov1wnSUrmO50TfRvk21zuE-Wl_CKAOxY', 'BGiZ16XFRofDFKoeJpTVwutWUDKNf3nQiOIdapfrRNxRcwhHhTW7MoWMRfO5RnAwzMMDHqBuui1tZXPG7DpTGXQ', '23RJt85bQ9oobvXkCncy0A', '2025-08-03 15:06:08');

--
-- Indexes for dumped tables
--

--
-- ููุงุฑุณ ููุฌุฏูู `clients`
--
ALTER TABLE `clients`
  ADD PRIMARY KEY (`client_id`),
  ADD KEY `company_name_idx` (`company_name`);

--
-- ููุงุฑุณ ููุฌุฏูู `employees`
--
ALTER TABLE `employees`
  ADD PRIMARY KEY (`employee_id`),
  ADD KEY `role_idx` (`role`);

--
-- ููุงุฑุณ ููุฌุฏูู `employee_permissions`
--
ALTER TABLE `employee_permissions`
  ADD PRIMARY KEY (`employee_id`,`permission_key`);

--
-- ููุงุฑุณ ููุฌุฏูู `notifications`
--
ALTER TABLE `notifications`
  ADD PRIMARY KEY (`notification_id`),
  ADD KEY `employee_id_idx` (`employee_id`),
  ADD KEY `is_read_idx` (`is_read`);

--
-- ููุงุฑุณ ููุฌุฏูู `orders`
--
ALTER TABLE `orders`
  ADD PRIMARY KEY (`order_id`),
  ADD KEY `workshop_id` (`workshop_id`),
  ADD KEY `client_id_idx` (`client_id`),
  ADD KEY `designer_id_idx` (`designer_id`),
  ADD KEY `status_idx` (`status`),
  ADD KEY `due_date_idx` (`due_date`),
  ADD KEY `payment_status_idx` (`payment_status`),
  ADD KEY `fk_orders_creator` (`created_by`);

--
-- ููุงุฑุณ ููุฌุฏูู `order_items`
--
ALTER TABLE `order_items`
  ADD PRIMARY KEY (`order_item_id`),
  ADD KEY `order_id` (`order_id`),
  ADD KEY `product_id` (`product_id`),
  ADD KEY `order_id_idx` (`order_id`);

--
-- ููุงุฑุณ ููุฌุฏูู `products`
--
ALTER TABLE `products`
  ADD PRIMARY KEY (`product_id`);

--
-- ููุงุฑุณ ููุฌุฏูู `push_subscriptions`
--
ALTER TABLE `push_subscriptions`
  ADD PRIMARY KEY (`id`),
  ADD UNIQUE KEY `endpoint_unique` (`endpoint`(255)),
  ADD KEY `employee_id` (`employee_id`);

--
-- AUTO_INCREMENT for dumped tables
--

--
-- AUTO_INCREMENT for table `clients`
--
ALTER TABLE `clients`
  MODIFY `client_id` int(11) NOT NULL AUTO_INCREMENT, AUTO_INCREMENT=178;

--
-- AUTO_INCREMENT for table `employees`
--
ALTER TABLE `employees`
  MODIFY `employee_id` int(11) NOT NULL AUTO_INCREMENT, AUTO_INCREMENT=8;

--
-- AUTO_INCREMENT for table `notifications`
--
ALTER TABLE `notifications`
  MODIFY `notification_id` int(11) NOT NULL AUTO_INCREMENT, AUTO_INCREMENT=1985;

--
-- AUTO_INCREMENT for table `orders`
--
ALTER TABLE `orders`
  MODIFY `order_id` int(11) NOT NULL AUTO_INCREMENT, AUTO_INCREMENT=256;

--
-- AUTO_INCREMENT for table `order_items`
--
ALTER TABLE `order_items`
  MODIFY `order_item_id` int(11) NOT NULL AUTO_INCREMENT, AUTO_INCREMENT=381;

--
-- AUTO_INCREMENT for table `products`
--
ALTER TABLE `products`
  MODIFY `product_id` int(11) NOT NULL AUTO_INCREMENT, AUTO_INCREMENT=27;

--
-- AUTO_INCREMENT for table `push_subscriptions`
--
ALTER TABLE `push_subscriptions`
  MODIFY `id` int(11) NOT NULL AUTO_INCREMENT, AUTO_INCREMENT=1588;

--
-- ุงููููุฏ ุงูููุฑูุถุฉ ุนูู ุงูุฌุฏุงูู ุงููููุงุฉ
--

--
-- ูููุฏ ุงูุฌุฏุงูู `employee_permissions`
--
ALTER TABLE `employee_permissions`
  ADD CONSTRAINT `employee_permissions_ibfk_1` FOREIGN KEY (`employee_id`) REFERENCES `employees` (`employee_id`) ON DELETE CASCADE;

--
-- ูููุฏ ุงูุฌุฏุงูู `notifications`
--
ALTER TABLE `notifications`
  ADD CONSTRAINT `fk_notifications_employee` FOREIGN KEY (`employee_id`) REFERENCES `employees` (`employee_id`) ON DELETE CASCADE;

--
-- ูููุฏ ุงูุฌุฏุงูู `orders`
--
ALTER TABLE `orders`
  ADD CONSTRAINT `fk_orders_client` FOREIGN KEY (`client_id`) REFERENCES `clients` (`client_id`),
  ADD CONSTRAINT `fk_orders_creator` FOREIGN KEY (`created_by`) REFERENCES `employees` (`employee_id`),
  ADD CONSTRAINT `fk_orders_designer` FOREIGN KEY (`designer_id`) REFERENCES `employees` (`employee_id`) ON DELETE SET NULL,
  ADD CONSTRAINT `orders_ibfk_1` FOREIGN KEY (`client_id`) REFERENCES `clients` (`client_id`),
  ADD CONSTRAINT `orders_ibfk_3` FOREIGN KEY (`designer_id`) REFERENCES `employees` (`employee_id`),
  ADD CONSTRAINT `orders_ibfk_4` FOREIGN KEY (`workshop_id`) REFERENCES `employees` (`employee_id`),
  ADD CONSTRAINT `orders_ibfk_5` FOREIGN KEY (`created_by`) REFERENCES `employees` (`employee_id`);

--
-- ูููุฏ ุงูุฌุฏุงูู `order_items`
--
ALTER TABLE `order_items`
  ADD CONSTRAINT `fk_items_order` FOREIGN KEY (`order_id`) REFERENCES `orders` (`order_id`) ON DELETE CASCADE,
  ADD CONSTRAINT `fk_items_product` FOREIGN KEY (`product_id`) REFERENCES `products` (`product_id`),
  ADD CONSTRAINT `order_items_ibfk_1` FOREIGN KEY (`order_id`) REFERENCES `orders` (`order_id`) ON DELETE CASCADE,
  ADD CONSTRAINT `order_items_ibfk_2` FOREIGN KEY (`product_id`) REFERENCES `products` (`product_id`);

--
-- ูููุฏ ุงูุฌุฏุงูู `push_subscriptions`
--
ALTER TABLE `push_subscriptions`
  ADD CONSTRAINT `push_subscriptions_ibfk_1` FOREIGN KEY (`employee_id`) REFERENCES `employees` (`employee_id`) ON DELETE CASCADE;
COMMIT;

/*!40101 SET CHARACTER_SET_CLIENT=@OLD_CHARACTER_SET_CLIENT */;
/*!40101 SET CHARACTER_SET_RESULTS=@OLD_CHARACTER_SET_RESULTS */;
/*!40101 SET COLLATION_CONNECTION=@OLD_COLLATION_CONNECTION */;
